ticket_id,basket_id,timestamp,product,category,quantity,store
TCK-70000,BASK-0,2025-08-29 16:40:26,Lechuga,Verduras,1,HiperDino-SietePalmas
TCK-70000,BASK-0,2025-08-29 16:40:26,Guacamole refrigerado,Refrigerados,3,HiperDino-SietePalmas
TCK-70000,BASK-0,2025-08-29 16:40:26,Salsa mexicana,Salsas,2,HiperDino-SietePalmas
TCK-70000,BASK-0,2025-08-29 16:40:26,Salsa de tomate,Conservas,2,HiperDino-SietePalmas
TCK-70001,BASK-1,2025-04-03 14:33:26,Manzanas,Frutas,3,Mercadona-Triana
TCK-70001,BASK-1,2025-04-03 14:33:26,Pan de hamburguesa,Panadería,1,Mercadona-Triana
TCK-70001,BASK-1,2025-04-03 14:33:26,Queso curado,Lácteos,2,Mercadona-Triana
TCK-70001,BASK-1,2025-04-03 14:33:26,Café molido,Bebidas,3,Mercadona-Triana
TCK-70001,BASK-1,2025-04-03 14:33:26,Galletas,Dulces,2,Mercadona-Triana
TCK-70001,BASK-1,2025-04-03 14:33:26,Pañales,Bebé,3,Mercadona-Triana
TCK-70002,BASK-2,2024-12-12 16:30:26,Pan de hamburguesa,Panadería,3,SPAR-Telde
TCK-70002,BASK-2,2024-12-12 16:30:26,Patatas fritas bolsa,Snacks,2,SPAR-Telde
TCK-70002,BASK-2,2024-12-12 16:30:26,Tomates,Verduras,2,SPAR-Telde
TCK-70002,BASK-2,2024-12-12 16:30:26,Arroz,Cereales,2,SPAR-Telde
TCK-70002,BASK-2,2024-12-12 16:30:26,Nachos de maíz,Snacks,3,SPAR-Telde
TCK-70002,BASK-2,2024-12-12 16:30:26,Pañales,Bebé,3,SPAR-Telde
TCK-70003,BASK-3,2025-10-16 14:48:26,Plátanos,Frutas,3,Mercadona-Triana
TCK-70003,BASK-3,2025-10-16 14:48:26,Patatas fritas bolsa,Snacks,3,Mercadona-Triana
TCK-70003,BASK-3,2025-10-16 14:48:26,Tomates,Verduras,3,Mercadona-Triana
TCK-70003,BASK-3,2025-10-16 14:48:26,Pizza congelada,Congelados,3,Mercadona-Triana
TCK-70003,BASK-3,2025-10-16 14:48:26,Helado de vainilla,Congelados,3,Mercadona-Triana
TCK-70003,BASK-3,2025-10-16 14:48:26,Nachos de maíz,Snacks,2,Mercadona-Triana
TCK-70003,BASK-3,2025-10-16 14:48:26,Leche entera,Lácteos,2,Mercadona-Triana
TCK-70003,BASK-3,2025-10-16 14:48:26,Cerveza,Bebidas,3,Mercadona-Triana
TCK-70004,BASK-4,2025-08-22 22:00:26,Cereal de desayuno,Cereales,2,HiperDino-SietePalmas
TCK-70004,BASK-4,2025-08-22 22:00:26,Carne picada,Carnicería,3,HiperDino-SietePalmas
TCK-70004,BASK-4,2025-08-22 22:00:26,Patatas fritas bolsa,Snacks,1,HiperDino-SietePalmas
TCK-70004,BASK-4,2025-08-22 22:00:26,Tomates,Verduras,3,HiperDino-SietePalmas
TCK-70004,BASK-4,2025-08-22 22:00:26,Lechuga,Verduras,2,HiperDino-SietePalmas
TCK-70004,BASK-4,2025-08-22 22:00:26,Huevos,Lácteos,3,HiperDino-SietePalmas
TCK-70004,BASK-4,2025-08-22 22:00:26,Vino tinto,Bebidas,2,HiperDino-SietePalmas
TCK-70004,BASK-4,2025-08-22 22:00:26,Galletas,Dulces,1,HiperDino-SietePalmas
TCK-70004,BASK-4,2025-08-22 22:00:26,ColaCao,Bebidas,2,HiperDino-SietePalmas
TCK-70004,BASK-4,2025-08-22 22:00:26,Pañales,Bebé,2,HiperDino-SietePalmas
TCK-70005,BASK-5,2025-08-03 19:25:26,Manzanas,Frutas,1,SPAR-Vegueta
TCK-70005,BASK-5,2025-08-03 19:25:26,Huevos,Lácteos,3,SPAR-Vegueta
TCK-70005,BASK-5,2025-08-03 19:25:26,Guacamole refrigerado,Refrigerados,3,SPAR-Vegueta
TCK-70005,BASK-5,2025-08-03 19:25:26,Café molido,Bebidas,3,SPAR-Vegueta
TCK-70005,BASK-5,2025-08-03 19:25:26,Vino tinto,Bebidas,1,SPAR-Vegueta
TCK-70006,BASK-6,2025-02-16 20:14:26,Pasta,Cereales,2,SPAR-Vegueta
TCK-70006,BASK-6,2025-02-16 20:14:26,Pechuga de pollo,Carnicería,1,SPAR-Vegueta
TCK-70006,BASK-6,2025-02-16 20:14:26,Patatas fritas bolsa,Snacks,2,SPAR-Vegueta
TCK-70006,BASK-6,2025-02-16 20:14:26,Plátanos,Frutas,1,SPAR-Vegueta
TCK-70006,BASK-6,2025-02-16 20:14:26,Mermelada de fresa,Conservas,3,SPAR-Vegueta
TCK-70006,BASK-6,2025-02-16 20:14:26,Salsa mexicana,Salsas,2,SPAR-Vegueta
TCK-70006,BASK-6,2025-02-16 20:14:26,Queso curado,Lácteos,2,SPAR-Vegueta
TCK-70006,BASK-6,2025-02-16 20:14:26,Café molido,Bebidas,3,SPAR-Vegueta
TCK-70006,BASK-6,2025-02-16 20:14:26,Refresco cola,Bebidas,3,SPAR-Vegueta
TCK-70006,BASK-6,2025-02-16 20:14:26,ColaCao,Bebidas,2,SPAR-Vegueta
TCK-70007,BASK-7,2025-01-02 15:04:26,Tomates,Verduras,3,SPAR-Telde
TCK-70007,BASK-7,2025-01-02 15:04:26,Aceite de oliva,Aceites,2,SPAR-Telde
TCK-70007,BASK-7,2025-01-02 15:04:26,Arroz,Cereales,1,SPAR-Telde
TCK-70007,BASK-7,2025-01-02 15:04:26,Queso curado,Lácteos,3,SPAR-Telde
TCK-70007,BASK-7,2025-01-02 15:04:26,Café molido,Bebidas,3,SPAR-Telde
TCK-70007,BASK-7,2025-01-02 15:04:26,Leche entera,Lácteos,3,SPAR-Telde
TCK-70007,BASK-7,2025-01-02 15:04:26,Cerveza,Bebidas,1,SPAR-Telde
TCK-70007,BASK-7,2025-01-02 15:04:26,Pizza congelada,Congelados,2,SPAR-Telde
TCK-70008,BASK-8,2025-11-01 13:14:26,Pasta,Cereales,3,SPAR-Telde
TCK-70008,BASK-8,2025-11-01 13:14:26,Pechuga de pollo,Carnicería,1,SPAR-Telde
TCK-70008,BASK-8,2025-11-01 13:14:26,Salsa de tomate,Conservas,1,SPAR-Telde
TCK-70008,BASK-8,2025-11-01 13:14:26,Aceite de oliva,Aceites,2,SPAR-Telde
TCK-70008,BASK-8,2025-11-01 13:14:26,Arroz,Cereales,2,SPAR-Telde
TCK-70008,BASK-8,2025-11-01 13:14:26,Pan de barra,Panadería,2,SPAR-Telde
TCK-70008,BASK-8,2025-11-01 13:14:26,Vino tinto,Bebidas,3,SPAR-Telde
TCK-70008,BASK-8,2025-11-01 13:14:26,ColaCao,Bebidas,3,SPAR-Telde
TCK-70009,BASK-9,2025-10-21 22:38:26,Helado de vainilla,Congelados,3,SPAR-Telde
TCK-70009,BASK-9,2025-10-21 22:38:26,Pan de hamburguesa,Panadería,2,SPAR-Telde
TCK-70009,BASK-9,2025-10-21 22:38:26,ColaCao,Bebidas,1,SPAR-Telde
TCK-70009,BASK-9,2025-10-21 22:38:26,Tomates,Verduras,1,SPAR-Telde
TCK-70010,BASK-10,2025-04-01 14:09:26,Mermelada de fresa,Conservas,1,SPAR-Vegueta
TCK-70010,BASK-10,2025-04-01 14:09:26,Salsa mexicana,Salsas,3,SPAR-Vegueta
TCK-70010,BASK-10,2025-04-01 14:09:26,Lechuga,Verduras,2,SPAR-Vegueta
TCK-70010,BASK-10,2025-04-01 14:09:26,Queso curado,Lácteos,3,SPAR-Vegueta
TCK-70010,BASK-10,2025-04-01 14:09:26,Nachos de maíz,Snacks,2,SPAR-Vegueta
TCK-70010,BASK-10,2025-04-01 14:09:26,Guacamole refrigerado,Refrigerados,3,SPAR-Vegueta
TCK-70010,BASK-10,2025-04-01 14:09:26,Galletas,Dulces,1,SPAR-Vegueta
TCK-70010,BASK-10,2025-04-01 14:09:26,Pan de molde,Panadería,1,SPAR-Vegueta
TCK-70011,BASK-11,2025-02-04 23:11:26,Pasta,Cereales,3,HiperDino-SietePalmas
TCK-70011,BASK-11,2025-02-04 23:11:26,Salsa de tomate,Conservas,1,HiperDino-SietePalmas
TCK-70011,BASK-11,2025-02-04 23:11:26,Mermelada de fresa,Conservas,2,HiperDino-SietePalmas
TCK-70011,BASK-11,2025-02-04 23:11:26,Pan de barra,Panadería,2,HiperDino-SietePalmas
TCK-70011,BASK-11,2025-02-04 23:11:26,Mantequilla,Lácteos,2,HiperDino-SietePalmas
TCK-70011,BASK-11,2025-02-04 23:11:26,Leche entera,Lácteos,1,HiperDino-SietePalmas
TCK-70011,BASK-11,2025-02-04 23:11:26,ColaCao,Bebidas,1,HiperDino-SietePalmas
TCK-70012,BASK-12,2025-06-15 16:52:26,Pasta,Cereales,3,Mercadona-Triana
TCK-70012,BASK-12,2025-06-15 16:52:26,Plátanos,Frutas,1,Mercadona-Triana
TCK-70012,BASK-12,2025-06-15 16:52:26,Salsa de tomate,Conservas,1,Mercadona-Triana
TCK-70012,BASK-12,2025-06-15 16:52:26,Patatas fritas bolsa,Snacks,3,Mercadona-Triana
TCK-70012,BASK-12,2025-06-15 16:52:26,Mantequilla,Lácteos,3,Mercadona-Triana
TCK-70012,BASK-12,2025-06-15 16:52:26,Huevos,Lácteos,1,Mercadona-Triana
TCK-70012,BASK-12,2025-06-15 16:52:26,Café molido,Bebidas,2,Mercadona-Triana
TCK-70012,BASK-12,2025-06-15 16:52:26,Galletas,Dulces,1,Mercadona-Triana
TCK-70013,BASK-13,2025-01-26 17:55:26,Cereal de desayuno,Cereales,1,SPAR-Vegueta
TCK-70013,BASK-13,2025-01-26 17:55:26,Carne picada,Carnicería,2,SPAR-Vegueta
TCK-70013,BASK-13,2025-01-26 17:55:26,Yogur natural,Lácteos,3,SPAR-Vegueta
TCK-70013,BASK-13,2025-01-26 17:55:26,Leche entera,Lácteos,2,SPAR-Vegueta
TCK-70014,BASK-14,2025-11-05 20:45:26,Manzanas,Frutas,1,SPAR-Vegueta
TCK-70014,BASK-14,2025-11-05 20:45:26,Pan de hamburguesa,Panadería,3,SPAR-Vegueta
TCK-70014,BASK-14,2025-11-05 20:45:26,Salsa de tomate,Conservas,1,SPAR-Vegueta
TCK-70014,BASK-14,2025-11-05 20:45:26,Plátanos,Frutas,3,SPAR-Vegueta
TCK-70014,BASK-14,2025-11-05 20:45:26,Mermelada de fresa,Conservas,3,SPAR-Vegueta
TCK-70014,BASK-14,2025-11-05 20:45:26,Yogur natural,Lácteos,2,SPAR-Vegueta
TCK-70014,BASK-14,2025-11-05 20:45:26,Vino tinto,Bebidas,3,SPAR-Vegueta
TCK-70014,BASK-14,2025-11-05 20:45:26,Pan de molde,Panadería,3,SPAR-Vegueta
TCK-70014,BASK-14,2025-11-05 20:45:26,Pizza congelada,Congelados,2,SPAR-Vegueta
TCK-70015,BASK-15,2025-02-28 16:44:26,Cereal de desayuno,Cereales,3,HiperDino-SietePalmas
TCK-70015,BASK-15,2025-02-28 16:44:26,Manzanas,Frutas,3,HiperDino-SietePalmas
TCK-70015,BASK-15,2025-02-28 16:44:26,Salsa de tomate,Conservas,2,HiperDino-SietePalmas
TCK-70015,BASK-15,2025-02-28 16:44:26,Lechuga,Verduras,3,HiperDino-SietePalmas
TCK-70015,BASK-15,2025-02-28 16:44:26,Salsa mexicana,Salsas,1,HiperDino-SietePalmas
TCK-70015,BASK-15,2025-02-28 16:44:26,Arroz,Cereales,2,HiperDino-SietePalmas
TCK-70015,BASK-15,2025-02-28 16:44:26,Queso curado,Lácteos,3,HiperDino-SietePalmas
TCK-70015,BASK-15,2025-02-28 16:44:26,Helado de vainilla,Congelados,3,HiperDino-SietePalmas
TCK-70015,BASK-15,2025-02-28 16:44:26,Huevos,Lácteos,1,HiperDino-SietePalmas
TCK-70015,BASK-15,2025-02-28 16:44:26,Vino tinto,Bebidas,3,HiperDino-SietePalmas
TCK-70016,BASK-16,2025-05-02 15:33:26,Pasta,Cereales,1,SPAR-Telde
TCK-70016,BASK-16,2025-05-02 15:33:26,Salsa de tomate,Conservas,1,SPAR-Telde
TCK-70016,BASK-16,2025-05-02 15:33:26,Aceite de oliva,Aceites,3,SPAR-Telde
TCK-70016,BASK-16,2025-05-02 15:33:26,Salsa mexicana,Salsas,3,SPAR-Telde
TCK-70016,BASK-16,2025-05-02 15:33:26,Lechuga,Verduras,2,SPAR-Telde
TCK-70016,BASK-16,2025-05-02 15:33:26,Arroz,Cereales,2,SPAR-Telde
TCK-70016,BASK-16,2025-05-02 15:33:26,Yogur natural,Lácteos,3,SPAR-Telde
TCK-70016,BASK-16,2025-05-02 15:33:26,Queso curado,Lácteos,1,SPAR-Telde
TCK-70017,BASK-17,2024-12-07 20:57:26,Cereal de desayuno,Cereales,3,Mercadona-Triana
TCK-70017,BASK-17,2024-12-07 20:57:26,Patatas fritas bolsa,Snacks,2,Mercadona-Triana
TCK-70017,BASK-17,2024-12-07 20:57:26,Aceite de oliva,Aceites,1,Mercadona-Triana
TCK-70017,BASK-17,2024-12-07 20:57:26,Nachos de maíz,Snacks,2,Mercadona-Triana
TCK-70017,BASK-17,2024-12-07 20:57:26,Café molido,Bebidas,2,Mercadona-Triana
TCK-70017,BASK-17,2024-12-07 20:57:26,Guacamole refrigerado,Refrigerados,1,Mercadona-Triana
TCK-70017,BASK-17,2024-12-07 20:57:26,Vino tinto,Bebidas,3,Mercadona-Triana
TCK-70017,BASK-17,2024-12-07 20:57:26,Galletas,Dulces,2,Mercadona-Triana
TCK-70017,BASK-17,2024-12-07 20:57:26,ColaCao,Bebidas,1,Mercadona-Triana
TCK-70017,BASK-17,2024-12-07 20:57:26,Pizza congelada,Congelados,2,Mercadona-Triana
TCK-70018,BASK-18,2025-03-14 22:56:26,Patatas fritas bolsa,Snacks,2,SPAR-Vegueta
TCK-70018,BASK-18,2025-03-14 22:56:26,Yogur natural,Lácteos,1,SPAR-Vegueta
TCK-70018,BASK-18,2025-03-14 22:56:26,Refresco cola,Bebidas,2,SPAR-Vegueta
TCK-70018,BASK-18,2025-03-14 22:56:26,Vino tinto,Bebidas,2,SPAR-Vegueta
TCK-70018,BASK-18,2025-03-14 22:56:26,Pizza congelada,Congelados,2,SPAR-Vegueta
TCK-70019,BASK-19,2025-08-01 14:31:26,Pasta,Cereales,2,Mercadona-Triana
TCK-70019,BASK-19,2025-08-01 14:31:26,Pechuga de pollo,Carnicería,3,Mercadona-Triana
TCK-70019,BASK-19,2025-08-01 14:31:26,Salsa de tomate,Conservas,3,Mercadona-Triana
TCK-70019,BASK-19,2025-08-01 14:31:26,Aceite de oliva,Aceites,2,Mercadona-Triana
TCK-70019,BASK-19,2025-08-01 14:31:26,Galletas,Dulces,1,Mercadona-Triana
TCK-70019,BASK-19,2025-08-01 14:31:26,Pan de molde,Panadería,3,Mercadona-Triana
TCK-70019,BASK-19,2025-08-01 14:31:26,Pañales,Bebé,1,Mercadona-Triana
TCK-70020,BASK-20,2025-01-17 15:55:26,Cereal de desayuno,Cereales,2,SPAR-Telde
TCK-70020,BASK-20,2025-01-17 15:55:26,Salsa mexicana,Salsas,3,SPAR-Telde
TCK-70020,BASK-20,2025-01-17 15:55:26,Queso curado,Lácteos,2,SPAR-Telde
TCK-70020,BASK-20,2025-01-17 15:55:26,Leche entera,Lácteos,3,SPAR-Telde
TCK-70020,BASK-20,2025-01-17 15:55:26,Vino tinto,Bebidas,3,SPAR-Telde
TCK-70021,BASK-21,2025-10-27 22:28:26,Plátanos,Frutas,3,Mercadona-Triana
TCK-70021,BASK-21,2025-10-27 22:28:26,Patatas fritas bolsa,Snacks,3,Mercadona-Triana
TCK-70021,BASK-21,2025-10-27 22:28:26,Mermelada de fresa,Conservas,3,Mercadona-Triana
TCK-70021,BASK-21,2025-10-27 22:28:26,Yogur natural,Lácteos,2,Mercadona-Triana
TCK-70021,BASK-21,2025-10-27 22:28:26,Mantequilla,Lácteos,1,Mercadona-Triana
TCK-70021,BASK-21,2025-10-27 22:28:26,Helado de vainilla,Congelados,3,Mercadona-Triana
TCK-70022,BASK-22,2025-10-03 00:11:26,Cereal de desayuno,Cereales,2,SPAR-Vegueta
TCK-70022,BASK-22,2025-10-03 00:11:26,Pan de hamburguesa,Panadería,2,SPAR-Vegueta
TCK-70022,BASK-22,2025-10-03 00:11:26,Salsa de tomate,Conservas,1,SPAR-Vegueta
TCK-70022,BASK-22,2025-10-03 00:11:26,Queso curado,Lácteos,3,SPAR-Vegueta
TCK-70022,BASK-22,2025-10-03 00:11:26,Leche entera,Lácteos,2,SPAR-Vegueta
TCK-70023,BASK-23,2025-02-25 13:16:26,Salsa mexicana,Salsas,2,HiperDino-SietePalmas
TCK-70023,BASK-23,2025-02-25 13:16:26,Lechuga,Verduras,3,HiperDino-SietePalmas
TCK-70023,BASK-23,2025-02-25 13:16:26,Tomates,Verduras,3,HiperDino-SietePalmas
TCK-70024,BASK-24,2025-10-18 22:33:26,Cereal de desayuno,Cereales,3,HiperDino-SietePalmas
TCK-70024,BASK-24,2025-10-18 22:33:26,Aceite de oliva,Aceites,1,HiperDino-SietePalmas
TCK-70024,BASK-24,2025-10-18 22:33:26,Arroz,Cereales,3,HiperDino-SietePalmas
TCK-70024,BASK-24,2025-10-18 22:33:26,Café molido,Bebidas,1,HiperDino-SietePalmas
TCK-70024,BASK-24,2025-10-18 22:33:26,Leche entera,Lácteos,3,HiperDino-SietePalmas
TCK-70024,BASK-24,2025-10-18 22:33:26,Galletas,Dulces,1,HiperDino-SietePalmas
TCK-70024,BASK-24,2025-10-18 22:33:26,Pan de molde,Panadería,3,HiperDino-SietePalmas
TCK-70024,BASK-24,2025-10-18 22:33:26,ColaCao,Bebidas,3,HiperDino-SietePalmas
TCK-70025,BASK-25,2024-11-24 19:04:26,Cereal de desayuno,Cereales,3,Mercadona-Triana
TCK-70025,BASK-25,2024-11-24 19:04:26,Pan de hamburguesa,Panadería,1,Mercadona-Triana
TCK-70025,BASK-25,2024-11-24 19:04:26,Tomates,Verduras,3,Mercadona-Triana
TCK-70025,BASK-25,2024-11-24 19:04:26,Café molido,Bebidas,3,Mercadona-Triana
TCK-70025,BASK-25,2024-11-24 19:04:26,Leche entera,Lácteos,2,Mercadona-Triana
TCK-70025,BASK-25,2024-11-24 19:04:26,Galletas,Dulces,2,Mercadona-Triana
TCK-70025,BASK-25,2024-11-24 19:04:26,Cerveza,Bebidas,2,Mercadona-Triana
TCK-70026,BASK-26,2024-12-23 15:13:26,Salsa de tomate,Conservas,2,SPAR-Telde
TCK-70026,BASK-26,2024-12-23 15:13:26,Salsa mexicana,Salsas,1,SPAR-Telde
TCK-70026,BASK-26,2024-12-23 15:13:26,Queso curado,Lácteos,1,SPAR-Telde
TCK-70026,BASK-26,2024-12-23 15:13:26,Guacamole refrigerado,Refrigerados,2,SPAR-Telde
TCK-70026,BASK-26,2024-12-23 15:13:26,Refresco cola,Bebidas,2,SPAR-Telde
TCK-70026,BASK-26,2024-12-23 15:13:26,Cerveza,Bebidas,1,SPAR-Telde
TCK-70027,BASK-27,2025-02-28 12:07:26,Cereal de desayuno,Cereales,1,HiperDino-SietePalmas
TCK-70027,BASK-27,2025-02-28 12:07:26,Pasta,Cereales,2,HiperDino-SietePalmas
TCK-70027,BASK-27,2025-02-28 12:07:26,Aceite de oliva,Aceites,2,HiperDino-SietePalmas
TCK-70027,BASK-27,2025-02-28 12:07:26,Queso curado,Lácteos,3,HiperDino-SietePalmas
TCK-70027,BASK-27,2025-02-28 12:07:26,Helado de vainilla,Congelados,2,HiperDino-SietePalmas
TCK-70027,BASK-27,2025-02-28 12:07:26,Leche entera,Lácteos,2,HiperDino-SietePalmas
TCK-70027,BASK-27,2025-02-28 12:07:26,Vino tinto,Bebidas,2,HiperDino-SietePalmas
TCK-70027,BASK-27,2025-02-28 12:07:26,Pañales,Bebé,2,HiperDino-SietePalmas
TCK-70027,BASK-27,2025-02-28 12:07:26,Cerveza,Bebidas,3,HiperDino-SietePalmas
TCK-70028,BASK-28,2025-05-04 20:14:26,Pechuga de pollo,Carnicería,1,SPAR-Vegueta
TCK-70028,BASK-28,2025-05-04 20:14:26,Salsa de tomate,Conservas,2,SPAR-Vegueta
TCK-70028,BASK-28,2025-05-04 20:14:26,Yogur natural,Lácteos,1,SPAR-Vegueta
TCK-70028,BASK-28,2025-05-04 20:14:26,Café molido,Bebidas,1,SPAR-Vegueta
TCK-70028,BASK-28,2025-05-04 20:14:26,Leche entera,Lácteos,1,SPAR-Vegueta
TCK-70028,BASK-28,2025-05-04 20:14:26,ColaCao,Bebidas,2,SPAR-Vegueta
TCK-70029,BASK-29,2025-01-26 18:53:26,Cereal de desayuno,Cereales,3,SPAR-Vegueta
TCK-70029,BASK-29,2025-01-26 18:53:26,Manzanas,Frutas,1,SPAR-Vegueta
TCK-70029,BASK-29,2025-01-26 18:53:26,Patatas fritas bolsa,Snacks,3,SPAR-Vegueta
TCK-70029,BASK-29,2025-01-26 18:53:26,Tomates,Verduras,3,SPAR-Vegueta
TCK-70029,BASK-29,2025-01-26 18:53:26,Lechuga,Verduras,2,SPAR-Vegueta
TCK-70029,BASK-29,2025-01-26 18:53:26,Mantequilla,Lácteos,2,SPAR-Vegueta
TCK-70029,BASK-29,2025-01-26 18:53:26,Queso curado,Lácteos,3,SPAR-Vegueta
TCK-70029,BASK-29,2025-01-26 18:53:26,Guacamole refrigerado,Refrigerados,3,SPAR-Vegueta
TCK-70029,BASK-29,2025-01-26 18:53:26,Vino tinto,Bebidas,3,SPAR-Vegueta
TCK-70029,BASK-29,2025-01-26 18:53:26,Leche entera,Lácteos,3,SPAR-Vegueta
TCK-70030,BASK-30,2025-09-29 15:04:26,Salsa de tomate,Conservas,3,Mercadona-Triana
TCK-70030,BASK-30,2025-09-29 15:04:26,Lechuga,Verduras,3,Mercadona-Triana
TCK-70030,BASK-30,2025-09-29 15:04:26,Yogur natural,Lácteos,1,Mercadona-Triana
TCK-70030,BASK-30,2025-09-29 15:04:26,Mantequilla,Lácteos,2,Mercadona-Triana
TCK-70030,BASK-30,2025-09-29 15:04:26,Guacamole refrigerado,Refrigerados,3,Mercadona-Triana
TCK-70030,BASK-30,2025-09-29 15:04:26,Pañales,Bebé,2,Mercadona-Triana
TCK-70030,BASK-30,2025-09-29 15:04:26,Cerveza,Bebidas,2,Mercadona-Triana
TCK-70031,BASK-31,2025-10-02 12:58:26,Cereal de desayuno,Cereales,3,Mercadona-Triana
TCK-70031,BASK-31,2025-10-02 12:58:26,Pechuga de pollo,Carnicería,3,Mercadona-Triana
TCK-70031,BASK-31,2025-10-02 12:58:26,Pan de hamburguesa,Panadería,2,Mercadona-Triana
TCK-70031,BASK-31,2025-10-02 12:58:26,Plátanos,Frutas,1,Mercadona-Triana
TCK-70031,BASK-31,2025-10-02 12:58:26,Salsa de tomate,Conservas,3,Mercadona-Triana
TCK-70031,BASK-31,2025-10-02 12:58:26,Arroz,Cereales,2,Mercadona-Triana
TCK-70031,BASK-31,2025-10-02 12:58:26,Mantequilla,Lácteos,3,Mercadona-Triana
TCK-70031,BASK-31,2025-10-02 12:58:26,Huevos,Lácteos,1,Mercadona-Triana
TCK-70031,BASK-31,2025-10-02 12:58:26,Vino tinto,Bebidas,2,Mercadona-Triana
TCK-70031,BASK-31,2025-10-02 12:58:26,Pizza congelada,Congelados,2,Mercadona-Triana
TCK-70032,BASK-32,2025-08-05 18:56:26,Patatas fritas bolsa,Snacks,3,SPAR-Vegueta
TCK-70032,BASK-32,2025-08-05 18:56:26,Yogur natural,Lácteos,3,SPAR-Vegueta
TCK-70032,BASK-32,2025-08-05 18:56:26,Nachos de maíz,Snacks,1,SPAR-Vegueta
TCK-70032,BASK-32,2025-08-05 18:56:26,Huevos,Lácteos,3,SPAR-Vegueta
TCK-70032,BASK-32,2025-08-05 18:56:26,Café molido,Bebidas,1,SPAR-Vegueta
TCK-70032,BASK-32,2025-08-05 18:56:26,Refresco cola,Bebidas,1,SPAR-Vegueta
TCK-70032,BASK-32,2025-08-05 18:56:26,Leche entera,Lácteos,1,SPAR-Vegueta
TCK-70033,BASK-33,2025-02-03 19:08:26,Plátanos,Frutas,2,Mercadona-Triana
TCK-70033,BASK-33,2025-02-03 19:08:26,Aceite de oliva,Aceites,2,Mercadona-Triana
TCK-70033,BASK-33,2025-02-03 19:08:26,Pan de barra,Panadería,1,Mercadona-Triana
TCK-70033,BASK-33,2025-02-03 19:08:26,Helado de vainilla,Congelados,3,Mercadona-Triana
TCK-70033,BASK-33,2025-02-03 19:08:26,Nachos de maíz,Snacks,2,Mercadona-Triana
TCK-70033,BASK-33,2025-02-03 19:08:26,Guacamole refrigerado,Refrigerados,1,Mercadona-Triana
TCK-70033,BASK-33,2025-02-03 19:08:26,Refresco cola,Bebidas,2,Mercadona-Triana
TCK-70033,BASK-33,2025-02-03 19:08:26,Leche entera,Lácteos,1,Mercadona-Triana
TCK-70033,BASK-33,2025-02-03 19:08:26,Galletas,Dulces,1,Mercadona-Triana
TCK-70033,BASK-33,2025-02-03 19:08:26,Pan de molde,Panadería,2,Mercadona-Triana
TCK-70034,BASK-34,2025-10-22 21:47:26,Cereal de desayuno,Cereales,2,SPAR-Vegueta
TCK-70034,BASK-34,2025-10-22 21:47:26,Pechuga de pollo,Carnicería,1,SPAR-Vegueta
TCK-70034,BASK-34,2025-10-22 21:47:26,Mantequilla,Lácteos,2,SPAR-Vegueta
TCK-70034,BASK-34,2025-10-22 21:47:26,Queso curado,Lácteos,2,SPAR-Vegueta
TCK-70034,BASK-34,2025-10-22 21:47:26,Vino tinto,Bebidas,1,SPAR-Vegueta
TCK-70035,BASK-35,2025-09-11 16:58:26,Salsa mexicana,Salsas,1,SPAR-Vegueta
TCK-70035,BASK-35,2025-09-11 16:58:26,Patatas fritas bolsa,Snacks,2,SPAR-Vegueta
TCK-70035,BASK-35,2025-09-11 16:58:26,Galletas,Dulces,1,SPAR-Vegueta
TCK-70035,BASK-35,2025-09-11 16:58:26,Aceite de oliva,Aceites,2,SPAR-Vegueta
TCK-70036,BASK-36,2025-03-14 22:06:26,Salsa mexicana,Salsas,2,SPAR-Telde
TCK-70036,BASK-36,2025-03-14 22:06:26,Pechuga de pollo,Carnicería,3,SPAR-Telde
TCK-70036,BASK-36,2025-03-14 22:06:26,Patatas fritas bolsa,Snacks,3,SPAR-Telde
TCK-70037,BASK-37,2025-03-04 20:08:26,Pañales,Bebé,1,SPAR-Vegueta
TCK-70037,BASK-37,2025-03-04 20:08:26,Pan de barra,Panadería,3,SPAR-Vegueta
TCK-70037,BASK-37,2025-03-04 20:08:26,Queso curado,Lácteos,1,SPAR-Vegueta
TCK-70038,BASK-38,2025-05-21 14:34:26,Cereal de desayuno,Cereales,2,SPAR-Telde
TCK-70038,BASK-38,2025-05-21 14:34:26,Patatas fritas bolsa,Snacks,3,SPAR-Telde
TCK-70038,BASK-38,2025-05-21 14:34:26,Pañales,Bebé,2,SPAR-Telde
TCK-70038,BASK-38,2025-05-21 14:34:26,Cerveza,Bebidas,3,SPAR-Telde
TCK-70039,BASK-39,2025-03-10 18:47:26,Pasta,Cereales,1,SPAR-Vegueta
TCK-70039,BASK-39,2025-03-10 18:47:26,Pan de hamburguesa,Panadería,3,SPAR-Vegueta
TCK-70039,BASK-39,2025-03-10 18:47:26,Salsa de tomate,Conservas,2,SPAR-Vegueta
TCK-70039,BASK-39,2025-03-10 18:47:26,Queso curado,Lácteos,3,SPAR-Vegueta
TCK-70039,BASK-39,2025-03-10 18:47:26,Huevos,Lácteos,3,SPAR-Vegueta
TCK-70039,BASK-39,2025-03-10 18:47:26,ColaCao,Bebidas,2,SPAR-Vegueta
TCK-70040,BASK-40,2025-06-07 23:54:26,Carne picada,Carnicería,2,Mercadona-Triana
TCK-70040,BASK-40,2025-06-07 23:54:26,Salsa de tomate,Conservas,1,Mercadona-Triana
TCK-70040,BASK-40,2025-06-07 23:54:26,Aceite de oliva,Aceites,3,Mercadona-Triana
TCK-70040,BASK-40,2025-06-07 23:54:26,Nachos de maíz,Snacks,3,Mercadona-Triana
TCK-70040,BASK-40,2025-06-07 23:54:26,Guacamole refrigerado,Refrigerados,1,Mercadona-Triana
TCK-70040,BASK-40,2025-06-07 23:54:26,Galletas,Dulces,1,Mercadona-Triana
TCK-70040,BASK-40,2025-06-07 23:54:26,Pañales,Bebé,3,Mercadona-Triana
TCK-70041,BASK-41,2025-08-16 17:49:26,Cereal de desayuno,Cereales,2,SPAR-Telde
TCK-70041,BASK-41,2025-08-16 17:49:26,Carne picada,Carnicería,2,SPAR-Telde
TCK-70041,BASK-41,2025-08-16 17:49:26,Salsa de tomate,Conservas,2,SPAR-Telde
TCK-70041,BASK-41,2025-08-16 17:49:26,Tomates,Verduras,1,SPAR-Telde
TCK-70041,BASK-41,2025-08-16 17:49:26,Salsa mexicana,Salsas,1,SPAR-Telde
TCK-70041,BASK-41,2025-08-16 17:49:26,Yogur natural,Lácteos,2,SPAR-Telde
TCK-70041,BASK-41,2025-08-16 17:49:26,Nachos de maíz,Snacks,3,SPAR-Telde
TCK-70041,BASK-41,2025-08-16 17:49:26,Guacamole refrigerado,Refrigerados,2,SPAR-Telde
TCK-70041,BASK-41,2025-08-16 17:49:26,Pizza congelada,Congelados,2,SPAR-Telde
TCK-70042,BASK-42,2025-02-12 21:56:26,Pasta,Cereales,3,SPAR-Vegueta
TCK-70042,BASK-42,2025-02-12 21:56:26,Patatas fritas bolsa,Snacks,2,SPAR-Vegueta
TCK-70042,BASK-42,2025-02-12 21:56:26,Aceite de oliva,Aceites,3,SPAR-Vegueta
TCK-70042,BASK-42,2025-02-12 21:56:26,Salsa mexicana,Salsas,3,SPAR-Vegueta
TCK-70042,BASK-42,2025-02-12 21:56:26,Huevos,Lácteos,3,SPAR-Vegueta
TCK-70042,BASK-42,2025-02-12 21:56:26,Guacamole refrigerado,Refrigerados,2,SPAR-Vegueta
TCK-70042,BASK-42,2025-02-12 21:56:26,Refresco cola,Bebidas,1,SPAR-Vegueta
TCK-70042,BASK-42,2025-02-12 21:56:26,Pañales,Bebé,2,SPAR-Vegueta
TCK-70043,BASK-43,2025-06-05 21:26:26,Patatas fritas bolsa,Snacks,3,SPAR-Vegueta
TCK-70043,BASK-43,2025-06-05 21:26:26,Tomates,Verduras,2,SPAR-Vegueta
TCK-70043,BASK-43,2025-06-05 21:26:26,Aceite de oliva,Aceites,1,SPAR-Vegueta
TCK-70043,BASK-43,2025-06-05 21:26:26,Salsa mexicana,Salsas,2,SPAR-Vegueta
TCK-70043,BASK-43,2025-06-05 21:26:26,Helado de vainilla,Congelados,1,SPAR-Vegueta
TCK-70043,BASK-43,2025-06-05 21:26:26,Nachos de maíz,Snacks,2,SPAR-Vegueta
TCK-70043,BASK-43,2025-06-05 21:26:26,Huevos,Lácteos,1,SPAR-Vegueta
TCK-70043,BASK-43,2025-06-05 21:26:26,Café molido,Bebidas,3,SPAR-Vegueta
TCK-70043,BASK-43,2025-06-05 21:26:26,Leche entera,Lácteos,3,SPAR-Vegueta
TCK-70043,BASK-43,2025-06-05 21:26:26,Pan de molde,Panadería,3,SPAR-Vegueta
TCK-70044,BASK-44,2025-01-08 16:25:26,Cereal de desayuno,Cereales,1,Mercadona-Triana
TCK-70044,BASK-44,2025-01-08 16:25:26,Yogur natural,Lácteos,1,Mercadona-Triana
TCK-70044,BASK-44,2025-01-08 16:25:26,Patatas fritas bolsa,Snacks,1,Mercadona-Triana
TCK-70045,BASK-45,2025-08-04 22:37:26,Pasta,Cereales,3,SPAR-Vegueta
TCK-70045,BASK-45,2025-08-04 22:37:26,Salsa de tomate,Conservas,3,SPAR-Vegueta
TCK-70045,BASK-45,2025-08-04 22:37:26,Aceite de oliva,Aceites,2,SPAR-Vegueta
TCK-70045,BASK-45,2025-08-04 22:37:26,Pan de molde,Panadería,1,SPAR-Vegueta
TCK-70045,BASK-45,2025-08-04 22:37:26,Cerveza,Bebidas,1,SPAR-Vegueta
TCK-70046,BASK-46,2025-02-14 16:04:26,Carne picada,Carnicería,3,SPAR-Vegueta
TCK-70046,BASK-46,2025-02-14 16:04:26,Salsa de tomate,Conservas,3,SPAR-Vegueta
TCK-70046,BASK-46,2025-02-14 16:04:26,Mermelada de fresa,Conservas,1,SPAR-Vegueta
TCK-70046,BASK-46,2025-02-14 16:04:26,Lechuga,Verduras,1,SPAR-Vegueta
TCK-70046,BASK-46,2025-02-14 16:04:26,Pan de barra,Panadería,1,SPAR-Vegueta
TCK-70046,BASK-46,2025-02-14 16:04:26,Mantequilla,Lácteos,1,SPAR-Vegueta
TCK-70046,BASK-46,2025-02-14 16:04:26,Nachos de maíz,Snacks,2,SPAR-Vegueta
TCK-70046,BASK-46,2025-02-14 16:04:26,ColaCao,Bebidas,3,SPAR-Vegueta
TCK-70046,BASK-46,2025-02-14 16:04:26,Pizza congelada,Congelados,2,SPAR-Vegueta
TCK-70047,BASK-47,2024-12-19 22:10:26,Pechuga de pollo,Carnicería,2,SPAR-Vegueta
TCK-70047,BASK-47,2024-12-19 22:10:26,Plátanos,Frutas,1,SPAR-Vegueta
TCK-70047,BASK-47,2024-12-19 22:10:26,Arroz,Cereales,3,SPAR-Vegueta
TCK-70047,BASK-47,2024-12-19 22:10:26,Pan de barra,Panadería,1,SPAR-Vegueta
TCK-70047,BASK-47,2024-12-19 22:10:26,Yogur natural,Lácteos,1,SPAR-Vegueta
TCK-70047,BASK-47,2024-12-19 22:10:26,Queso curado,Lácteos,2,SPAR-Vegueta
TCK-70047,BASK-47,2024-12-19 22:10:26,Nachos de maíz,Snacks,2,SPAR-Vegueta
TCK-70047,BASK-47,2024-12-19 22:10:26,Leche entera,Lácteos,2,SPAR-Vegueta
TCK-70047,BASK-47,2024-12-19 22:10:26,ColaCao,Bebidas,3,SPAR-Vegueta
TCK-70048,BASK-48,2025-02-13 17:47:26,Pasta,Cereales,2,Mercadona-Triana
TCK-70048,BASK-48,2025-02-13 17:47:26,Patatas fritas bolsa,Snacks,2,Mercadona-Triana
TCK-70048,BASK-48,2025-02-13 17:47:26,Refresco cola,Bebidas,2,Mercadona-Triana
TCK-70049,BASK-49,2025-03-30 16:08:26,Pechuga de pollo,Carnicería,2,SPAR-Vegueta
TCK-70049,BASK-49,2025-03-30 16:08:26,Plátanos,Frutas,3,SPAR-Vegueta
TCK-70049,BASK-49,2025-03-30 16:08:26,Tomates,Verduras,1,SPAR-Vegueta
TCK-70049,BASK-49,2025-03-30 16:08:26,Aceite de oliva,Aceites,2,SPAR-Vegueta
TCK-70049,BASK-49,2025-03-30 16:08:26,Huevos,Lácteos,2,SPAR-Vegueta
TCK-70049,BASK-49,2025-03-30 16:08:26,Leche entera,Lácteos,1,SPAR-Vegueta
TCK-70049,BASK-49,2025-03-30 16:08:26,Pañales,Bebé,1,SPAR-Vegueta
TCK-70050,BASK-50,2024-12-27 21:46:26,Plátanos,Frutas,2,SPAR-Vegueta
TCK-70050,BASK-50,2024-12-27 21:46:26,Salsa de tomate,Conservas,2,SPAR-Vegueta
TCK-70050,BASK-50,2024-12-27 21:46:26,Salsa mexicana,Salsas,2,SPAR-Vegueta
TCK-70050,BASK-50,2024-12-27 21:46:26,Arroz,Cereales,1,SPAR-Vegueta
TCK-70050,BASK-50,2024-12-27 21:46:26,Refresco cola,Bebidas,3,SPAR-Vegueta
TCK-70050,BASK-50,2024-12-27 21:46:26,Galletas,Dulces,3,SPAR-Vegueta
TCK-70050,BASK-50,2024-12-27 21:46:26,Cerveza,Bebidas,3,SPAR-Vegueta
TCK-70050,BASK-50,2024-12-27 21:46:26,Pañales,Bebé,2,SPAR-Vegueta
TCK-70050,BASK-50,2024-12-27 21:46:26,Pizza congelada,Congelados,2,SPAR-Vegueta
TCK-70051,BASK-51,2025-09-29 14:51:26,Pañales,Bebé,1,SPAR-Vegueta
TCK-70051,BASK-51,2025-09-29 14:51:26,Café molido,Bebidas,2,SPAR-Vegueta
TCK-70051,BASK-51,2025-09-29 14:51:26,Galletas,Dulces,2,SPAR-Vegueta
TCK-70051,BASK-51,2025-09-29 14:51:26,Cerveza,Bebidas,3,SPAR-Vegueta
TCK-70052,BASK-52,2025-05-02 11:21:26,Salsa de tomate,Conservas,1,SPAR-Vegueta
TCK-70052,BASK-52,2025-05-02 11:21:26,Manzanas,Frutas,3,SPAR-Vegueta
TCK-70052,BASK-52,2025-05-02 11:21:26,Plátanos,Frutas,2,SPAR-Vegueta
TCK-70052,BASK-52,2025-05-02 11:21:26,Vino tinto,Bebidas,1,SPAR-Vegueta
TCK-70053,BASK-53,2025-03-12 18:12:26,Plátanos,Frutas,2,HiperDino-SietePalmas
TCK-70053,BASK-53,2025-03-12 18:12:26,Mermelada de fresa,Conservas,1,HiperDino-SietePalmas
TCK-70053,BASK-53,2025-03-12 18:12:26,Aceite de oliva,Aceites,2,HiperDino-SietePalmas
TCK-70053,BASK-53,2025-03-12 18:12:26,Salsa mexicana,Salsas,3,HiperDino-SietePalmas
TCK-70053,BASK-53,2025-03-12 18:12:26,Arroz,Cereales,1,HiperDino-SietePalmas
TCK-70053,BASK-53,2025-03-12 18:12:26,Pañales,Bebé,2,HiperDino-SietePalmas
TCK-70054,BASK-54,2025-02-13 23:32:26,Pasta,Cereales,3,SPAR-Telde
TCK-70054,BASK-54,2025-02-13 23:32:26,Mermelada de fresa,Conservas,3,SPAR-Telde
TCK-70054,BASK-54,2025-02-13 23:32:26,Aceite de oliva,Aceites,2,SPAR-Telde
TCK-70054,BASK-54,2025-02-13 23:32:26,Salsa mexicana,Salsas,2,SPAR-Telde
TCK-70054,BASK-54,2025-02-13 23:32:26,Pan de barra,Panadería,2,SPAR-Telde
TCK-70054,BASK-54,2025-02-13 23:32:26,Helado de vainilla,Congelados,1,SPAR-Telde
TCK-70054,BASK-54,2025-02-13 23:32:26,Café molido,Bebidas,3,SPAR-Telde
TCK-70054,BASK-54,2025-02-13 23:32:26,Refresco cola,Bebidas,3,SPAR-Telde
TCK-70054,BASK-54,2025-02-13 23:32:26,Cerveza,Bebidas,3,SPAR-Telde
TCK-70055,BASK-55,2025-01-02 22:33:26,Manzanas,Frutas,1,SPAR-Vegueta
TCK-70055,BASK-55,2025-01-02 22:33:26,Salsa de tomate,Conservas,3,SPAR-Vegueta
TCK-70055,BASK-55,2025-01-02 22:33:26,Tomates,Verduras,1,SPAR-Vegueta
TCK-70055,BASK-55,2025-01-02 22:33:26,Mantequilla,Lácteos,1,SPAR-Vegueta
TCK-70055,BASK-55,2025-01-02 22:33:26,Nachos de maíz,Snacks,2,SPAR-Vegueta
TCK-70055,BASK-55,2025-01-02 22:33:26,Pan de molde,Panadería,2,SPAR-Vegueta
TCK-70055,BASK-55,2025-01-02 22:33:26,Cerveza,Bebidas,1,SPAR-Vegueta
TCK-70056,BASK-56,2025-05-11 16:32:26,Lechuga,Verduras,2,Mercadona-Triana
TCK-70056,BASK-56,2025-05-11 16:32:26,Carne picada,Carnicería,1,Mercadona-Triana
TCK-70056,BASK-56,2025-05-11 16:32:26,Pan de hamburguesa,Panadería,2,Mercadona-Triana
TCK-70056,BASK-56,2025-05-11 16:32:26,Tomates,Verduras,3,Mercadona-Triana
TCK-70057,BASK-57,2025-07-29 15:41:26,Yogur natural,Lácteos,3,Mercadona-Triana
TCK-70057,BASK-57,2025-07-29 15:41:26,Café molido,Bebidas,2,Mercadona-Triana
TCK-70057,BASK-57,2025-07-29 15:41:26,Galletas,Dulces,3,Mercadona-Triana
TCK-70058,BASK-58,2025-11-13 23:24:26,Patatas fritas bolsa,Snacks,1,Mercadona-Triana
TCK-70058,BASK-58,2025-11-13 23:24:26,Queso curado,Lácteos,1,Mercadona-Triana
TCK-70058,BASK-58,2025-11-13 23:24:26,Refresco cola,Bebidas,1,Mercadona-Triana
TCK-70058,BASK-58,2025-11-13 23:24:26,Pan de molde,Panadería,2,Mercadona-Triana
TCK-70058,BASK-58,2025-11-13 23:24:26,Cerveza,Bebidas,1,Mercadona-Triana
TCK-70059,BASK-59,2025-07-17 00:09:26,Pasta,Cereales,1,HiperDino-SietePalmas
TCK-70059,BASK-59,2025-07-17 00:09:26,Pan de hamburguesa,Panadería,3,HiperDino-SietePalmas
TCK-70059,BASK-59,2025-07-17 00:09:26,Salsa de tomate,Conservas,3,HiperDino-SietePalmas
TCK-70059,BASK-59,2025-07-17 00:09:26,ColaCao,Bebidas,2,HiperDino-SietePalmas
TCK-70060,BASK-60,2025-05-08 17:26:26,Pechuga de pollo,Carnicería,3,SPAR-Vegueta
TCK-70060,BASK-60,2025-05-08 17:26:26,Mantequilla,Lácteos,2,SPAR-Vegueta
TCK-70060,BASK-60,2025-05-08 17:26:26,Galletas,Dulces,2,SPAR-Vegueta
TCK-70061,BASK-61,2025-04-20 19:46:26,Manzanas,Frutas,1,Mercadona-Triana
TCK-70061,BASK-61,2025-04-20 19:46:26,Mermelada de fresa,Conservas,2,Mercadona-Triana
TCK-70061,BASK-61,2025-04-20 19:46:26,Aceite de oliva,Aceites,3,Mercadona-Triana
TCK-70061,BASK-61,2025-04-20 19:46:26,Leche entera,Lácteos,1,Mercadona-Triana
TCK-70061,BASK-61,2025-04-20 19:46:26,Cerveza,Bebidas,3,Mercadona-Triana
TCK-70062,BASK-62,2025-01-05 23:07:26,Cereal de desayuno,Cereales,2,SPAR-Vegueta
TCK-70062,BASK-62,2025-01-05 23:07:26,Carne picada,Carnicería,3,SPAR-Vegueta
TCK-70062,BASK-62,2025-01-05 23:07:26,Plátanos,Frutas,2,SPAR-Vegueta
TCK-70062,BASK-62,2025-01-05 23:07:26,Mermelada de fresa,Conservas,1,SPAR-Vegueta
TCK-70062,BASK-62,2025-01-05 23:07:26,Tomates,Verduras,3,SPAR-Vegueta
TCK-70062,BASK-62,2025-01-05 23:07:26,Mantequilla,Lácteos,3,SPAR-Vegueta
TCK-70062,BASK-62,2025-01-05 23:07:26,Helado de vainilla,Congelados,2,SPAR-Vegueta
TCK-70062,BASK-62,2025-01-05 23:07:26,Leche entera,Lácteos,1,SPAR-Vegueta
TCK-70062,BASK-62,2025-01-05 23:07:26,ColaCao,Bebidas,1,SPAR-Vegueta
TCK-70062,BASK-62,2025-01-05 23:07:26,Pañales,Bebé,2,SPAR-Vegueta
TCK-70063,BASK-63,2025-09-23 12:36:26,Salsa mexicana,Salsas,1,Mercadona-Triana
TCK-70063,BASK-63,2025-09-23 12:36:26,Nachos de maíz,Snacks,2,Mercadona-Triana
TCK-70063,BASK-63,2025-09-23 12:36:26,Salsa de tomate,Conservas,1,Mercadona-Triana
TCK-70063,BASK-63,2025-09-23 12:36:26,Refresco cola,Bebidas,2,Mercadona-Triana
TCK-70064,BASK-64,2025-10-21 13:51:26,Mermelada de fresa,Conservas,3,HiperDino-SietePalmas
TCK-70064,BASK-64,2025-10-21 13:51:26,Tomates,Verduras,2,HiperDino-SietePalmas
TCK-70064,BASK-64,2025-10-21 13:51:26,Arroz,Cereales,3,HiperDino-SietePalmas
TCK-70064,BASK-64,2025-10-21 13:51:26,Pan de barra,Panadería,3,HiperDino-SietePalmas
TCK-70064,BASK-64,2025-10-21 13:51:26,Refresco cola,Bebidas,3,HiperDino-SietePalmas
TCK-70064,BASK-64,2025-10-21 13:51:26,Leche entera,Lácteos,3,HiperDino-SietePalmas
TCK-70064,BASK-64,2025-10-21 13:51:26,Vino tinto,Bebidas,1,HiperDino-SietePalmas
TCK-70065,BASK-65,2025-09-18 14:55:26,Tomates,Verduras,2,HiperDino-SietePalmas
TCK-70065,BASK-65,2025-09-18 14:55:26,Arroz,Cereales,2,HiperDino-SietePalmas
TCK-70065,BASK-65,2025-09-18 14:55:26,Pan de barra,Panadería,2,HiperDino-SietePalmas
TCK-70065,BASK-65,2025-09-18 14:55:26,Mantequilla,Lácteos,1,HiperDino-SietePalmas
TCK-70065,BASK-65,2025-09-18 14:55:26,Queso curado,Lácteos,2,HiperDino-SietePalmas
TCK-70065,BASK-65,2025-09-18 14:55:26,Helado de vainilla,Congelados,1,HiperDino-SietePalmas
TCK-70065,BASK-65,2025-09-18 14:55:26,Refresco cola,Bebidas,3,HiperDino-SietePalmas
TCK-70065,BASK-65,2025-09-18 14:55:26,Leche entera,Lácteos,1,HiperDino-SietePalmas
TCK-70065,BASK-65,2025-09-18 14:55:26,ColaCao,Bebidas,2,HiperDino-SietePalmas
TCK-70065,BASK-65,2025-09-18 14:55:26,Pañales,Bebé,3,HiperDino-SietePalmas
TCK-70066,BASK-66,2025-11-18 19:14:26,Salsa mexicana,Salsas,2,Mercadona-Triana
TCK-70066,BASK-66,2025-11-18 19:14:26,Huevos,Lácteos,1,Mercadona-Triana
TCK-70066,BASK-66,2025-11-18 19:14:26,Arroz,Cereales,3,Mercadona-Triana
TCK-70066,BASK-66,2025-11-18 19:14:26,Mantequilla,Lácteos,1,Mercadona-Triana
TCK-70067,BASK-67,2025-08-06 22:22:26,Salsa mexicana,Salsas,3,SPAR-Vegueta
TCK-70067,BASK-67,2025-08-06 22:22:26,Helado de vainilla,Congelados,1,SPAR-Vegueta
TCK-70067,BASK-67,2025-08-06 22:22:26,Nachos de maíz,Snacks,3,SPAR-Vegueta
TCK-70067,BASK-67,2025-08-06 22:22:26,Huevos,Lácteos,1,SPAR-Vegueta
TCK-70067,BASK-67,2025-08-06 22:22:26,Guacamole refrigerado,Refrigerados,2,SPAR-Vegueta
TCK-70067,BASK-67,2025-08-06 22:22:26,Leche entera,Lácteos,1,SPAR-Vegueta
TCK-70067,BASK-67,2025-08-06 22:22:26,ColaCao,Bebidas,3,SPAR-Vegueta
TCK-70068,BASK-68,2025-05-15 22:39:26,Carne picada,Carnicería,2,HiperDino-SietePalmas
TCK-70068,BASK-68,2025-05-15 22:39:26,Mermelada de fresa,Conservas,3,HiperDino-SietePalmas
TCK-70068,BASK-68,2025-05-15 22:39:26,Galletas,Dulces,2,HiperDino-SietePalmas
TCK-70069,BASK-69,2025-10-21 17:28:26,Cereal de desayuno,Cereales,3,HiperDino-SietePalmas
TCK-70069,BASK-69,2025-10-21 17:28:26,Manzanas,Frutas,3,HiperDino-SietePalmas
TCK-70069,BASK-69,2025-10-21 17:28:26,Mermelada de fresa,Conservas,3,HiperDino-SietePalmas
TCK-70069,BASK-69,2025-10-21 17:28:26,Yogur natural,Lácteos,3,HiperDino-SietePalmas
TCK-70069,BASK-69,2025-10-21 17:28:26,Nachos de maíz,Snacks,1,HiperDino-SietePalmas
TCK-70069,BASK-69,2025-10-21 17:28:26,Vino tinto,Bebidas,1,HiperDino-SietePalmas
TCK-70069,BASK-69,2025-10-21 17:28:26,Pan de molde,Panadería,3,HiperDino-SietePalmas
TCK-70070,BASK-70,2025-02-24 17:46:26,Cereal de desayuno,Cereales,3,HiperDino-SietePalmas
TCK-70070,BASK-70,2025-02-24 17:46:26,Pechuga de pollo,Carnicería,3,HiperDino-SietePalmas
TCK-70070,BASK-70,2025-02-24 17:46:26,Mermelada de fresa,Conservas,3,HiperDino-SietePalmas
TCK-70070,BASK-70,2025-02-24 17:46:26,Salsa mexicana,Salsas,3,HiperDino-SietePalmas
TCK-70070,BASK-70,2025-02-24 17:46:26,Helado de vainilla,Congelados,3,HiperDino-SietePalmas
TCK-70070,BASK-70,2025-02-24 17:46:26,Nachos de maíz,Snacks,1,HiperDino-SietePalmas
TCK-70070,BASK-70,2025-02-24 17:46:26,Guacamole refrigerado,Refrigerados,1,HiperDino-SietePalmas
TCK-70071,BASK-71,2025-08-30 18:53:26,Manzanas,Frutas,2,Mercadona-Triana
TCK-70071,BASK-71,2025-08-30 18:53:26,Helado de vainilla,Congelados,1,Mercadona-Triana
TCK-70071,BASK-71,2025-08-30 18:53:26,Huevos,Lácteos,3,Mercadona-Triana
TCK-70071,BASK-71,2025-08-30 18:53:26,Refresco cola,Bebidas,1,Mercadona-Triana
TCK-70071,BASK-71,2025-08-30 18:53:26,Vino tinto,Bebidas,1,Mercadona-Triana
TCK-70072,BASK-72,2025-05-02 21:03:26,Pan de hamburguesa,Panadería,3,SPAR-Vegueta
TCK-70072,BASK-72,2025-05-02 21:03:26,Plátanos,Frutas,3,SPAR-Vegueta
TCK-70072,BASK-72,2025-05-02 21:03:26,Carne picada,Carnicería,2,SPAR-Vegueta
TCK-70072,BASK-72,2025-05-02 21:03:26,Lechuga,Verduras,2,SPAR-Vegueta
TCK-70072,BASK-72,2025-05-02 21:03:26,Salsa mexicana,Salsas,3,SPAR-Vegueta
TCK-70072,BASK-72,2025-05-02 21:03:26,Mantequilla,Lácteos,2,SPAR-Vegueta
TCK-70072,BASK-72,2025-05-02 21:03:26,Huevos,Lácteos,2,SPAR-Vegueta
TCK-70072,BASK-72,2025-05-02 21:03:26,Guacamole refrigerado,Refrigerados,1,SPAR-Vegueta
TCK-70072,BASK-72,2025-05-02 21:03:26,ColaCao,Bebidas,2,SPAR-Vegueta
TCK-70072,BASK-72,2025-05-02 21:03:26,Cerveza,Bebidas,2,SPAR-Vegueta
TCK-70073,BASK-73,2025-03-01 22:21:26,Pasta,Cereales,1,HiperDino-SietePalmas
TCK-70073,BASK-73,2025-03-01 22:21:26,Patatas fritas bolsa,Snacks,2,HiperDino-SietePalmas
TCK-70073,BASK-73,2025-03-01 22:21:26,Lechuga,Verduras,3,HiperDino-SietePalmas
TCK-70073,BASK-73,2025-03-01 22:21:26,Galletas,Dulces,2,HiperDino-SietePalmas
TCK-70073,BASK-73,2025-03-01 22:21:26,Cerveza,Bebidas,3,HiperDino-SietePalmas
TCK-70074,BASK-74,2025-06-22 15:45:26,Helado de vainilla,Congelados,2,SPAR-Vegueta
TCK-70074,BASK-74,2025-06-22 15:45:26,Patatas fritas bolsa,Snacks,2,SPAR-Vegueta
TCK-70074,BASK-74,2025-06-22 15:45:26,Pizza congelada,Congelados,3,SPAR-Vegueta
TCK-70075,BASK-75,2025-08-13 16:42:26,Mermelada de fresa,Conservas,3,Mercadona-Triana
TCK-70075,BASK-75,2025-08-13 16:42:26,Aceite de oliva,Aceites,1,Mercadona-Triana
TCK-70075,BASK-75,2025-08-13 16:42:26,Lechuga,Verduras,1,Mercadona-Triana
TCK-70075,BASK-75,2025-08-13 16:42:26,Yogur natural,Lácteos,2,Mercadona-Triana
TCK-70075,BASK-75,2025-08-13 16:42:26,Pan de barra,Panadería,2,Mercadona-Triana
TCK-70075,BASK-75,2025-08-13 16:42:26,Refresco cola,Bebidas,2,Mercadona-Triana
TCK-70075,BASK-75,2025-08-13 16:42:26,Vino tinto,Bebidas,3,Mercadona-Triana
TCK-70075,BASK-75,2025-08-13 16:42:26,Cerveza,Bebidas,1,Mercadona-Triana
TCK-70076,BASK-76,2025-11-01 11:30:26,Salsa mexicana,Salsas,2,SPAR-Telde
TCK-70076,BASK-76,2025-11-01 11:30:26,Arroz,Cereales,3,SPAR-Telde
TCK-70076,BASK-76,2025-11-01 11:30:26,Nachos de maíz,Snacks,1,SPAR-Telde
TCK-70076,BASK-76,2025-11-01 11:30:26,Café molido,Bebidas,3,SPAR-Telde
TCK-70076,BASK-76,2025-11-01 11:30:26,Pan de molde,Panadería,3,SPAR-Telde
TCK-70076,BASK-76,2025-11-01 11:30:26,ColaCao,Bebidas,1,SPAR-Telde
TCK-70076,BASK-76,2025-11-01 11:30:26,Pizza congelada,Congelados,1,SPAR-Telde
TCK-70077,BASK-77,2025-04-09 11:27:26,Salsa de tomate,Conservas,3,SPAR-Telde
TCK-70077,BASK-77,2025-04-09 11:27:26,Mermelada de fresa,Conservas,1,SPAR-Telde
TCK-70077,BASK-77,2025-04-09 11:27:26,Lechuga,Verduras,1,SPAR-Telde
TCK-70077,BASK-77,2025-04-09 11:27:26,Mantequilla,Lácteos,2,SPAR-Telde
TCK-70077,BASK-77,2025-04-09 11:27:26,Café molido,Bebidas,3,SPAR-Telde
TCK-70077,BASK-77,2025-04-09 11:27:26,Pan de molde,Panadería,3,SPAR-Telde
TCK-70078,BASK-78,2025-01-16 21:25:26,Cereal de desayuno,Cereales,3,SPAR-Telde
TCK-70078,BASK-78,2025-01-16 21:25:26,Manzanas,Frutas,1,SPAR-Telde
TCK-70078,BASK-78,2025-01-16 21:25:26,Mermelada de fresa,Conservas,1,SPAR-Telde
TCK-70078,BASK-78,2025-01-16 21:25:26,Tomates,Verduras,1,SPAR-Telde
TCK-70078,BASK-78,2025-01-16 21:25:26,Aceite de oliva,Aceites,2,SPAR-Telde
TCK-70078,BASK-78,2025-01-16 21:25:26,Huevos,Lácteos,1,SPAR-Telde
TCK-70078,BASK-78,2025-01-16 21:25:26,Galletas,Dulces,2,SPAR-Telde
TCK-70078,BASK-78,2025-01-16 21:25:26,ColaCao,Bebidas,2,SPAR-Telde
TCK-70079,BASK-79,2025-03-16 12:50:26,Pasta,Cereales,3,SPAR-Vegueta
TCK-70079,BASK-79,2025-03-16 12:50:26,Salsa de tomate,Conservas,1,SPAR-Vegueta
TCK-70079,BASK-79,2025-03-16 12:50:26,Patatas fritas bolsa,Snacks,2,SPAR-Vegueta
TCK-70079,BASK-79,2025-03-16 12:50:26,Mermelada de fresa,Conservas,1,SPAR-Vegueta
TCK-70079,BASK-79,2025-03-16 12:50:26,Arroz,Cereales,2,SPAR-Vegueta
TCK-70079,BASK-79,2025-03-16 12:50:26,Huevos,Lácteos,3,SPAR-Vegueta
TCK-70079,BASK-79,2025-03-16 12:50:26,Leche entera,Lácteos,2,SPAR-Vegueta
TCK-70080,BASK-80,2025-01-08 18:35:26,Mermelada de fresa,Conservas,3,Mercadona-Triana
TCK-70080,BASK-80,2025-01-08 18:35:26,Aceite de oliva,Aceites,3,Mercadona-Triana
TCK-70080,BASK-80,2025-01-08 18:35:26,Nachos de maíz,Snacks,2,Mercadona-Triana
TCK-70080,BASK-80,2025-01-08 18:35:26,Café molido,Bebidas,3,Mercadona-Triana
TCK-70080,BASK-80,2025-01-08 18:35:26,Guacamole refrigerado,Refrigerados,3,Mercadona-Triana
TCK-70080,BASK-80,2025-01-08 18:35:26,Galletas,Dulces,1,Mercadona-Triana
TCK-70080,BASK-80,2025-01-08 18:35:26,ColaCao,Bebidas,2,Mercadona-Triana
TCK-70081,BASK-81,2025-10-25 15:54:26,Cereal de desayuno,Cereales,2,HiperDino-SietePalmas
TCK-70081,BASK-81,2025-10-25 15:54:26,Manzanas,Frutas,3,HiperDino-SietePalmas
TCK-70081,BASK-81,2025-10-25 15:54:26,Patatas fritas bolsa,Snacks,1,HiperDino-SietePalmas
TCK-70081,BASK-81,2025-10-25 15:54:26,Lechuga,Verduras,2,HiperDino-SietePalmas
TCK-70081,BASK-81,2025-10-25 15:54:26,Yogur natural,Lácteos,1,HiperDino-SietePalmas
TCK-70081,BASK-81,2025-10-25 15:54:26,Queso curado,Lácteos,1,HiperDino-SietePalmas
TCK-70081,BASK-81,2025-10-25 15:54:26,Helado de vainilla,Congelados,2,HiperDino-SietePalmas
TCK-70081,BASK-81,2025-10-25 15:54:26,Pan de molde,Panadería,1,HiperDino-SietePalmas
TCK-70082,BASK-82,2025-01-29 18:16:26,Patatas fritas bolsa,Snacks,2,HiperDino-SietePalmas
TCK-70082,BASK-82,2025-01-29 18:16:26,Salsa mexicana,Salsas,1,HiperDino-SietePalmas
TCK-70082,BASK-82,2025-01-29 18:16:26,Lechuga,Verduras,2,HiperDino-SietePalmas
TCK-70082,BASK-82,2025-01-29 18:16:26,Arroz,Cereales,2,HiperDino-SietePalmas
TCK-70082,BASK-82,2025-01-29 18:16:26,Helado de vainilla,Congelados,1,HiperDino-SietePalmas
TCK-70082,BASK-82,2025-01-29 18:16:26,Refresco cola,Bebidas,2,HiperDino-SietePalmas
TCK-70083,BASK-83,2025-02-05 11:54:26,Pan de hamburguesa,Panadería,3,SPAR-Telde
TCK-70083,BASK-83,2025-02-05 11:54:26,Mermelada de fresa,Conservas,2,SPAR-Telde
TCK-70083,BASK-83,2025-02-05 11:54:26,Lechuga,Verduras,1,SPAR-Telde
TCK-70083,BASK-83,2025-02-05 11:54:26,Pan de barra,Panadería,1,SPAR-Telde
TCK-70083,BASK-83,2025-02-05 11:54:26,Nachos de maíz,Snacks,2,SPAR-Telde
TCK-70083,BASK-83,2025-02-05 11:54:26,Huevos,Lácteos,2,SPAR-Telde
TCK-70083,BASK-83,2025-02-05 11:54:26,Vino tinto,Bebidas,3,SPAR-Telde
TCK-70083,BASK-83,2025-02-05 11:54:26,Pan de molde,Panadería,2,SPAR-Telde
TCK-70083,BASK-83,2025-02-05 11:54:26,Cerveza,Bebidas,1,SPAR-Telde
TCK-70084,BASK-84,2025-06-09 15:13:26,Cereal de desayuno,Cereales,3,Mercadona-Triana
TCK-70084,BASK-84,2025-06-09 15:13:26,Salsa mexicana,Salsas,2,Mercadona-Triana
TCK-70084,BASK-84,2025-06-09 15:13:26,Queso curado,Lácteos,3,Mercadona-Triana
TCK-70084,BASK-84,2025-06-09 15:13:26,Helado de vainilla,Congelados,3,Mercadona-Triana
TCK-70084,BASK-84,2025-06-09 15:13:26,Nachos de maíz,Snacks,1,Mercadona-Triana
TCK-70084,BASK-84,2025-06-09 15:13:26,Huevos,Lácteos,3,Mercadona-Triana
TCK-70084,BASK-84,2025-06-09 15:13:26,Guacamole refrigerado,Refrigerados,2,Mercadona-Triana
TCK-70084,BASK-84,2025-06-09 15:13:26,Leche entera,Lácteos,2,Mercadona-Triana
TCK-70084,BASK-84,2025-06-09 15:13:26,Pan de molde,Panadería,3,Mercadona-Triana
TCK-70085,BASK-85,2025-01-26 23:52:26,Pasta,Cereales,2,SPAR-Telde
TCK-70085,BASK-85,2025-01-26 23:52:26,Mermelada de fresa,Conservas,3,SPAR-Telde
TCK-70085,BASK-85,2025-01-26 23:52:26,Arroz,Cereales,2,SPAR-Telde
TCK-70085,BASK-85,2025-01-26 23:52:26,Helado de vainilla,Congelados,3,SPAR-Telde
TCK-70085,BASK-85,2025-01-26 23:52:26,Café molido,Bebidas,2,SPAR-Telde
TCK-70085,BASK-85,2025-01-26 23:52:26,Leche entera,Lácteos,3,SPAR-Telde
TCK-70086,BASK-86,2025-09-27 17:26:26,Manzanas,Frutas,1,SPAR-Vegueta
TCK-70086,BASK-86,2025-09-27 17:26:26,Pan de hamburguesa,Panadería,3,SPAR-Vegueta
TCK-70086,BASK-86,2025-09-27 17:26:26,Patatas fritas bolsa,Snacks,2,SPAR-Vegueta
TCK-70086,BASK-86,2025-09-27 17:26:26,Pechuga de pollo,Carnicería,3,SPAR-Vegueta
TCK-70086,BASK-86,2025-09-27 17:26:26,Mermelada de fresa,Conservas,3,SPAR-Vegueta
TCK-70086,BASK-86,2025-09-27 17:26:26,Yogur natural,Lácteos,3,SPAR-Vegueta
TCK-70086,BASK-86,2025-09-27 17:26:26,Refresco cola,Bebidas,1,SPAR-Vegueta
TCK-70086,BASK-86,2025-09-27 17:26:26,Pañales,Bebé,1,SPAR-Vegueta
TCK-70086,BASK-86,2025-09-27 17:26:26,Cerveza,Bebidas,3,SPAR-Vegueta
TCK-70087,BASK-87,2025-01-13 15:13:26,Cereal de desayuno,Cereales,2,SPAR-Vegueta
TCK-70087,BASK-87,2025-01-13 15:13:26,Salsa de tomate,Conservas,2,SPAR-Vegueta
TCK-70087,BASK-87,2025-01-13 15:13:26,Mermelada de fresa,Conservas,3,SPAR-Vegueta
TCK-70087,BASK-87,2025-01-13 15:13:26,Salsa mexicana,Salsas,2,SPAR-Vegueta
TCK-70087,BASK-87,2025-01-13 15:13:26,Mantequilla,Lácteos,2,SPAR-Vegueta
TCK-70087,BASK-87,2025-01-13 15:13:26,ColaCao,Bebidas,3,SPAR-Vegueta
TCK-70087,BASK-87,2025-01-13 15:13:26,Cerveza,Bebidas,2,SPAR-Vegueta
TCK-70088,BASK-88,2025-01-25 23:18:26,Mermelada de fresa,Conservas,2,Mercadona-Triana
TCK-70088,BASK-88,2025-01-25 23:18:26,Salsa mexicana,Salsas,3,Mercadona-Triana
TCK-70088,BASK-88,2025-01-25 23:18:26,Arroz,Cereales,1,Mercadona-Triana
TCK-70088,BASK-88,2025-01-25 23:18:26,Queso curado,Lácteos,2,Mercadona-Triana
TCK-70088,BASK-88,2025-01-25 23:18:26,Café molido,Bebidas,1,Mercadona-Triana
TCK-70088,BASK-88,2025-01-25 23:18:26,Leche entera,Lácteos,1,Mercadona-Triana
TCK-70089,BASK-89,2025-09-23 13:55:26,Pasta,Cereales,1,SPAR-Telde
TCK-70089,BASK-89,2025-09-23 13:55:26,Salsa de tomate,Conservas,2,SPAR-Telde
TCK-70089,BASK-89,2025-09-23 13:55:26,Aceite de oliva,Aceites,1,SPAR-Telde
TCK-70089,BASK-89,2025-09-23 13:55:26,Salsa mexicana,Salsas,1,SPAR-Telde
TCK-70089,BASK-89,2025-09-23 13:55:26,Lechuga,Verduras,2,SPAR-Telde
TCK-70089,BASK-89,2025-09-23 13:55:26,Huevos,Lácteos,1,SPAR-Telde
TCK-70089,BASK-89,2025-09-23 13:55:26,Guacamole refrigerado,Refrigerados,2,SPAR-Telde
TCK-70089,BASK-89,2025-09-23 13:55:26,Café molido,Bebidas,3,SPAR-Telde
TCK-70090,BASK-90,2025-01-23 13:11:26,Patatas fritas bolsa,Snacks,3,HiperDino-SietePalmas
TCK-70090,BASK-90,2025-01-23 13:11:26,Plátanos,Frutas,3,HiperDino-SietePalmas
TCK-70090,BASK-90,2025-01-23 13:11:26,Salsa de tomate,Conservas,3,HiperDino-SietePalmas
TCK-70090,BASK-90,2025-01-23 13:11:26,Lechuga,Verduras,3,HiperDino-SietePalmas
TCK-70090,BASK-90,2025-01-23 13:11:26,Huevos,Lácteos,2,HiperDino-SietePalmas
TCK-70090,BASK-90,2025-01-23 13:11:26,Café molido,Bebidas,1,HiperDino-SietePalmas
TCK-70090,BASK-90,2025-01-23 13:11:26,Vino tinto,Bebidas,1,HiperDino-SietePalmas
TCK-70090,BASK-90,2025-01-23 13:11:26,Pañales,Bebé,2,HiperDino-SietePalmas
TCK-70090,BASK-90,2025-01-23 13:11:26,Cerveza,Bebidas,1,HiperDino-SietePalmas
TCK-70091,BASK-91,2025-07-08 18:59:26,Plátanos,Frutas,1,Mercadona-Triana
TCK-70091,BASK-91,2025-07-08 18:59:26,Arroz,Cereales,2,Mercadona-Triana
TCK-70091,BASK-91,2025-07-08 18:59:26,Aceite de oliva,Aceites,2,Mercadona-Triana
TCK-70092,BASK-92,2025-09-21 13:12:26,Pan de hamburguesa,Panadería,1,SPAR-Telde
TCK-70092,BASK-92,2025-09-21 13:12:26,Carne picada,Carnicería,2,SPAR-Telde
TCK-70092,BASK-92,2025-09-21 13:12:26,Plátanos,Frutas,1,SPAR-Telde
TCK-70092,BASK-92,2025-09-21 13:12:26,Tomates,Verduras,2,SPAR-Telde
TCK-70092,BASK-92,2025-09-21 13:12:26,Salsa de tomate,Conservas,3,SPAR-Telde
TCK-70092,BASK-92,2025-09-21 13:12:26,Yogur natural,Lácteos,2,SPAR-Telde
TCK-70092,BASK-92,2025-09-21 13:12:26,Pan de barra,Panadería,1,SPAR-Telde
TCK-70092,BASK-92,2025-09-21 13:12:26,Queso curado,Lácteos,3,SPAR-Telde
TCK-70092,BASK-92,2025-09-21 13:12:26,ColaCao,Bebidas,2,SPAR-Telde
TCK-70093,BASK-93,2025-09-23 18:29:26,Cereal de desayuno,Cereales,3,SPAR-Vegueta
TCK-70093,BASK-93,2025-09-23 18:29:26,Pechuga de pollo,Carnicería,3,SPAR-Vegueta
TCK-70093,BASK-93,2025-09-23 18:29:26,Queso curado,Lácteos,3,SPAR-Vegueta
TCK-70093,BASK-93,2025-09-23 18:29:26,Café molido,Bebidas,1,SPAR-Vegueta
TCK-70093,BASK-93,2025-09-23 18:29:26,Leche entera,Lácteos,1,SPAR-Vegueta
TCK-70093,BASK-93,2025-09-23 18:29:26,Vino tinto,Bebidas,3,SPAR-Vegueta
TCK-70093,BASK-93,2025-09-23 18:29:26,Pañales,Bebé,1,SPAR-Vegueta
TCK-70093,BASK-93,2025-09-23 18:29:26,Cerveza,Bebidas,3,SPAR-Vegueta
TCK-70094,BASK-94,2025-02-20 23:09:26,Manzanas,Frutas,3,Mercadona-Triana
TCK-70094,BASK-94,2025-02-20 23:09:26,Pan de hamburguesa,Panadería,3,Mercadona-Triana
TCK-70094,BASK-94,2025-02-20 23:09:26,Refresco cola,Bebidas,1,Mercadona-Triana
TCK-70094,BASK-94,2025-02-20 23:09:26,Leche entera,Lácteos,3,Mercadona-Triana
TCK-70094,BASK-94,2025-02-20 23:09:26,Galletas,Dulces,1,Mercadona-Triana
TCK-70095,BASK-95,2025-02-11 18:26:26,Pechuga de pollo,Carnicería,1,Mercadona-Triana
TCK-70095,BASK-95,2025-02-11 18:26:26,Aceite de oliva,Aceites,1,Mercadona-Triana
TCK-70095,BASK-95,2025-02-11 18:26:26,Pizza congelada,Congelados,2,Mercadona-Triana
TCK-70095,BASK-95,2025-02-11 18:26:26,Guacamole refrigerado,Refrigerados,1,Mercadona-Triana
TCK-70095,BASK-95,2025-02-11 18:26:26,Refresco cola,Bebidas,1,Mercadona-Triana
TCK-70095,BASK-95,2025-02-11 18:26:26,Cerveza,Bebidas,3,Mercadona-Triana
TCK-70096,BASK-96,2024-11-24 19:51:26,ColaCao,Bebidas,1,SPAR-Telde
TCK-70096,BASK-96,2024-11-24 19:51:26,Lechuga,Verduras,2,SPAR-Telde
TCK-70096,BASK-96,2024-11-24 19:51:26,Tomates,Verduras,1,SPAR-Telde
TCK-70096,BASK-96,2024-11-24 19:51:26,Queso curado,Lácteos,2,SPAR-Telde
TCK-70097,BASK-97,2025-10-22 18:20:26,Cereal de desayuno,Cereales,3,SPAR-Vegueta
TCK-70097,BASK-97,2025-10-22 18:20:26,Plátanos,Frutas,3,SPAR-Vegueta
TCK-70097,BASK-97,2025-10-22 18:20:26,Patatas fritas bolsa,Snacks,1,SPAR-Vegueta
TCK-70097,BASK-97,2025-10-22 18:20:26,Aceite de oliva,Aceites,3,SPAR-Vegueta
TCK-70097,BASK-97,2025-10-22 18:20:26,Salsa mexicana,Salsas,2,SPAR-Vegueta
TCK-70097,BASK-97,2025-10-22 18:20:26,Mantequilla,Lácteos,3,SPAR-Vegueta
TCK-70097,BASK-97,2025-10-22 18:20:26,Nachos de maíz,Snacks,3,SPAR-Vegueta
TCK-70097,BASK-97,2025-10-22 18:20:26,Guacamole refrigerado,Refrigerados,3,SPAR-Vegueta
TCK-70097,BASK-97,2025-10-22 18:20:26,Café molido,Bebidas,2,SPAR-Vegueta
TCK-70097,BASK-97,2025-10-22 18:20:26,Leche entera,Lácteos,2,SPAR-Vegueta
TCK-70098,BASK-98,2024-12-10 16:00:26,Pasta,Cereales,3,SPAR-Telde
TCK-70098,BASK-98,2024-12-10 16:00:26,Pechuga de pollo,Carnicería,3,SPAR-Telde
TCK-70098,BASK-98,2024-12-10 16:00:26,Cereal de desayuno,Cereales,2,SPAR-Telde
TCK-70098,BASK-98,2024-12-10 16:00:26,Plátanos,Frutas,3,SPAR-Telde
TCK-70098,BASK-98,2024-12-10 16:00:26,Lechuga,Verduras,2,SPAR-Telde
TCK-70098,BASK-98,2024-12-10 16:00:26,Yogur natural,Lácteos,3,SPAR-Telde
TCK-70098,BASK-98,2024-12-10 16:00:26,Café molido,Bebidas,2,SPAR-Telde
TCK-70098,BASK-98,2024-12-10 16:00:26,Refresco cola,Bebidas,1,SPAR-Telde
TCK-70098,BASK-98,2024-12-10 16:00:26,Pizza congelada,Congelados,1,SPAR-Telde
TCK-70099,BASK-99,2025-05-08 18:49:26,Cereal de desayuno,Cereales,2,SPAR-Telde
TCK-70099,BASK-99,2025-05-08 18:49:26,Mermelada de fresa,Conservas,2,SPAR-Telde
TCK-70099,BASK-99,2025-05-08 18:49:26,Huevos,Lácteos,2,SPAR-Telde
TCK-70099,BASK-99,2025-05-08 18:49:26,Refresco cola,Bebidas,1,SPAR-Telde
TCK-70099,BASK-99,2025-05-08 18:49:26,Leche entera,Lácteos,1,SPAR-Telde
TCK-70099,BASK-99,2025-05-08 18:49:26,Galletas,Dulces,3,SPAR-Telde
TCK-70099,BASK-99,2025-05-08 18:49:26,Pizza congelada,Congelados,1,SPAR-Telde
TCK-70100,BASK-100,2025-02-16 14:36:26,Salsa mexicana,Salsas,2,SPAR-Vegueta
TCK-70100,BASK-100,2025-02-16 14:36:26,Yogur natural,Lácteos,3,SPAR-Vegueta
TCK-70100,BASK-100,2025-02-16 14:36:26,Vino tinto,Bebidas,2,SPAR-Vegueta
TCK-70100,BASK-100,2025-02-16 14:36:26,Pizza congelada,Congelados,2,SPAR-Vegueta
TCK-70101,BASK-101,2025-05-12 14:09:26,Pan de hamburguesa,Panadería,2,HiperDino-SietePalmas
TCK-70101,BASK-101,2025-05-12 14:09:26,Lechuga,Verduras,2,HiperDino-SietePalmas
TCK-70101,BASK-101,2025-05-12 14:09:26,Pan de barra,Panadería,3,HiperDino-SietePalmas
TCK-70101,BASK-101,2025-05-12 14:09:26,Helado de vainilla,Congelados,2,HiperDino-SietePalmas
TCK-70101,BASK-101,2025-05-12 14:09:26,Guacamole refrigerado,Refrigerados,2,HiperDino-SietePalmas
TCK-70101,BASK-101,2025-05-12 14:09:26,Galletas,Dulces,2,HiperDino-SietePalmas
TCK-70102,BASK-102,2025-10-03 23:20:26,Tomates,Verduras,1,Mercadona-Triana
TCK-70102,BASK-102,2025-10-03 23:20:26,Aceite de oliva,Aceites,3,Mercadona-Triana
TCK-70102,BASK-102,2025-10-03 23:20:26,Yogur natural,Lácteos,2,Mercadona-Triana
TCK-70102,BASK-102,2025-10-03 23:20:26,Mantequilla,Lácteos,1,Mercadona-Triana
TCK-70102,BASK-102,2025-10-03 23:20:26,Café molido,Bebidas,1,Mercadona-Triana
TCK-70102,BASK-102,2025-10-03 23:20:26,Galletas,Dulces,1,Mercadona-Triana
TCK-70102,BASK-102,2025-10-03 23:20:26,ColaCao,Bebidas,3,Mercadona-Triana
TCK-70103,BASK-103,2025-02-23 15:07:26,Salsa de tomate,Conservas,1,HiperDino-SietePalmas
TCK-70103,BASK-103,2025-02-23 15:07:26,Arroz,Cereales,1,HiperDino-SietePalmas
TCK-70103,BASK-103,2025-02-23 15:07:26,Vino tinto,Bebidas,1,HiperDino-SietePalmas
TCK-70104,BASK-104,2025-09-20 14:53:26,Salsa de tomate,Conservas,1,SPAR-Vegueta
TCK-70104,BASK-104,2025-09-20 14:53:26,Vino tinto,Bebidas,2,SPAR-Vegueta
TCK-70104,BASK-104,2025-09-20 14:53:26,Pañales,Bebé,3,SPAR-Vegueta
TCK-70104,BASK-104,2025-09-20 14:53:26,Pizza congelada,Congelados,3,SPAR-Vegueta
TCK-70105,BASK-105,2025-01-21 14:52:26,Pasta,Cereales,2,SPAR-Telde
TCK-70105,BASK-105,2025-01-21 14:52:26,Patatas fritas bolsa,Snacks,3,SPAR-Telde
TCK-70105,BASK-105,2025-01-21 14:52:26,Mantequilla,Lácteos,2,SPAR-Telde
TCK-70105,BASK-105,2025-01-21 14:52:26,Nachos de maíz,Snacks,1,SPAR-Telde
TCK-70105,BASK-105,2025-01-21 14:52:26,Guacamole refrigerado,Refrigerados,2,SPAR-Telde
TCK-70105,BASK-105,2025-01-21 14:52:26,Refresco cola,Bebidas,2,SPAR-Telde
TCK-70105,BASK-105,2025-01-21 14:52:26,Leche entera,Lácteos,2,SPAR-Telde
TCK-70105,BASK-105,2025-01-21 14:52:26,ColaCao,Bebidas,2,SPAR-Telde
TCK-70106,BASK-106,2025-04-03 13:59:26,Pan de hamburguesa,Panadería,1,Mercadona-Triana
TCK-70106,BASK-106,2025-04-03 13:59:26,Refresco cola,Bebidas,1,Mercadona-Triana
TCK-70106,BASK-106,2025-04-03 13:59:26,Queso curado,Lácteos,2,Mercadona-Triana
TCK-70106,BASK-106,2025-04-03 13:59:26,Pizza congelada,Congelados,3,Mercadona-Triana
TCK-70107,BASK-107,2025-02-19 15:47:26,Pasta,Cereales,2,SPAR-Telde
TCK-70107,BASK-107,2025-02-19 15:47:26,Pechuga de pollo,Carnicería,2,SPAR-Telde
TCK-70107,BASK-107,2025-02-19 15:47:26,Patatas fritas bolsa,Snacks,2,SPAR-Telde
TCK-70107,BASK-107,2025-02-19 15:47:26,Yogur natural,Lácteos,1,SPAR-Telde
TCK-70107,BASK-107,2025-02-19 15:47:26,Pan de barra,Panadería,2,SPAR-Telde
TCK-70107,BASK-107,2025-02-19 15:47:26,Arroz,Cereales,2,SPAR-Telde
TCK-70107,BASK-107,2025-02-19 15:47:26,Café molido,Bebidas,3,SPAR-Telde
TCK-70107,BASK-107,2025-02-19 15:47:26,Leche entera,Lácteos,3,SPAR-Telde
TCK-70107,BASK-107,2025-02-19 15:47:26,Galletas,Dulces,3,SPAR-Telde
TCK-70108,BASK-108,2025-01-14 17:34:26,Cereal de desayuno,Cereales,1,Mercadona-Triana
TCK-70108,BASK-108,2025-01-14 17:34:26,Carne picada,Carnicería,2,Mercadona-Triana
TCK-70108,BASK-108,2025-01-14 17:34:26,Salsa de tomate,Conservas,2,Mercadona-Triana
TCK-70108,BASK-108,2025-01-14 17:34:26,Plátanos,Frutas,1,Mercadona-Triana
TCK-70108,BASK-108,2025-01-14 17:34:26,Salsa mexicana,Salsas,2,Mercadona-Triana
TCK-70108,BASK-108,2025-01-14 17:34:26,Arroz,Cereales,2,Mercadona-Triana
TCK-70108,BASK-108,2025-01-14 17:34:26,Queso curado,Lácteos,2,Mercadona-Triana
TCK-70108,BASK-108,2025-01-14 17:34:26,Guacamole refrigerado,Refrigerados,3,Mercadona-Triana
TCK-70108,BASK-108,2025-01-14 17:34:26,Refresco cola,Bebidas,1,Mercadona-Triana
TCK-70109,BASK-109,2025-05-15 19:41:26,Plátanos,Frutas,1,SPAR-Vegueta
TCK-70109,BASK-109,2025-05-15 19:41:26,Salsa de tomate,Conservas,1,SPAR-Vegueta
TCK-70109,BASK-109,2025-05-15 19:41:26,Aceite de oliva,Aceites,1,SPAR-Vegueta
TCK-70109,BASK-109,2025-05-15 19:41:26,Arroz,Cereales,3,SPAR-Vegueta
TCK-70109,BASK-109,2025-05-15 19:41:26,Queso curado,Lácteos,1,SPAR-Vegueta
TCK-70109,BASK-109,2025-05-15 19:41:26,Huevos,Lácteos,2,SPAR-Vegueta
TCK-70109,BASK-109,2025-05-15 19:41:26,Leche entera,Lácteos,1,SPAR-Vegueta
TCK-70110,BASK-110,2025-11-17 21:02:26,Pasta,Cereales,2,SPAR-Vegueta
TCK-70110,BASK-110,2025-11-17 21:02:26,Manzanas,Frutas,3,SPAR-Vegueta
TCK-70110,BASK-110,2025-11-17 21:02:26,Carne picada,Carnicería,1,SPAR-Vegueta
TCK-70110,BASK-110,2025-11-17 21:02:26,Plátanos,Frutas,1,SPAR-Vegueta
TCK-70110,BASK-110,2025-11-17 21:02:26,Pan de hamburguesa,Panadería,3,SPAR-Vegueta
TCK-70110,BASK-110,2025-11-17 21:02:26,Salsa de tomate,Conservas,1,SPAR-Vegueta
TCK-70110,BASK-110,2025-11-17 21:02:26,Cereal de desayuno,Cereales,2,SPAR-Vegueta
TCK-70110,BASK-110,2025-11-17 21:02:26,Mantequilla,Lácteos,3,SPAR-Vegueta
TCK-70110,BASK-110,2025-11-17 21:02:26,Helado de vainilla,Congelados,3,SPAR-Vegueta
TCK-70111,BASK-111,2025-09-06 18:49:26,Manzanas,Frutas,2,SPAR-Telde
TCK-70111,BASK-111,2025-09-06 18:49:26,Tomates,Verduras,2,SPAR-Telde
TCK-70111,BASK-111,2025-09-06 18:49:26,Lechuga,Verduras,3,SPAR-Telde
TCK-70111,BASK-111,2025-09-06 18:49:26,Salsa mexicana,Salsas,1,SPAR-Telde
TCK-70111,BASK-111,2025-09-06 18:49:26,Pan de barra,Panadería,2,SPAR-Telde
TCK-70111,BASK-111,2025-09-06 18:49:26,Mantequilla,Lácteos,3,SPAR-Telde
TCK-70111,BASK-111,2025-09-06 18:49:26,Vino tinto,Bebidas,3,SPAR-Telde
TCK-70112,BASK-112,2025-10-30 11:45:26,Pechuga de pollo,Carnicería,1,SPAR-Vegueta
TCK-70112,BASK-112,2025-10-30 11:45:26,Carne picada,Carnicería,3,SPAR-Vegueta
TCK-70112,BASK-112,2025-10-30 11:45:26,Pan de hamburguesa,Panadería,1,SPAR-Vegueta
TCK-70112,BASK-112,2025-10-30 11:45:26,Patatas fritas bolsa,Snacks,1,SPAR-Vegueta
TCK-70112,BASK-112,2025-10-30 11:45:26,Salsa mexicana,Salsas,2,SPAR-Vegueta
TCK-70112,BASK-112,2025-10-30 11:45:26,Mantequilla,Lácteos,3,SPAR-Vegueta
TCK-70112,BASK-112,2025-10-30 11:45:26,Guacamole refrigerado,Refrigerados,3,SPAR-Vegueta
TCK-70112,BASK-112,2025-10-30 11:45:26,Café molido,Bebidas,2,SPAR-Vegueta
TCK-70113,BASK-113,2025-04-02 17:56:26,Mermelada de fresa,Conservas,2,Mercadona-Triana
TCK-70113,BASK-113,2025-04-02 17:56:26,Aceite de oliva,Aceites,3,Mercadona-Triana
TCK-70113,BASK-113,2025-04-02 17:56:26,Lechuga,Verduras,1,Mercadona-Triana
TCK-70113,BASK-113,2025-04-02 17:56:26,Arroz,Cereales,3,Mercadona-Triana
TCK-70113,BASK-113,2025-04-02 17:56:26,Guacamole refrigerado,Refrigerados,3,Mercadona-Triana
TCK-70113,BASK-113,2025-04-02 17:56:26,Leche entera,Lácteos,1,Mercadona-Triana
TCK-70114,BASK-114,2025-05-15 11:31:26,Pechuga de pollo,Carnicería,2,Mercadona-Triana
TCK-70114,BASK-114,2025-05-15 11:31:26,Refresco cola,Bebidas,3,Mercadona-Triana
TCK-70114,BASK-114,2025-05-15 11:31:26,Pizza congelada,Congelados,2,Mercadona-Triana
TCK-70115,BASK-115,2025-09-16 11:58:26,Manzanas,Frutas,3,HiperDino-SietePalmas
TCK-70115,BASK-115,2025-09-16 11:58:26,Plátanos,Frutas,1,HiperDino-SietePalmas
TCK-70115,BASK-115,2025-09-16 11:58:26,Salsa mexicana,Salsas,2,HiperDino-SietePalmas
TCK-70115,BASK-115,2025-09-16 11:58:26,Nachos de maíz,Snacks,3,HiperDino-SietePalmas
TCK-70115,BASK-115,2025-09-16 11:58:26,Guacamole refrigerado,Refrigerados,1,HiperDino-SietePalmas
TCK-70116,BASK-116,2024-12-04 17:50:26,Arroz,Cereales,1,Mercadona-Triana
TCK-70116,BASK-116,2024-12-04 17:50:26,Pan de barra,Panadería,1,Mercadona-Triana
TCK-70116,BASK-116,2024-12-04 17:50:26,Mantequilla,Lácteos,2,Mercadona-Triana
TCK-70116,BASK-116,2024-12-04 17:50:26,Queso curado,Lácteos,3,Mercadona-Triana
TCK-70116,BASK-116,2024-12-04 17:50:26,Café molido,Bebidas,3,Mercadona-Triana
TCK-70116,BASK-116,2024-12-04 17:50:26,Refresco cola,Bebidas,1,Mercadona-Triana
TCK-70116,BASK-116,2024-12-04 17:50:26,Leche entera,Lácteos,2,Mercadona-Triana
TCK-70116,BASK-116,2024-12-04 17:50:26,Galletas,Dulces,2,Mercadona-Triana
TCK-70116,BASK-116,2024-12-04 17:50:26,ColaCao,Bebidas,2,Mercadona-Triana
TCK-70117,BASK-117,2025-03-10 11:22:26,Pechuga de pollo,Carnicería,3,Mercadona-Triana
TCK-70117,BASK-117,2025-03-10 11:22:26,Carne picada,Carnicería,2,Mercadona-Triana
TCK-70117,BASK-117,2025-03-10 11:22:26,Patatas fritas bolsa,Snacks,3,Mercadona-Triana
TCK-70117,BASK-117,2025-03-10 11:22:26,Pizza congelada,Congelados,3,Mercadona-Triana
TCK-70117,BASK-117,2025-03-10 11:22:26,Queso curado,Lácteos,3,Mercadona-Triana
TCK-70117,BASK-117,2025-03-10 11:22:26,Mantequilla,Lácteos,1,Mercadona-Triana
TCK-70117,BASK-117,2025-03-10 11:22:26,Huevos,Lácteos,1,Mercadona-Triana
TCK-70117,BASK-117,2025-03-10 11:22:26,Café molido,Bebidas,3,Mercadona-Triana
TCK-70117,BASK-117,2025-03-10 11:22:26,Pan de molde,Panadería,2,Mercadona-Triana
TCK-70117,BASK-117,2025-03-10 11:22:26,Cerveza,Bebidas,2,Mercadona-Triana
TCK-70118,BASK-118,2025-10-23 00:06:26,Pasta,Cereales,3,HiperDino-SietePalmas
TCK-70118,BASK-118,2025-10-23 00:06:26,Pechuga de pollo,Carnicería,3,HiperDino-SietePalmas
TCK-70118,BASK-118,2025-10-23 00:06:26,Carne picada,Carnicería,3,HiperDino-SietePalmas
TCK-70118,BASK-118,2025-10-23 00:06:26,Lechuga,Verduras,2,HiperDino-SietePalmas
TCK-70118,BASK-118,2025-10-23 00:06:26,Yogur natural,Lácteos,3,HiperDino-SietePalmas
TCK-70118,BASK-118,2025-10-23 00:06:26,Helado de vainilla,Congelados,2,HiperDino-SietePalmas
TCK-70118,BASK-118,2025-10-23 00:06:26,Huevos,Lácteos,2,HiperDino-SietePalmas
TCK-70118,BASK-118,2025-10-23 00:06:26,Leche entera,Lácteos,1,HiperDino-SietePalmas
TCK-70118,BASK-118,2025-10-23 00:06:26,Pan de molde,Panadería,1,HiperDino-SietePalmas
TCK-70118,BASK-118,2025-10-23 00:06:26,Cerveza,Bebidas,3,HiperDino-SietePalmas
TCK-70119,BASK-119,2024-11-29 18:09:26,Pan de hamburguesa,Panadería,3,SPAR-Vegueta
TCK-70119,BASK-119,2024-11-29 18:09:26,Plátanos,Frutas,1,SPAR-Vegueta
TCK-70119,BASK-119,2024-11-29 18:09:26,Mermelada de fresa,Conservas,2,SPAR-Vegueta
TCK-70119,BASK-119,2024-11-29 18:09:26,Lechuga,Verduras,1,SPAR-Vegueta
TCK-70119,BASK-119,2024-11-29 18:09:26,Yogur natural,Lácteos,2,SPAR-Vegueta
TCK-70119,BASK-119,2024-11-29 18:09:26,Helado de vainilla,Congelados,1,SPAR-Vegueta
TCK-70119,BASK-119,2024-11-29 18:09:26,Refresco cola,Bebidas,2,SPAR-Vegueta
TCK-70119,BASK-119,2024-11-29 18:09:26,Galletas,Dulces,1,SPAR-Vegueta
TCK-70119,BASK-119,2024-11-29 18:09:26,Cerveza,Bebidas,1,SPAR-Vegueta
TCK-70120,BASK-120,2025-03-23 20:13:26,Carne picada,Carnicería,2,SPAR-Vegueta
TCK-70120,BASK-120,2025-03-23 20:13:26,Aceite de oliva,Aceites,1,SPAR-Vegueta
TCK-70120,BASK-120,2025-03-23 20:13:26,Yogur natural,Lácteos,3,SPAR-Vegueta
TCK-70120,BASK-120,2025-03-23 20:13:26,Pan de barra,Panadería,2,SPAR-Vegueta
TCK-70120,BASK-120,2025-03-23 20:13:26,Refresco cola,Bebidas,1,SPAR-Vegueta
TCK-70120,BASK-120,2025-03-23 20:13:26,Cerveza,Bebidas,3,SPAR-Vegueta
TCK-70120,BASK-120,2025-03-23 20:13:26,Pizza congelada,Congelados,1,SPAR-Vegueta
TCK-70121,BASK-121,2025-10-07 15:38:26,Pasta,Cereales,1,Mercadona-Triana
TCK-70121,BASK-121,2025-10-07 15:38:26,Carne picada,Carnicería,3,Mercadona-Triana
TCK-70121,BASK-121,2025-10-07 15:38:26,Yogur natural,Lácteos,2,Mercadona-Triana
TCK-70121,BASK-121,2025-10-07 15:38:26,Pan de barra,Panadería,3,Mercadona-Triana
TCK-70121,BASK-121,2025-10-07 15:38:26,Helado de vainilla,Congelados,2,Mercadona-Triana
TCK-70121,BASK-121,2025-10-07 15:38:26,Nachos de maíz,Snacks,2,Mercadona-Triana
TCK-70121,BASK-121,2025-10-07 15:38:26,Café molido,Bebidas,1,Mercadona-Triana
TCK-70121,BASK-121,2025-10-07 15:38:26,Refresco cola,Bebidas,1,Mercadona-Triana
TCK-70121,BASK-121,2025-10-07 15:38:26,Galletas,Dulces,3,Mercadona-Triana
TCK-70121,BASK-121,2025-10-07 15:38:26,Pañales,Bebé,3,Mercadona-Triana
TCK-70122,BASK-122,2025-08-21 20:10:26,Pasta,Cereales,3,Mercadona-Triana
TCK-70122,BASK-122,2025-08-21 20:10:26,Pan de hamburguesa,Panadería,3,Mercadona-Triana
TCK-70122,BASK-122,2025-08-21 20:10:26,Salsa de tomate,Conservas,2,Mercadona-Triana
TCK-70122,BASK-122,2025-08-21 20:10:26,Mermelada de fresa,Conservas,3,Mercadona-Triana
TCK-70122,BASK-122,2025-08-21 20:10:26,Salsa mexicana,Salsas,2,Mercadona-Triana
TCK-70122,BASK-122,2025-08-21 20:10:26,Pañales,Bebé,1,Mercadona-Triana
TCK-70122,BASK-122,2025-08-21 20:10:26,Cerveza,Bebidas,3,Mercadona-Triana
TCK-70123,BASK-123,2025-01-07 12:59:26,Pechuga de pollo,Carnicería,1,HiperDino-SietePalmas
TCK-70123,BASK-123,2025-01-07 12:59:26,Pan de hamburguesa,Panadería,1,HiperDino-SietePalmas
TCK-70123,BASK-123,2025-01-07 12:59:26,Carne picada,Carnicería,3,HiperDino-SietePalmas
TCK-70123,BASK-123,2025-01-07 12:59:26,Tomates,Verduras,2,HiperDino-SietePalmas
TCK-70123,BASK-123,2025-01-07 12:59:26,Lechuga,Verduras,1,HiperDino-SietePalmas
TCK-70124,BASK-124,2025-03-24 22:08:26,Pasta,Cereales,3,SPAR-Vegueta
TCK-70124,BASK-124,2025-03-24 22:08:26,Arroz,Cereales,3,SPAR-Vegueta
TCK-70124,BASK-124,2025-03-24 22:08:26,Pan de barra,Panadería,3,SPAR-Vegueta
TCK-70124,BASK-124,2025-03-24 22:08:26,Helado de vainilla,Congelados,1,SPAR-Vegueta
TCK-70124,BASK-124,2025-03-24 22:08:26,Huevos,Lácteos,2,SPAR-Vegueta
TCK-70124,BASK-124,2025-03-24 22:08:26,Café molido,Bebidas,2,SPAR-Vegueta
TCK-70124,BASK-124,2025-03-24 22:08:26,Refresco cola,Bebidas,2,SPAR-Vegueta
TCK-70124,BASK-124,2025-03-24 22:08:26,Leche entera,Lácteos,1,SPAR-Vegueta
TCK-70124,BASK-124,2025-03-24 22:08:26,Vino tinto,Bebidas,2,SPAR-Vegueta
TCK-70124,BASK-124,2025-03-24 22:08:26,Pan de molde,Panadería,3,SPAR-Vegueta
TCK-70125,BASK-125,2025-09-02 11:57:26,Pasta,Cereales,3,HiperDino-SietePalmas
TCK-70125,BASK-125,2025-09-02 11:57:26,Plátanos,Frutas,2,HiperDino-SietePalmas
TCK-70125,BASK-125,2025-09-02 11:57:26,Arroz,Cereales,3,HiperDino-SietePalmas
TCK-70125,BASK-125,2025-09-02 11:57:26,Pan de barra,Panadería,2,HiperDino-SietePalmas
TCK-70125,BASK-125,2025-09-02 11:57:26,Huevos,Lácteos,2,HiperDino-SietePalmas
TCK-70125,BASK-125,2025-09-02 11:57:26,Café molido,Bebidas,1,HiperDino-SietePalmas
TCK-70125,BASK-125,2025-09-02 11:57:26,Galletas,Dulces,3,HiperDino-SietePalmas
TCK-70125,BASK-125,2025-09-02 11:57:26,Pan de molde,Panadería,2,HiperDino-SietePalmas
TCK-70125,BASK-125,2025-09-02 11:57:26,ColaCao,Bebidas,2,HiperDino-SietePalmas
TCK-70126,BASK-126,2025-11-01 16:29:26,Cereal de desayuno,Cereales,1,Mercadona-Triana
TCK-70126,BASK-126,2025-11-01 16:29:26,Carne picada,Carnicería,3,Mercadona-Triana
TCK-70126,BASK-126,2025-11-01 16:29:26,Salsa de tomate,Conservas,1,Mercadona-Triana
TCK-70126,BASK-126,2025-11-01 16:29:26,Lechuga,Verduras,3,Mercadona-Triana
TCK-70126,BASK-126,2025-11-01 16:29:26,Salsa mexicana,Salsas,1,Mercadona-Triana
TCK-70126,BASK-126,2025-11-01 16:29:26,Queso curado,Lácteos,2,Mercadona-Triana
TCK-70126,BASK-126,2025-11-01 16:29:26,Nachos de maíz,Snacks,2,Mercadona-Triana
TCK-70126,BASK-126,2025-11-01 16:29:26,Refresco cola,Bebidas,2,Mercadona-Triana
TCK-70126,BASK-126,2025-11-01 16:29:26,Pan de molde,Panadería,1,Mercadona-Triana
TCK-70126,BASK-126,2025-11-01 16:29:26,Pizza congelada,Congelados,3,Mercadona-Triana
TCK-70127,BASK-127,2025-07-30 15:34:26,Pasta,Cereales,3,SPAR-Vegueta
TCK-70127,BASK-127,2025-07-30 15:34:26,Pechuga de pollo,Carnicería,1,SPAR-Vegueta
TCK-70127,BASK-127,2025-07-30 15:34:26,Lechuga,Verduras,3,SPAR-Vegueta
TCK-70127,BASK-127,2025-07-30 15:34:26,Queso curado,Lácteos,1,SPAR-Vegueta
TCK-70127,BASK-127,2025-07-30 15:34:26,Vino tinto,Bebidas,2,SPAR-Vegueta
TCK-70127,BASK-127,2025-07-30 15:34:26,ColaCao,Bebidas,3,SPAR-Vegueta
TCK-70127,BASK-127,2025-07-30 15:34:26,Pañales,Bebé,1,SPAR-Vegueta
TCK-70128,BASK-128,2025-08-03 15:21:26,Patatas fritas bolsa,Snacks,2,HiperDino-SietePalmas
TCK-70128,BASK-128,2025-08-03 15:21:26,Refresco cola,Bebidas,2,HiperDino-SietePalmas
TCK-70128,BASK-128,2025-08-03 15:21:26,Galletas,Dulces,1,HiperDino-SietePalmas
TCK-70128,BASK-128,2025-08-03 15:21:26,Cerveza,Bebidas,3,HiperDino-SietePalmas
TCK-70128,BASK-128,2025-08-03 15:21:26,Pizza congelada,Congelados,1,HiperDino-SietePalmas
TCK-70129,BASK-129,2025-04-27 11:50:26,Cereal de desayuno,Cereales,3,SPAR-Telde
TCK-70129,BASK-129,2025-04-27 11:50:26,Pechuga de pollo,Carnicería,3,SPAR-Telde
TCK-70129,BASK-129,2025-04-27 11:50:26,Carne picada,Carnicería,2,SPAR-Telde
TCK-70129,BASK-129,2025-04-27 11:50:26,Mermelada de fresa,Conservas,2,SPAR-Telde
TCK-70129,BASK-129,2025-04-27 11:50:26,Tomates,Verduras,3,SPAR-Telde
TCK-70129,BASK-129,2025-04-27 11:50:26,Aceite de oliva,Aceites,2,SPAR-Telde
TCK-70129,BASK-129,2025-04-27 11:50:26,Yogur natural,Lácteos,2,SPAR-Telde
TCK-70129,BASK-129,2025-04-27 11:50:26,Leche entera,Lácteos,2,SPAR-Telde
TCK-70129,BASK-129,2025-04-27 11:50:26,Galletas,Dulces,1,SPAR-Telde
TCK-70129,BASK-129,2025-04-27 11:50:26,Pizza congelada,Congelados,1,SPAR-Telde
TCK-70130,BASK-130,2025-10-05 11:40:26,Cereal de desayuno,Cereales,3,Mercadona-Triana
TCK-70130,BASK-130,2025-10-05 11:40:26,Manzanas,Frutas,2,Mercadona-Triana
TCK-70130,BASK-130,2025-10-05 11:40:26,Plátanos,Frutas,2,Mercadona-Triana
TCK-70130,BASK-130,2025-10-05 11:40:26,Lechuga,Verduras,1,Mercadona-Triana
TCK-70130,BASK-130,2025-10-05 11:40:26,Arroz,Cereales,3,Mercadona-Triana
TCK-70130,BASK-130,2025-10-05 11:40:26,Queso curado,Lácteos,1,Mercadona-Triana
TCK-70130,BASK-130,2025-10-05 11:40:26,Refresco cola,Bebidas,2,Mercadona-Triana
TCK-70130,BASK-130,2025-10-05 11:40:26,Leche entera,Lácteos,2,Mercadona-Triana
TCK-70131,BASK-131,2025-08-25 22:03:26,Salsa mexicana,Salsas,1,Mercadona-Triana
TCK-70131,BASK-131,2025-08-25 22:03:26,Nachos de maíz,Snacks,3,Mercadona-Triana
TCK-70131,BASK-131,2025-08-25 22:03:26,Guacamole refrigerado,Refrigerados,3,Mercadona-Triana
TCK-70132,BASK-132,2025-08-05 18:27:26,Cereal de desayuno,Cereales,2,HiperDino-SietePalmas
TCK-70132,BASK-132,2025-08-05 18:27:26,Salsa mexicana,Salsas,1,HiperDino-SietePalmas
TCK-70132,BASK-132,2025-08-05 18:27:26,Patatas fritas bolsa,Snacks,3,HiperDino-SietePalmas
TCK-70132,BASK-132,2025-08-05 18:27:26,Leche entera,Lácteos,3,HiperDino-SietePalmas
TCK-70133,BASK-133,2025-06-08 13:50:26,Pan de hamburguesa,Panadería,1,HiperDino-SietePalmas
TCK-70133,BASK-133,2025-06-08 13:50:26,Salsa de tomate,Conservas,3,HiperDino-SietePalmas
TCK-70133,BASK-133,2025-06-08 13:50:26,Aceite de oliva,Aceites,1,HiperDino-SietePalmas
TCK-70133,BASK-133,2025-06-08 13:50:26,Queso curado,Lácteos,3,HiperDino-SietePalmas
TCK-70133,BASK-133,2025-06-08 13:50:26,Mantequilla,Lácteos,2,HiperDino-SietePalmas
TCK-70133,BASK-133,2025-06-08 13:50:26,Helado de vainilla,Congelados,1,HiperDino-SietePalmas
TCK-70133,BASK-133,2025-06-08 13:50:26,Café molido,Bebidas,2,HiperDino-SietePalmas
TCK-70133,BASK-133,2025-06-08 13:50:26,Leche entera,Lácteos,2,HiperDino-SietePalmas
TCK-70133,BASK-133,2025-06-08 13:50:26,ColaCao,Bebidas,2,HiperDino-SietePalmas
TCK-70133,BASK-133,2025-06-08 13:50:26,Pañales,Bebé,2,HiperDino-SietePalmas
TCK-70134,BASK-134,2025-01-12 21:35:26,Pasta,Cereales,1,SPAR-Vegueta
TCK-70134,BASK-134,2025-01-12 21:35:26,Salsa de tomate,Conservas,2,SPAR-Vegueta
TCK-70134,BASK-134,2025-01-12 21:35:26,Mermelada de fresa,Conservas,2,SPAR-Vegueta
TCK-70134,BASK-134,2025-01-12 21:35:26,Aceite de oliva,Aceites,3,SPAR-Vegueta
TCK-70134,BASK-134,2025-01-12 21:35:26,Yogur natural,Lácteos,2,SPAR-Vegueta
TCK-70134,BASK-134,2025-01-12 21:35:26,Queso curado,Lácteos,2,SPAR-Vegueta
TCK-70134,BASK-134,2025-01-12 21:35:26,Galletas,Dulces,1,SPAR-Vegueta
TCK-70134,BASK-134,2025-01-12 21:35:26,ColaCao,Bebidas,2,SPAR-Vegueta
TCK-70134,BASK-134,2025-01-12 21:35:26,Cerveza,Bebidas,1,SPAR-Vegueta
TCK-70135,BASK-135,2025-06-20 19:49:26,Salsa de tomate,Conservas,3,HiperDino-SietePalmas
TCK-70135,BASK-135,2025-06-20 19:49:26,Helado de vainilla,Congelados,1,HiperDino-SietePalmas
TCK-70135,BASK-135,2025-06-20 19:49:26,Huevos,Lácteos,2,HiperDino-SietePalmas
TCK-70135,BASK-135,2025-06-20 19:49:26,Pañales,Bebé,2,HiperDino-SietePalmas
TCK-70135,BASK-135,2025-06-20 19:49:26,Pizza congelada,Congelados,1,HiperDino-SietePalmas
TCK-70136,BASK-136,2025-01-31 21:27:26,Pasta,Cereales,3,Mercadona-Triana
TCK-70136,BASK-136,2025-01-31 21:27:26,Carne picada,Carnicería,2,Mercadona-Triana
TCK-70136,BASK-136,2025-01-31 21:27:26,Salsa de tomate,Conservas,1,Mercadona-Triana
TCK-70137,BASK-137,2025-03-18 23:35:26,Manzanas,Frutas,1,Mercadona-Triana
TCK-70137,BASK-137,2025-03-18 23:35:26,Pan de hamburguesa,Panadería,2,Mercadona-Triana
TCK-70137,BASK-137,2025-03-18 23:35:26,Tomates,Verduras,3,Mercadona-Triana
TCK-70137,BASK-137,2025-03-18 23:35:26,Salsa mexicana,Salsas,1,Mercadona-Triana
TCK-70137,BASK-137,2025-03-18 23:35:26,Pan de barra,Panadería,2,Mercadona-Triana
TCK-70137,BASK-137,2025-03-18 23:35:26,Nachos de maíz,Snacks,3,Mercadona-Triana
TCK-70137,BASK-137,2025-03-18 23:35:26,Huevos,Lácteos,3,Mercadona-Triana
TCK-70137,BASK-137,2025-03-18 23:35:26,Guacamole refrigerado,Refrigerados,2,Mercadona-Triana
TCK-70137,BASK-137,2025-03-18 23:35:26,Cerveza,Bebidas,2,Mercadona-Triana
TCK-70138,BASK-138,2025-02-24 21:54:26,Pasta,Cereales,1,Mercadona-Triana
TCK-70138,BASK-138,2025-02-24 21:54:26,Manzanas,Frutas,1,Mercadona-Triana
TCK-70138,BASK-138,2025-02-24 21:54:26,Tomates,Verduras,2,Mercadona-Triana
TCK-70138,BASK-138,2025-02-24 21:54:26,Huevos,Lácteos,1,Mercadona-Triana
TCK-70138,BASK-138,2025-02-24 21:54:26,Café molido,Bebidas,1,Mercadona-Triana
TCK-70138,BASK-138,2025-02-24 21:54:26,Vino tinto,Bebidas,3,Mercadona-Triana
TCK-70138,BASK-138,2025-02-24 21:54:26,Galletas,Dulces,3,Mercadona-Triana
TCK-70139,BASK-139,2025-09-23 17:23:26,Aceite de oliva,Aceites,3,Mercadona-Triana
TCK-70139,BASK-139,2025-09-23 17:23:26,Yogur natural,Lácteos,3,Mercadona-Triana
TCK-70139,BASK-139,2025-09-23 17:23:26,Queso curado,Lácteos,3,Mercadona-Triana
TCK-70139,BASK-139,2025-09-23 17:23:26,Mantequilla,Lácteos,1,Mercadona-Triana
TCK-70139,BASK-139,2025-09-23 17:23:26,Huevos,Lácteos,1,Mercadona-Triana
TCK-70139,BASK-139,2025-09-23 17:23:26,Refresco cola,Bebidas,1,Mercadona-Triana
TCK-70140,BASK-140,2025-02-19 14:33:26,Pasta,Cereales,2,SPAR-Vegueta
TCK-70140,BASK-140,2025-02-19 14:33:26,Plátanos,Frutas,3,SPAR-Vegueta
TCK-70140,BASK-140,2025-02-19 14:33:26,Leche entera,Lácteos,3,SPAR-Vegueta
TCK-70140,BASK-140,2025-02-19 14:33:26,Pañales,Bebé,1,SPAR-Vegueta
TCK-70140,BASK-140,2025-02-19 14:33:26,Cerveza,Bebidas,2,SPAR-Vegueta
TCK-70141,BASK-141,2025-02-23 15:27:26,Pan de hamburguesa,Panadería,1,Mercadona-Triana
TCK-70141,BASK-141,2025-02-23 15:27:26,Carne picada,Carnicería,1,Mercadona-Triana
TCK-70141,BASK-141,2025-02-23 15:27:26,Aceite de oliva,Aceites,1,Mercadona-Triana
TCK-70141,BASK-141,2025-02-23 15:27:26,Pan de barra,Panadería,2,Mercadona-Triana
TCK-70141,BASK-141,2025-02-23 15:27:26,Queso curado,Lácteos,1,Mercadona-Triana
TCK-70141,BASK-141,2025-02-23 15:27:26,Refresco cola,Bebidas,1,Mercadona-Triana
TCK-70141,BASK-141,2025-02-23 15:27:26,Galletas,Dulces,1,Mercadona-Triana
TCK-70141,BASK-141,2025-02-23 15:27:26,Cerveza,Bebidas,3,Mercadona-Triana
TCK-70142,BASK-142,2025-05-31 23:11:26,Cereal de desayuno,Cereales,2,SPAR-Vegueta
TCK-70142,BASK-142,2025-05-31 23:11:26,Pasta,Cereales,2,SPAR-Vegueta
TCK-70142,BASK-142,2025-05-31 23:11:26,Plátanos,Frutas,1,SPAR-Vegueta
TCK-70142,BASK-142,2025-05-31 23:11:26,Aceite de oliva,Aceites,3,SPAR-Vegueta
TCK-70142,BASK-142,2025-05-31 23:11:26,Leche entera,Lácteos,3,SPAR-Vegueta
TCK-70143,BASK-143,2025-03-31 16:27:26,Cereal de desayuno,Cereales,2,SPAR-Vegueta
TCK-70143,BASK-143,2025-03-31 16:27:26,Vino tinto,Bebidas,1,SPAR-Vegueta
TCK-70143,BASK-143,2025-03-31 16:27:26,Aceite de oliva,Aceites,2,SPAR-Vegueta
TCK-70144,BASK-144,2025-08-17 22:33:26,Yogur natural,Lácteos,3,SPAR-Telde
TCK-70144,BASK-144,2025-08-17 22:33:26,Leche entera,Lácteos,3,SPAR-Telde
TCK-70144,BASK-144,2025-08-17 22:33:26,ColaCao,Bebidas,2,SPAR-Telde
TCK-70144,BASK-144,2025-08-17 22:33:26,Pañales,Bebé,1,SPAR-Telde
TCK-70144,BASK-144,2025-08-17 22:33:26,Cerveza,Bebidas,1,SPAR-Telde
TCK-70145,BASK-145,2025-09-02 20:02:26,Salsa mexicana,Salsas,2,SPAR-Vegueta
TCK-70145,BASK-145,2025-09-02 20:02:26,Refresco cola,Bebidas,1,SPAR-Vegueta
TCK-70145,BASK-145,2025-09-02 20:02:26,Pañales,Bebé,3,SPAR-Vegueta
TCK-70145,BASK-145,2025-09-02 20:02:26,Cerveza,Bebidas,2,SPAR-Vegueta
TCK-70146,BASK-146,2025-06-03 19:15:26,Cereal de desayuno,Cereales,2,HiperDino-SietePalmas
TCK-70146,BASK-146,2025-06-03 19:15:26,Pechuga de pollo,Carnicería,2,HiperDino-SietePalmas
TCK-70146,BASK-146,2025-06-03 19:15:26,Plátanos,Frutas,3,HiperDino-SietePalmas
TCK-70146,BASK-146,2025-06-03 19:15:26,Yogur natural,Lácteos,1,HiperDino-SietePalmas
TCK-70146,BASK-146,2025-06-03 19:15:26,Mantequilla,Lácteos,1,HiperDino-SietePalmas
TCK-70146,BASK-146,2025-06-03 19:15:26,Helado de vainilla,Congelados,3,HiperDino-SietePalmas
TCK-70146,BASK-146,2025-06-03 19:15:26,Leche entera,Lácteos,1,HiperDino-SietePalmas
TCK-70146,BASK-146,2025-06-03 19:15:26,Pan de molde,Panadería,1,HiperDino-SietePalmas
TCK-70146,BASK-146,2025-06-03 19:15:26,ColaCao,Bebidas,1,HiperDino-SietePalmas
TCK-70147,BASK-147,2025-03-14 14:17:26,Cereal de desayuno,Cereales,1,HiperDino-SietePalmas
TCK-70147,BASK-147,2025-03-14 14:17:26,Salsa de tomate,Conservas,1,HiperDino-SietePalmas
TCK-70147,BASK-147,2025-03-14 14:17:26,Arroz,Cereales,3,HiperDino-SietePalmas
TCK-70147,BASK-147,2025-03-14 14:17:26,Mantequilla,Lácteos,1,HiperDino-SietePalmas
TCK-70147,BASK-147,2025-03-14 14:17:26,Refresco cola,Bebidas,2,HiperDino-SietePalmas
TCK-70147,BASK-147,2025-03-14 14:17:26,Leche entera,Lácteos,2,HiperDino-SietePalmas
TCK-70147,BASK-147,2025-03-14 14:17:26,Pan de molde,Panadería,2,HiperDino-SietePalmas
TCK-70147,BASK-147,2025-03-14 14:17:26,Pizza congelada,Congelados,3,HiperDino-SietePalmas
TCK-70148,BASK-148,2025-10-25 22:41:26,Pasta,Cereales,1,SPAR-Vegueta
TCK-70148,BASK-148,2025-10-25 22:41:26,Salsa de tomate,Conservas,2,SPAR-Vegueta
TCK-70148,BASK-148,2025-10-25 22:41:26,Patatas fritas bolsa,Snacks,2,SPAR-Vegueta
TCK-70148,BASK-148,2025-10-25 22:41:26,Pan de barra,Panadería,2,SPAR-Vegueta
TCK-70148,BASK-148,2025-10-25 22:41:26,Mantequilla,Lácteos,1,SPAR-Vegueta
TCK-70148,BASK-148,2025-10-25 22:41:26,Huevos,Lácteos,1,SPAR-Vegueta
TCK-70148,BASK-148,2025-10-25 22:41:26,Guacamole refrigerado,Refrigerados,2,SPAR-Vegueta
TCK-70149,BASK-149,2025-10-24 13:26:26,Patatas fritas bolsa,Snacks,2,SPAR-Vegueta
TCK-70149,BASK-149,2025-10-24 13:26:26,Aceite de oliva,Aceites,3,SPAR-Vegueta
TCK-70149,BASK-149,2025-10-24 13:26:26,Refresco cola,Bebidas,3,SPAR-Vegueta
TCK-70149,BASK-149,2025-10-24 13:26:26,Pañales,Bebé,2,SPAR-Vegueta
TCK-70149,BASK-149,2025-10-24 13:26:26,Cerveza,Bebidas,3,SPAR-Vegueta
TCK-70150,BASK-150,2025-06-12 20:04:26,Manzanas,Frutas,1,SPAR-Telde
TCK-70150,BASK-150,2025-06-12 20:04:26,Tomates,Verduras,1,SPAR-Telde
TCK-70150,BASK-150,2025-06-12 20:04:26,Aceite de oliva,Aceites,2,SPAR-Telde
TCK-70150,BASK-150,2025-06-12 20:04:26,Salsa mexicana,Salsas,3,SPAR-Telde
TCK-70150,BASK-150,2025-06-12 20:04:26,Yogur natural,Lácteos,1,SPAR-Telde
TCK-70150,BASK-150,2025-06-12 20:04:26,Arroz,Cereales,1,SPAR-Telde
TCK-70150,BASK-150,2025-06-12 20:04:26,Helado de vainilla,Congelados,1,SPAR-Telde
TCK-70150,BASK-150,2025-06-12 20:04:26,Pan de molde,Panadería,2,SPAR-Telde
TCK-70151,BASK-151,2025-01-21 14:17:26,Pasta,Cereales,3,Mercadona-Triana
TCK-70151,BASK-151,2025-01-21 14:17:26,Plátanos,Frutas,2,Mercadona-Triana
TCK-70151,BASK-151,2025-01-21 14:17:26,Salsa de tomate,Conservas,1,Mercadona-Triana
TCK-70151,BASK-151,2025-01-21 14:17:26,Aceite de oliva,Aceites,3,Mercadona-Triana
TCK-70152,BASK-152,2025-06-14 23:28:26,Helado de vainilla,Congelados,2,Mercadona-Triana
TCK-70152,BASK-152,2025-06-14 23:28:26,Mantequilla,Lácteos,3,Mercadona-Triana
TCK-70152,BASK-152,2025-06-14 23:28:26,Aceite de oliva,Aceites,2,Mercadona-Triana
TCK-70153,BASK-153,2025-06-21 17:12:26,Carne picada,Carnicería,3,HiperDino-SietePalmas
TCK-70153,BASK-153,2025-06-21 17:12:26,Mermelada de fresa,Conservas,2,HiperDino-SietePalmas
TCK-70153,BASK-153,2025-06-21 17:12:26,Salsa mexicana,Salsas,3,HiperDino-SietePalmas
TCK-70153,BASK-153,2025-06-21 17:12:26,Helado de vainilla,Congelados,1,HiperDino-SietePalmas
TCK-70153,BASK-153,2025-06-21 17:12:26,Refresco cola,Bebidas,3,HiperDino-SietePalmas
TCK-70154,BASK-154,2025-06-28 14:06:26,Carne picada,Carnicería,3,HiperDino-SietePalmas
TCK-70154,BASK-154,2025-06-28 14:06:26,Salsa de tomate,Conservas,2,HiperDino-SietePalmas
TCK-70154,BASK-154,2025-06-28 14:06:26,Aceite de oliva,Aceites,1,HiperDino-SietePalmas
TCK-70154,BASK-154,2025-06-28 14:06:26,Mantequilla,Lácteos,3,HiperDino-SietePalmas
TCK-70154,BASK-154,2025-06-28 14:06:26,Helado de vainilla,Congelados,1,HiperDino-SietePalmas
TCK-70154,BASK-154,2025-06-28 14:06:26,Café molido,Bebidas,2,HiperDino-SietePalmas
TCK-70154,BASK-154,2025-06-28 14:06:26,Refresco cola,Bebidas,1,HiperDino-SietePalmas
TCK-70154,BASK-154,2025-06-28 14:06:26,Vino tinto,Bebidas,2,HiperDino-SietePalmas
TCK-70154,BASK-154,2025-06-28 14:06:26,ColaCao,Bebidas,2,HiperDino-SietePalmas
TCK-70155,BASK-155,2025-10-10 22:42:26,Pan de hamburguesa,Panadería,1,SPAR-Vegueta
TCK-70155,BASK-155,2025-10-10 22:42:26,Plátanos,Frutas,1,SPAR-Vegueta
TCK-70155,BASK-155,2025-10-10 22:42:26,Tomates,Verduras,3,SPAR-Vegueta
TCK-70155,BASK-155,2025-10-10 22:42:26,Lechuga,Verduras,2,SPAR-Vegueta
TCK-70155,BASK-155,2025-10-10 22:42:26,Salsa mexicana,Salsas,1,SPAR-Vegueta
TCK-70155,BASK-155,2025-10-10 22:42:26,Arroz,Cereales,1,SPAR-Vegueta
TCK-70155,BASK-155,2025-10-10 22:42:26,Helado de vainilla,Congelados,3,SPAR-Vegueta
TCK-70155,BASK-155,2025-10-10 22:42:26,Huevos,Lácteos,2,SPAR-Vegueta
TCK-70155,BASK-155,2025-10-10 22:42:26,Refresco cola,Bebidas,1,SPAR-Vegueta
TCK-70155,BASK-155,2025-10-10 22:42:26,ColaCao,Bebidas,1,SPAR-Vegueta
TCK-70156,BASK-156,2025-03-18 11:39:26,Pechuga de pollo,Carnicería,2,Mercadona-Triana
TCK-70156,BASK-156,2025-03-18 11:39:26,Pan de hamburguesa,Panadería,2,Mercadona-Triana
TCK-70156,BASK-156,2025-03-18 11:39:26,Plátanos,Frutas,1,Mercadona-Triana
TCK-70156,BASK-156,2025-03-18 11:39:26,Queso curado,Lácteos,1,Mercadona-Triana
TCK-70156,BASK-156,2025-03-18 11:39:26,Mantequilla,Lácteos,1,Mercadona-Triana
TCK-70156,BASK-156,2025-03-18 11:39:26,Huevos,Lácteos,1,Mercadona-Triana
TCK-70156,BASK-156,2025-03-18 11:39:26,Refresco cola,Bebidas,1,Mercadona-Triana
TCK-70156,BASK-156,2025-03-18 11:39:26,Vino tinto,Bebidas,2,Mercadona-Triana
TCK-70157,BASK-157,2025-04-22 12:04:26,Pasta,Cereales,3,SPAR-Telde
TCK-70157,BASK-157,2025-04-22 12:04:26,Manzanas,Frutas,1,SPAR-Telde
TCK-70157,BASK-157,2025-04-22 12:04:26,Carne picada,Carnicería,1,SPAR-Telde
TCK-70157,BASK-157,2025-04-22 12:04:26,Plátanos,Frutas,1,SPAR-Telde
TCK-70157,BASK-157,2025-04-22 12:04:26,Aceite de oliva,Aceites,1,SPAR-Telde
TCK-70157,BASK-157,2025-04-22 12:04:26,Huevos,Lácteos,1,SPAR-Telde
TCK-70157,BASK-157,2025-04-22 12:04:26,Café molido,Bebidas,3,SPAR-Telde
TCK-70157,BASK-157,2025-04-22 12:04:26,Refresco cola,Bebidas,1,SPAR-Telde
TCK-70158,BASK-158,2024-12-01 12:21:26,Pan de hamburguesa,Panadería,1,HiperDino-SietePalmas
TCK-70158,BASK-158,2024-12-01 12:21:26,Carne picada,Carnicería,1,HiperDino-SietePalmas
TCK-70158,BASK-158,2024-12-01 12:21:26,Lechuga,Verduras,1,HiperDino-SietePalmas
TCK-70158,BASK-158,2024-12-01 12:21:26,Yogur natural,Lácteos,2,HiperDino-SietePalmas
TCK-70158,BASK-158,2024-12-01 12:21:26,Mantequilla,Lácteos,2,HiperDino-SietePalmas
TCK-70158,BASK-158,2024-12-01 12:21:26,Galletas,Dulces,1,HiperDino-SietePalmas
TCK-70158,BASK-158,2024-12-01 12:21:26,Pan de molde,Panadería,2,HiperDino-SietePalmas
TCK-70159,BASK-159,2025-03-09 11:23:26,Pasta,Cereales,3,HiperDino-SietePalmas
TCK-70159,BASK-159,2025-03-09 11:23:26,Pan de hamburguesa,Panadería,2,HiperDino-SietePalmas
TCK-70159,BASK-159,2025-03-09 11:23:26,Arroz,Cereales,2,HiperDino-SietePalmas
TCK-70159,BASK-159,2025-03-09 11:23:26,Yogur natural,Lácteos,2,HiperDino-SietePalmas
TCK-70159,BASK-159,2025-03-09 11:23:26,Mantequilla,Lácteos,3,HiperDino-SietePalmas
TCK-70159,BASK-159,2025-03-09 11:23:26,Huevos,Lácteos,3,HiperDino-SietePalmas
TCK-70159,BASK-159,2025-03-09 11:23:26,ColaCao,Bebidas,2,HiperDino-SietePalmas
TCK-70159,BASK-159,2025-03-09 11:23:26,Pañales,Bebé,2,HiperDino-SietePalmas
TCK-70159,BASK-159,2025-03-09 11:23:26,Pizza congelada,Congelados,1,HiperDino-SietePalmas
TCK-70160,BASK-160,2025-06-26 18:19:26,Salsa de tomate,Conservas,1,SPAR-Vegueta
TCK-70160,BASK-160,2025-06-26 18:19:26,Café molido,Bebidas,2,SPAR-Vegueta
TCK-70160,BASK-160,2025-06-26 18:19:26,Galletas,Dulces,3,SPAR-Vegueta
TCK-70161,BASK-161,2025-03-10 23:09:26,Aceite de oliva,Aceites,2,SPAR-Vegueta
TCK-70161,BASK-161,2025-03-10 23:09:26,Salsa mexicana,Salsas,1,SPAR-Vegueta
TCK-70161,BASK-161,2025-03-10 23:09:26,Yogur natural,Lácteos,2,SPAR-Vegueta
TCK-70161,BASK-161,2025-03-10 23:09:26,Arroz,Cereales,1,SPAR-Vegueta
TCK-70161,BASK-161,2025-03-10 23:09:26,Guacamole refrigerado,Refrigerados,3,SPAR-Vegueta
TCK-70161,BASK-161,2025-03-10 23:09:26,Cerveza,Bebidas,3,SPAR-Vegueta
TCK-70162,BASK-162,2025-11-11 21:05:26,Pasta,Cereales,2,Mercadona-Triana
TCK-70162,BASK-162,2025-11-11 21:05:26,Carne picada,Carnicería,2,Mercadona-Triana
TCK-70162,BASK-162,2025-11-11 21:05:26,Salsa de tomate,Conservas,3,Mercadona-Triana
TCK-70162,BASK-162,2025-11-11 21:05:26,Plátanos,Frutas,2,Mercadona-Triana
TCK-70162,BASK-162,2025-11-11 21:05:26,Pan de hamburguesa,Panadería,1,Mercadona-Triana
TCK-70162,BASK-162,2025-11-11 21:05:26,Nachos de maíz,Snacks,2,Mercadona-Triana
TCK-70162,BASK-162,2025-11-11 21:05:26,Pan de molde,Panadería,1,Mercadona-Triana
TCK-70162,BASK-162,2025-11-11 21:05:26,ColaCao,Bebidas,1,Mercadona-Triana
TCK-70163,BASK-163,2024-12-10 23:35:26,Cereal de desayuno,Cereales,3,Mercadona-Triana
TCK-70163,BASK-163,2024-12-10 23:35:26,Café molido,Bebidas,2,Mercadona-Triana
TCK-70163,BASK-163,2024-12-10 23:35:26,Cerveza,Bebidas,3,Mercadona-Triana
TCK-70164,BASK-164,2025-01-17 16:10:26,Pechuga de pollo,Carnicería,2,Mercadona-Triana
TCK-70164,BASK-164,2025-01-17 16:10:26,Mermelada de fresa,Conservas,3,Mercadona-Triana
TCK-70164,BASK-164,2025-01-17 16:10:26,Queso curado,Lácteos,2,Mercadona-Triana
TCK-70164,BASK-164,2025-01-17 16:10:26,Helado de vainilla,Congelados,3,Mercadona-Triana
TCK-70164,BASK-164,2025-01-17 16:10:26,Café molido,Bebidas,2,Mercadona-Triana
TCK-70164,BASK-164,2025-01-17 16:10:26,Vino tinto,Bebidas,2,Mercadona-Triana
TCK-70164,BASK-164,2025-01-17 16:10:26,Leche entera,Lácteos,1,Mercadona-Triana
TCK-70165,BASK-165,2025-10-21 11:26:26,Plátanos,Frutas,2,SPAR-Telde
TCK-70165,BASK-165,2025-10-21 11:26:26,Helado de vainilla,Congelados,1,SPAR-Telde
TCK-70165,BASK-165,2025-10-21 11:26:26,Guacamole refrigerado,Refrigerados,2,SPAR-Telde
TCK-70165,BASK-165,2025-10-21 11:26:26,Leche entera,Lácteos,3,SPAR-Telde
TCK-70165,BASK-165,2025-10-21 11:26:26,ColaCao,Bebidas,2,SPAR-Telde
TCK-70165,BASK-165,2025-10-21 11:26:26,Pizza congelada,Congelados,1,SPAR-Telde
TCK-70166,BASK-166,2025-10-11 21:51:26,Helado de vainilla,Congelados,1,SPAR-Telde
TCK-70166,BASK-166,2025-10-11 21:51:26,Salsa de tomate,Conservas,1,SPAR-Telde
TCK-70166,BASK-166,2025-10-11 21:51:26,Yogur natural,Lácteos,1,SPAR-Telde
TCK-70167,BASK-167,2025-10-13 16:57:26,Pasta,Cereales,1,Mercadona-Triana
TCK-70167,BASK-167,2025-10-13 16:57:26,Refresco cola,Bebidas,2,Mercadona-Triana
TCK-70167,BASK-167,2025-10-13 16:57:26,Tomates,Verduras,3,Mercadona-Triana
TCK-70168,BASK-168,2025-08-21 13:28:26,Pan de hamburguesa,Panadería,3,HiperDino-SietePalmas
TCK-70168,BASK-168,2025-08-21 13:28:26,Plátanos,Frutas,2,HiperDino-SietePalmas
TCK-70168,BASK-168,2025-08-21 13:28:26,Salsa de tomate,Conservas,1,HiperDino-SietePalmas
TCK-70168,BASK-168,2025-08-21 13:28:26,Lechuga,Verduras,3,HiperDino-SietePalmas
TCK-70168,BASK-168,2025-08-21 13:28:26,Queso curado,Lácteos,3,HiperDino-SietePalmas
TCK-70168,BASK-168,2025-08-21 13:28:26,Café molido,Bebidas,3,HiperDino-SietePalmas
TCK-70168,BASK-168,2025-08-21 13:28:26,Guacamole refrigerado,Refrigerados,1,HiperDino-SietePalmas
TCK-70168,BASK-168,2025-08-21 13:28:26,Leche entera,Lácteos,3,HiperDino-SietePalmas
TCK-70168,BASK-168,2025-08-21 13:28:26,Pañales,Bebé,2,HiperDino-SietePalmas
TCK-70168,BASK-168,2025-08-21 13:28:26,Cerveza,Bebidas,1,HiperDino-SietePalmas
TCK-70169,BASK-169,2025-03-05 22:29:26,Cereal de desayuno,Cereales,3,SPAR-Vegueta
TCK-70169,BASK-169,2025-03-05 22:29:26,Helado de vainilla,Congelados,1,SPAR-Vegueta
TCK-70169,BASK-169,2025-03-05 22:29:26,Café molido,Bebidas,2,SPAR-Vegueta
TCK-70169,BASK-169,2025-03-05 22:29:26,Galletas,Dulces,2,SPAR-Vegueta
TCK-70169,BASK-169,2025-03-05 22:29:26,ColaCao,Bebidas,2,SPAR-Vegueta
TCK-70170,BASK-170,2025-08-31 15:01:26,Cereal de desayuno,Cereales,1,HiperDino-SietePalmas
TCK-70170,BASK-170,2025-08-31 15:01:26,Pan de hamburguesa,Panadería,1,HiperDino-SietePalmas
TCK-70170,BASK-170,2025-08-31 15:01:26,Salsa de tomate,Conservas,3,HiperDino-SietePalmas
TCK-70170,BASK-170,2025-08-31 15:01:26,Pañales,Bebé,3,HiperDino-SietePalmas
TCK-70171,BASK-171,2025-06-14 19:15:26,Pan de hamburguesa,Panadería,1,SPAR-Vegueta
TCK-70171,BASK-171,2025-06-14 19:15:26,Patatas fritas bolsa,Snacks,1,SPAR-Vegueta
TCK-70171,BASK-171,2025-06-14 19:15:26,Carne picada,Carnicería,2,SPAR-Vegueta
TCK-70171,BASK-171,2025-06-14 19:15:26,Aceite de oliva,Aceites,1,SPAR-Vegueta
TCK-70171,BASK-171,2025-06-14 19:15:26,Salsa mexicana,Salsas,2,SPAR-Vegueta
TCK-70171,BASK-171,2025-06-14 19:15:26,Café molido,Bebidas,3,SPAR-Vegueta
TCK-70171,BASK-171,2025-06-14 19:15:26,Refresco cola,Bebidas,1,SPAR-Vegueta
TCK-70171,BASK-171,2025-06-14 19:15:26,Pizza congelada,Congelados,1,SPAR-Vegueta
TCK-70172,BASK-172,2025-05-13 23:26:26,Pasta,Cereales,2,HiperDino-SietePalmas
TCK-70172,BASK-172,2025-05-13 23:26:26,Lechuga,Verduras,2,HiperDino-SietePalmas
TCK-70172,BASK-172,2025-05-13 23:26:26,Queso curado,Lácteos,3,HiperDino-SietePalmas
TCK-70172,BASK-172,2025-05-13 23:26:26,Mantequilla,Lácteos,2,HiperDino-SietePalmas
TCK-70172,BASK-172,2025-05-13 23:26:26,Huevos,Lácteos,2,HiperDino-SietePalmas
TCK-70172,BASK-172,2025-05-13 23:26:26,Leche entera,Lácteos,1,HiperDino-SietePalmas
TCK-70172,BASK-172,2025-05-13 23:26:26,Galletas,Dulces,1,HiperDino-SietePalmas
TCK-70172,BASK-172,2025-05-13 23:26:26,Pan de molde,Panadería,1,HiperDino-SietePalmas
TCK-70172,BASK-172,2025-05-13 23:26:26,ColaCao,Bebidas,2,HiperDino-SietePalmas
TCK-70173,BASK-173,2025-06-18 13:34:26,Salsa de tomate,Conservas,1,SPAR-Vegueta
TCK-70173,BASK-173,2025-06-18 13:34:26,Mermelada de fresa,Conservas,2,SPAR-Vegueta
TCK-70173,BASK-173,2025-06-18 13:34:26,Lechuga,Verduras,1,SPAR-Vegueta
TCK-70173,BASK-173,2025-06-18 13:34:26,Yogur natural,Lácteos,2,SPAR-Vegueta
TCK-70173,BASK-173,2025-06-18 13:34:26,Queso curado,Lácteos,3,SPAR-Vegueta
TCK-70173,BASK-173,2025-06-18 13:34:26,ColaCao,Bebidas,2,SPAR-Vegueta
TCK-70174,BASK-174,2024-12-22 23:35:26,Manzanas,Frutas,1,SPAR-Vegueta
TCK-70174,BASK-174,2024-12-22 23:35:26,Carne picada,Carnicería,3,SPAR-Vegueta
TCK-70174,BASK-174,2024-12-22 23:35:26,Patatas fritas bolsa,Snacks,1,SPAR-Vegueta
TCK-70174,BASK-174,2024-12-22 23:35:26,Plátanos,Frutas,3,SPAR-Vegueta
TCK-70174,BASK-174,2024-12-22 23:35:26,Arroz,Cereales,1,SPAR-Vegueta
TCK-70174,BASK-174,2024-12-22 23:35:26,Pan de barra,Panadería,3,SPAR-Vegueta
TCK-70174,BASK-174,2024-12-22 23:35:26,Galletas,Dulces,1,SPAR-Vegueta
TCK-70174,BASK-174,2024-12-22 23:35:26,ColaCao,Bebidas,3,SPAR-Vegueta
TCK-70174,BASK-174,2024-12-22 23:35:26,Pañales,Bebé,1,SPAR-Vegueta
TCK-70174,BASK-174,2024-12-22 23:35:26,Cerveza,Bebidas,3,SPAR-Vegueta
TCK-70175,BASK-175,2025-02-14 17:40:26,Cereal de desayuno,Cereales,1,HiperDino-SietePalmas
TCK-70175,BASK-175,2025-02-14 17:40:26,Pasta,Cereales,3,HiperDino-SietePalmas
TCK-70175,BASK-175,2025-02-14 17:40:26,Yogur natural,Lácteos,1,HiperDino-SietePalmas
TCK-70175,BASK-175,2025-02-14 17:40:26,Queso curado,Lácteos,2,HiperDino-SietePalmas
TCK-70175,BASK-175,2025-02-14 17:40:26,Leche entera,Lácteos,3,HiperDino-SietePalmas
TCK-70175,BASK-175,2025-02-14 17:40:26,Galletas,Dulces,3,HiperDino-SietePalmas
TCK-70175,BASK-175,2025-02-14 17:40:26,Pizza congelada,Congelados,2,HiperDino-SietePalmas
TCK-70176,BASK-176,2024-12-26 13:18:26,Salsa mexicana,Salsas,3,Mercadona-Triana
TCK-70176,BASK-176,2024-12-26 13:18:26,Pan de barra,Panadería,2,Mercadona-Triana
TCK-70176,BASK-176,2024-12-26 13:18:26,Nachos de maíz,Snacks,3,Mercadona-Triana
TCK-70176,BASK-176,2024-12-26 13:18:26,Refresco cola,Bebidas,3,Mercadona-Triana
TCK-70176,BASK-176,2024-12-26 13:18:26,Pizza congelada,Congelados,1,Mercadona-Triana
TCK-70177,BASK-177,2025-02-08 14:28:26,Carne picada,Carnicería,1,Mercadona-Triana
TCK-70177,BASK-177,2025-02-08 14:28:26,ColaCao,Bebidas,2,Mercadona-Triana
TCK-70177,BASK-177,2025-02-08 14:28:26,Salsa mexicana,Salsas,2,Mercadona-Triana
TCK-70177,BASK-177,2025-02-08 14:28:26,Queso curado,Lácteos,3,Mercadona-Triana
TCK-70177,BASK-177,2025-02-08 14:28:26,Guacamole refrigerado,Refrigerados,3,Mercadona-Triana
TCK-70177,BASK-177,2025-02-08 14:28:26,Café molido,Bebidas,3,Mercadona-Triana
TCK-70177,BASK-177,2025-02-08 14:28:26,Cerveza,Bebidas,3,Mercadona-Triana
TCK-70177,BASK-177,2025-02-08 14:28:26,Pañales,Bebé,1,Mercadona-Triana
TCK-70177,BASK-177,2025-02-08 14:28:26,Pizza congelada,Congelados,2,Mercadona-Triana
TCK-70178,BASK-178,2025-05-12 15:34:26,Patatas fritas bolsa,Snacks,1,SPAR-Vegueta
TCK-70178,BASK-178,2025-05-12 15:34:26,Refresco cola,Bebidas,2,SPAR-Vegueta
TCK-70178,BASK-178,2025-05-12 15:34:26,Cerveza,Bebidas,1,SPAR-Vegueta
TCK-70179,BASK-179,2025-03-09 14:31:26,Helado de vainilla,Congelados,2,HiperDino-SietePalmas
TCK-70179,BASK-179,2025-03-09 14:31:26,Salsa mexicana,Salsas,1,HiperDino-SietePalmas
TCK-70179,BASK-179,2025-03-09 14:31:26,Mermelada de fresa,Conservas,2,HiperDino-SietePalmas
TCK-70179,BASK-179,2025-03-09 14:31:26,Galletas,Dulces,3,HiperDino-SietePalmas
TCK-70180,BASK-180,2025-09-12 23:08:26,Salsa mexicana,Salsas,3,SPAR-Telde
TCK-70180,BASK-180,2025-09-12 23:08:26,Queso curado,Lácteos,1,SPAR-Telde
TCK-70180,BASK-180,2025-09-12 23:08:26,Nachos de maíz,Snacks,1,SPAR-Telde
TCK-70180,BASK-180,2025-09-12 23:08:26,Guacamole refrigerado,Refrigerados,2,SPAR-Telde
TCK-70180,BASK-180,2025-09-12 23:08:26,Refresco cola,Bebidas,2,SPAR-Telde
TCK-70181,BASK-181,2025-06-18 15:26:26,Aceite de oliva,Aceites,2,SPAR-Vegueta
TCK-70181,BASK-181,2025-06-18 15:26:26,Lechuga,Verduras,3,SPAR-Vegueta
TCK-70181,BASK-181,2025-06-18 15:26:26,Refresco cola,Bebidas,1,SPAR-Vegueta
TCK-70181,BASK-181,2025-06-18 15:26:26,Vino tinto,Bebidas,3,SPAR-Vegueta
TCK-70181,BASK-181,2025-06-18 15:26:26,Pan de molde,Panadería,3,SPAR-Vegueta
TCK-70182,BASK-182,2025-06-17 20:53:26,Pechuga de pollo,Carnicería,2,SPAR-Telde
TCK-70182,BASK-182,2025-06-17 20:53:26,Salsa de tomate,Conservas,1,SPAR-Telde
TCK-70182,BASK-182,2025-06-17 20:53:26,Plátanos,Frutas,1,SPAR-Telde
TCK-70182,BASK-182,2025-06-17 20:53:26,Aceite de oliva,Aceites,2,SPAR-Telde
TCK-70182,BASK-182,2025-06-17 20:53:26,ColaCao,Bebidas,3,SPAR-Telde
TCK-70183,BASK-183,2025-06-22 23:36:26,Pechuga de pollo,Carnicería,2,HiperDino-SietePalmas
TCK-70183,BASK-183,2025-06-22 23:36:26,Salsa mexicana,Salsas,3,HiperDino-SietePalmas
TCK-70183,BASK-183,2025-06-22 23:36:26,Nachos de maíz,Snacks,2,HiperDino-SietePalmas
TCK-70183,BASK-183,2025-06-22 23:36:26,Guacamole refrigerado,Refrigerados,3,HiperDino-SietePalmas
TCK-70183,BASK-183,2025-06-22 23:36:26,ColaCao,Bebidas,1,HiperDino-SietePalmas
TCK-70184,BASK-184,2025-05-23 13:56:26,Cereal de desayuno,Cereales,2,SPAR-Telde
TCK-70184,BASK-184,2025-05-23 13:56:26,Salsa de tomate,Conservas,1,SPAR-Telde
TCK-70184,BASK-184,2025-05-23 13:56:26,Pizza congelada,Congelados,2,SPAR-Telde
TCK-70184,BASK-184,2025-05-23 13:56:26,Helado de vainilla,Congelados,3,SPAR-Telde
TCK-70184,BASK-184,2025-05-23 13:56:26,Refresco cola,Bebidas,1,SPAR-Telde
TCK-70184,BASK-184,2025-05-23 13:56:26,Pan de molde,Panadería,1,SPAR-Telde
TCK-70184,BASK-184,2025-05-23 13:56:26,Cerveza,Bebidas,2,SPAR-Telde
TCK-70185,BASK-185,2025-01-11 17:04:26,Cereal de desayuno,Cereales,3,SPAR-Vegueta
TCK-70185,BASK-185,2025-01-11 17:04:26,Pan de hamburguesa,Panadería,1,SPAR-Vegueta
TCK-70185,BASK-185,2025-01-11 17:04:26,Salsa de tomate,Conservas,3,SPAR-Vegueta
TCK-70185,BASK-185,2025-01-11 17:04:26,Patatas fritas bolsa,Snacks,3,SPAR-Vegueta
TCK-70185,BASK-185,2025-01-11 17:04:26,Aceite de oliva,Aceites,2,SPAR-Vegueta
TCK-70185,BASK-185,2025-01-11 17:04:26,Queso curado,Lácteos,3,SPAR-Vegueta
TCK-70185,BASK-185,2025-01-11 17:04:26,Leche entera,Lácteos,3,SPAR-Vegueta
TCK-70185,BASK-185,2025-01-11 17:04:26,Pan de molde,Panadería,3,SPAR-Vegueta
TCK-70185,BASK-185,2025-01-11 17:04:26,Cerveza,Bebidas,3,SPAR-Vegueta
TCK-70186,BASK-186,2025-05-11 15:23:26,Plátanos,Frutas,2,SPAR-Vegueta
TCK-70186,BASK-186,2025-05-11 15:23:26,Salsa mexicana,Salsas,3,SPAR-Vegueta
TCK-70186,BASK-186,2025-05-11 15:23:26,Mantequilla,Lácteos,3,SPAR-Vegueta
TCK-70186,BASK-186,2025-05-11 15:23:26,Guacamole refrigerado,Refrigerados,3,SPAR-Vegueta
TCK-70186,BASK-186,2025-05-11 15:23:26,ColaCao,Bebidas,3,SPAR-Vegueta
TCK-70187,BASK-187,2025-04-15 23:37:26,Manzanas,Frutas,2,HiperDino-SietePalmas
TCK-70187,BASK-187,2025-04-15 23:37:26,Pechuga de pollo,Carnicería,2,HiperDino-SietePalmas
TCK-70187,BASK-187,2025-04-15 23:37:26,Aceite de oliva,Aceites,1,HiperDino-SietePalmas
TCK-70187,BASK-187,2025-04-15 23:37:26,Salsa mexicana,Salsas,1,HiperDino-SietePalmas
TCK-70187,BASK-187,2025-04-15 23:37:26,Nachos de maíz,Snacks,1,HiperDino-SietePalmas
TCK-70187,BASK-187,2025-04-15 23:37:26,Café molido,Bebidas,3,HiperDino-SietePalmas
TCK-70187,BASK-187,2025-04-15 23:37:26,Galletas,Dulces,2,HiperDino-SietePalmas
TCK-70187,BASK-187,2025-04-15 23:37:26,Pañales,Bebé,2,HiperDino-SietePalmas
TCK-70187,BASK-187,2025-04-15 23:37:26,Cerveza,Bebidas,2,HiperDino-SietePalmas
TCK-70188,BASK-188,2025-05-17 14:17:26,Pasta,Cereales,1,Mercadona-Triana
TCK-70188,BASK-188,2025-05-17 14:17:26,Plátanos,Frutas,1,Mercadona-Triana
TCK-70188,BASK-188,2025-05-17 14:17:26,Lechuga,Verduras,1,Mercadona-Triana
TCK-70188,BASK-188,2025-05-17 14:17:26,Arroz,Cereales,2,Mercadona-Triana
TCK-70188,BASK-188,2025-05-17 14:17:26,Vino tinto,Bebidas,2,Mercadona-Triana
TCK-70189,BASK-189,2025-03-16 23:58:26,Plátanos,Frutas,3,SPAR-Vegueta
TCK-70189,BASK-189,2025-03-16 23:58:26,Patatas fritas bolsa,Snacks,1,SPAR-Vegueta
TCK-70189,BASK-189,2025-03-16 23:58:26,Pan de barra,Panadería,2,SPAR-Vegueta
TCK-70189,BASK-189,2025-03-16 23:58:26,Refresco cola,Bebidas,1,SPAR-Vegueta
TCK-70189,BASK-189,2025-03-16 23:58:26,Leche entera,Lácteos,1,SPAR-Vegueta
TCK-70189,BASK-189,2025-03-16 23:58:26,Cerveza,Bebidas,3,SPAR-Vegueta
TCK-70190,BASK-190,2025-02-10 13:45:26,Cereal de desayuno,Cereales,3,Mercadona-Triana
TCK-70190,BASK-190,2025-02-10 13:45:26,Manzanas,Frutas,2,Mercadona-Triana
TCK-70190,BASK-190,2025-02-10 13:45:26,Pasta,Cereales,2,Mercadona-Triana
TCK-70190,BASK-190,2025-02-10 13:45:26,Pan de hamburguesa,Panadería,1,Mercadona-Triana
TCK-70190,BASK-190,2025-02-10 13:45:26,Arroz,Cereales,1,Mercadona-Triana
TCK-70190,BASK-190,2025-02-10 13:45:26,Mantequilla,Lácteos,1,Mercadona-Triana
TCK-70190,BASK-190,2025-02-10 13:45:26,Queso curado,Lácteos,2,Mercadona-Triana
TCK-70190,BASK-190,2025-02-10 13:45:26,Pan de molde,Panadería,3,Mercadona-Triana
TCK-70190,BASK-190,2025-02-10 13:45:26,Cerveza,Bebidas,1,Mercadona-Triana
TCK-70191,BASK-191,2025-09-14 23:10:26,Pechuga de pollo,Carnicería,2,SPAR-Vegueta
TCK-70191,BASK-191,2025-09-14 23:10:26,Arroz,Cereales,1,SPAR-Vegueta
TCK-70191,BASK-191,2025-09-14 23:10:26,Tomates,Verduras,1,SPAR-Vegueta
TCK-70192,BASK-192,2025-11-22 12:52:26,Manzanas,Frutas,3,SPAR-Telde
TCK-70192,BASK-192,2025-11-22 12:52:26,Arroz,Cereales,3,SPAR-Telde
TCK-70192,BASK-192,2025-11-22 12:52:26,Guacamole refrigerado,Refrigerados,1,SPAR-Telde
TCK-70192,BASK-192,2025-11-22 12:52:26,Galletas,Dulces,1,SPAR-Telde
TCK-70192,BASK-192,2025-11-22 12:52:26,Pan de molde,Panadería,3,SPAR-Telde
TCK-70192,BASK-192,2025-11-22 12:52:26,Pañales,Bebé,1,SPAR-Telde
TCK-70192,BASK-192,2025-11-22 12:52:26,Cerveza,Bebidas,1,SPAR-Telde
TCK-70193,BASK-193,2025-04-08 13:44:26,Manzanas,Frutas,1,Mercadona-Triana
TCK-70193,BASK-193,2025-04-08 13:44:26,Pan de hamburguesa,Panadería,1,Mercadona-Triana
TCK-70193,BASK-193,2025-04-08 13:44:26,Plátanos,Frutas,1,Mercadona-Triana
TCK-70193,BASK-193,2025-04-08 13:44:26,Mermelada de fresa,Conservas,3,Mercadona-Triana
TCK-70193,BASK-193,2025-04-08 13:44:26,Queso curado,Lácteos,2,Mercadona-Triana
TCK-70194,BASK-194,2025-01-06 13:53:26,Mermelada de fresa,Conservas,1,SPAR-Vegueta
TCK-70194,BASK-194,2025-01-06 13:53:26,Tomates,Verduras,3,SPAR-Vegueta
TCK-70194,BASK-194,2025-01-06 13:53:26,Aceite de oliva,Aceites,2,SPAR-Vegueta
TCK-70194,BASK-194,2025-01-06 13:53:26,Lechuga,Verduras,2,SPAR-Vegueta
TCK-70194,BASK-194,2025-01-06 13:53:26,Mantequilla,Lácteos,3,SPAR-Vegueta
TCK-70194,BASK-194,2025-01-06 13:53:26,Helado de vainilla,Congelados,2,SPAR-Vegueta
TCK-70194,BASK-194,2025-01-06 13:53:26,Nachos de maíz,Snacks,2,SPAR-Vegueta
TCK-70194,BASK-194,2025-01-06 13:53:26,Pañales,Bebé,2,SPAR-Vegueta
TCK-70194,BASK-194,2025-01-06 13:53:26,Cerveza,Bebidas,1,SPAR-Vegueta
TCK-70195,BASK-195,2025-05-10 13:45:26,Cereal de desayuno,Cereales,1,SPAR-Vegueta
TCK-70195,BASK-195,2025-05-10 13:45:26,Pechuga de pollo,Carnicería,3,SPAR-Vegueta
TCK-70195,BASK-195,2025-05-10 13:45:26,Manzanas,Frutas,3,SPAR-Vegueta
TCK-70195,BASK-195,2025-05-10 13:45:26,Plátanos,Frutas,2,SPAR-Vegueta
TCK-70195,BASK-195,2025-05-10 13:45:26,Patatas fritas bolsa,Snacks,1,SPAR-Vegueta
TCK-70195,BASK-195,2025-05-10 13:45:26,Arroz,Cereales,3,SPAR-Vegueta
TCK-70195,BASK-195,2025-05-10 13:45:26,Café molido,Bebidas,2,SPAR-Vegueta
TCK-70195,BASK-195,2025-05-10 13:45:26,Pañales,Bebé,2,SPAR-Vegueta
TCK-70196,BASK-196,2025-03-23 20:17:26,Lechuga,Verduras,3,HiperDino-SietePalmas
TCK-70196,BASK-196,2025-03-23 20:17:26,Arroz,Cereales,1,HiperDino-SietePalmas
TCK-70196,BASK-196,2025-03-23 20:17:26,Pizza congelada,Congelados,1,HiperDino-SietePalmas
TCK-70196,BASK-196,2025-03-23 20:17:26,Refresco cola,Bebidas,3,HiperDino-SietePalmas
TCK-70196,BASK-196,2025-03-23 20:17:26,Galletas,Dulces,3,HiperDino-SietePalmas
TCK-70196,BASK-196,2025-03-23 20:17:26,Cerveza,Bebidas,1,HiperDino-SietePalmas
TCK-70197,BASK-197,2025-11-07 19:34:26,Pasta,Cereales,1,SPAR-Telde
TCK-70197,BASK-197,2025-11-07 19:34:26,Cereal de desayuno,Cereales,1,SPAR-Telde
TCK-70197,BASK-197,2025-11-07 19:34:26,Lechuga,Verduras,1,SPAR-Telde
TCK-70197,BASK-197,2025-11-07 19:34:26,ColaCao,Bebidas,1,SPAR-Telde
TCK-70197,BASK-197,2025-11-07 19:34:26,Pañales,Bebé,1,SPAR-Telde
TCK-70197,BASK-197,2025-11-07 19:34:26,Cerveza,Bebidas,1,SPAR-Telde
TCK-70198,BASK-198,2025-04-19 18:57:26,Refresco cola,Bebidas,2,SPAR-Vegueta
TCK-70198,BASK-198,2025-04-19 18:57:26,Mermelada de fresa,Conservas,3,SPAR-Vegueta
TCK-70198,BASK-198,2025-04-19 18:57:26,Aceite de oliva,Aceites,1,SPAR-Vegueta
TCK-70199,BASK-199,2025-03-21 21:42:26,Carne picada,Carnicería,2,HiperDino-SietePalmas
TCK-70199,BASK-199,2025-03-21 21:42:26,Patatas fritas bolsa,Snacks,2,HiperDino-SietePalmas
TCK-70199,BASK-199,2025-03-21 21:42:26,Mermelada de fresa,Conservas,1,HiperDino-SietePalmas
TCK-70199,BASK-199,2025-03-21 21:42:26,Salsa mexicana,Salsas,1,HiperDino-SietePalmas
TCK-70199,BASK-199,2025-03-21 21:42:26,Pan de barra,Panadería,2,HiperDino-SietePalmas
TCK-70199,BASK-199,2025-03-21 21:42:26,Queso curado,Lácteos,3,HiperDino-SietePalmas
TCK-70199,BASK-199,2025-03-21 21:42:26,Nachos de maíz,Snacks,2,HiperDino-SietePalmas
TCK-70199,BASK-199,2025-03-21 21:42:26,Leche entera,Lácteos,3,HiperDino-SietePalmas
TCK-70199,BASK-199,2025-03-21 21:42:26,Vino tinto,Bebidas,3,HiperDino-SietePalmas
TCK-70200,BASK-200,2025-07-27 15:09:26,Cereal de desayuno,Cereales,2,SPAR-Vegueta
TCK-70200,BASK-200,2025-07-27 15:09:26,Tomates,Verduras,1,SPAR-Vegueta
TCK-70200,BASK-200,2025-07-27 15:09:26,Lechuga,Verduras,2,SPAR-Vegueta
TCK-70200,BASK-200,2025-07-27 15:09:26,Pan de barra,Panadería,1,SPAR-Vegueta
TCK-70200,BASK-200,2025-07-27 15:09:26,Queso curado,Lácteos,2,SPAR-Vegueta
TCK-70200,BASK-200,2025-07-27 15:09:26,Cerveza,Bebidas,1,SPAR-Vegueta
TCK-70201,BASK-201,2024-12-05 00:10:26,Pechuga de pollo,Carnicería,3,Mercadona-Triana
TCK-70201,BASK-201,2024-12-05 00:10:26,Carne picada,Carnicería,3,Mercadona-Triana
TCK-70201,BASK-201,2024-12-05 00:10:26,Pan de hamburguesa,Panadería,2,Mercadona-Triana
TCK-70201,BASK-201,2024-12-05 00:10:26,Tomates,Verduras,1,Mercadona-Triana
TCK-70201,BASK-201,2024-12-05 00:10:26,Lechuga,Verduras,3,Mercadona-Triana
TCK-70202,BASK-202,2025-01-05 17:51:26,Cereal de desayuno,Cereales,2,SPAR-Vegueta
TCK-70202,BASK-202,2025-01-05 17:51:26,Pan de hamburguesa,Panadería,3,SPAR-Vegueta
TCK-70202,BASK-202,2025-01-05 17:51:26,Salsa de tomate,Conservas,2,SPAR-Vegueta
TCK-70202,BASK-202,2025-01-05 17:51:26,Plátanos,Frutas,1,SPAR-Vegueta
TCK-70202,BASK-202,2025-01-05 17:51:26,Lechuga,Verduras,1,SPAR-Vegueta
TCK-70202,BASK-202,2025-01-05 17:51:26,Pan de barra,Panadería,1,SPAR-Vegueta
TCK-70202,BASK-202,2025-01-05 17:51:26,Galletas,Dulces,1,SPAR-Vegueta
TCK-70203,BASK-203,2025-08-18 23:38:26,Pasta,Cereales,3,Mercadona-Triana
TCK-70203,BASK-203,2025-08-18 23:38:26,Salsa de tomate,Conservas,2,Mercadona-Triana
TCK-70203,BASK-203,2025-08-18 23:38:26,Aceite de oliva,Aceites,1,Mercadona-Triana
TCK-70203,BASK-203,2025-08-18 23:38:26,Pan de barra,Panadería,1,Mercadona-Triana
TCK-70203,BASK-203,2025-08-18 23:38:26,Nachos de maíz,Snacks,1,Mercadona-Triana
TCK-70204,BASK-204,2025-06-02 12:26:26,Pasta,Cereales,2,Mercadona-Triana
TCK-70204,BASK-204,2025-06-02 12:26:26,Patatas fritas bolsa,Snacks,2,Mercadona-Triana
TCK-70204,BASK-204,2025-06-02 12:26:26,Tomates,Verduras,3,Mercadona-Triana
TCK-70204,BASK-204,2025-06-02 12:26:26,Vino tinto,Bebidas,1,Mercadona-Triana
TCK-70204,BASK-204,2025-06-02 12:26:26,Leche entera,Lácteos,1,Mercadona-Triana
TCK-70204,BASK-204,2025-06-02 12:26:26,Pañales,Bebé,3,Mercadona-Triana
TCK-70205,BASK-205,2025-03-25 20:35:26,Carne picada,Carnicería,2,HiperDino-SietePalmas
TCK-70205,BASK-205,2025-03-25 20:35:26,Leche entera,Lácteos,3,HiperDino-SietePalmas
TCK-70205,BASK-205,2025-03-25 20:35:26,ColaCao,Bebidas,1,HiperDino-SietePalmas
TCK-70205,BASK-205,2025-03-25 20:35:26,Galletas,Dulces,1,HiperDino-SietePalmas
TCK-70206,BASK-206,2025-03-31 23:01:26,Lechuga,Verduras,1,Mercadona-Triana
TCK-70206,BASK-206,2025-03-31 23:01:26,Pan de barra,Panadería,3,Mercadona-Triana
TCK-70206,BASK-206,2025-03-31 23:01:26,Queso curado,Lácteos,1,Mercadona-Triana
TCK-70207,BASK-207,2025-06-05 18:27:26,Cereal de desayuno,Cereales,1,SPAR-Vegueta
TCK-70207,BASK-207,2025-06-05 18:27:26,Pan de hamburguesa,Panadería,3,SPAR-Vegueta
TCK-70207,BASK-207,2025-06-05 18:27:26,Plátanos,Frutas,3,SPAR-Vegueta
TCK-70207,BASK-207,2025-06-05 18:27:26,Yogur natural,Lácteos,2,SPAR-Vegueta
TCK-70207,BASK-207,2025-06-05 18:27:26,Pan de barra,Panadería,2,SPAR-Vegueta
TCK-70207,BASK-207,2025-06-05 18:27:26,Queso curado,Lácteos,1,SPAR-Vegueta
TCK-70207,BASK-207,2025-06-05 18:27:26,Refresco cola,Bebidas,3,SPAR-Vegueta
TCK-70207,BASK-207,2025-06-05 18:27:26,Leche entera,Lácteos,3,SPAR-Vegueta
TCK-70207,BASK-207,2025-06-05 18:27:26,Galletas,Dulces,1,SPAR-Vegueta
TCK-70207,BASK-207,2025-06-05 18:27:26,Pan de molde,Panadería,2,SPAR-Vegueta
TCK-70208,BASK-208,2025-04-06 23:25:26,Tomates,Verduras,1,Mercadona-Triana
TCK-70208,BASK-208,2025-04-06 23:25:26,Lechuga,Verduras,2,Mercadona-Triana
TCK-70208,BASK-208,2025-04-06 23:25:26,Yogur natural,Lácteos,3,Mercadona-Triana
TCK-70208,BASK-208,2025-04-06 23:25:26,Queso curado,Lácteos,2,Mercadona-Triana
TCK-70208,BASK-208,2025-04-06 23:25:26,Huevos,Lácteos,2,Mercadona-Triana
TCK-70208,BASK-208,2025-04-06 23:25:26,Refresco cola,Bebidas,1,Mercadona-Triana
TCK-70208,BASK-208,2025-04-06 23:25:26,Leche entera,Lácteos,2,Mercadona-Triana
TCK-70208,BASK-208,2025-04-06 23:25:26,Vino tinto,Bebidas,3,Mercadona-Triana
TCK-70209,BASK-209,2025-03-16 23:03:26,Cereal de desayuno,Cereales,3,SPAR-Telde
TCK-70209,BASK-209,2025-03-16 23:03:26,Salsa de tomate,Conservas,3,SPAR-Telde
TCK-70209,BASK-209,2025-03-16 23:03:26,Plátanos,Frutas,1,SPAR-Telde
TCK-70209,BASK-209,2025-03-16 23:03:26,Mermelada de fresa,Conservas,3,SPAR-Telde
TCK-70209,BASK-209,2025-03-16 23:03:26,Lechuga,Verduras,1,SPAR-Telde
TCK-70209,BASK-209,2025-03-16 23:03:26,Nachos de maíz,Snacks,1,SPAR-Telde
TCK-70209,BASK-209,2025-03-16 23:03:26,Huevos,Lácteos,3,SPAR-Telde
TCK-70209,BASK-209,2025-03-16 23:03:26,Pañales,Bebé,3,SPAR-Telde
TCK-70210,BASK-210,2024-12-25 20:19:26,Plátanos,Frutas,2,Mercadona-Triana
TCK-70210,BASK-210,2024-12-25 20:19:26,Tomates,Verduras,1,Mercadona-Triana
TCK-70210,BASK-210,2024-12-25 20:19:26,Mantequilla,Lácteos,1,Mercadona-Triana
TCK-70211,BASK-211,2025-09-14 21:27:26,Pasta,Cereales,2,HiperDino-SietePalmas
TCK-70211,BASK-211,2025-09-14 21:27:26,Pechuga de pollo,Carnicería,2,HiperDino-SietePalmas
TCK-70211,BASK-211,2025-09-14 21:27:26,Manzanas,Frutas,2,HiperDino-SietePalmas
TCK-70211,BASK-211,2025-09-14 21:27:26,Arroz,Cereales,3,HiperDino-SietePalmas
TCK-70211,BASK-211,2025-09-14 21:27:26,Refresco cola,Bebidas,3,HiperDino-SietePalmas
TCK-70211,BASK-211,2025-09-14 21:27:26,Galletas,Dulces,1,HiperDino-SietePalmas
TCK-70211,BASK-211,2025-09-14 21:27:26,Pan de molde,Panadería,1,HiperDino-SietePalmas
TCK-70211,BASK-211,2025-09-14 21:27:26,Cerveza,Bebidas,3,HiperDino-SietePalmas
TCK-70212,BASK-212,2024-12-12 23:41:26,Tomates,Verduras,2,SPAR-Vegueta
TCK-70212,BASK-212,2024-12-12 23:41:26,Salsa mexicana,Salsas,3,SPAR-Vegueta
TCK-70212,BASK-212,2024-12-12 23:41:26,Arroz,Cereales,2,SPAR-Vegueta
TCK-70212,BASK-212,2024-12-12 23:41:26,Pan de barra,Panadería,1,SPAR-Vegueta
TCK-70212,BASK-212,2024-12-12 23:41:26,Pizza congelada,Congelados,2,SPAR-Vegueta
TCK-70212,BASK-212,2024-12-12 23:41:26,Nachos de maíz,Snacks,1,SPAR-Vegueta
TCK-70212,BASK-212,2024-12-12 23:41:26,Huevos,Lácteos,1,SPAR-Vegueta
TCK-70212,BASK-212,2024-12-12 23:41:26,Guacamole refrigerado,Refrigerados,2,SPAR-Vegueta
TCK-70212,BASK-212,2024-12-12 23:41:26,Galletas,Dulces,3,SPAR-Vegueta
TCK-70212,BASK-212,2024-12-12 23:41:26,Cerveza,Bebidas,2,SPAR-Vegueta
TCK-70213,BASK-213,2025-08-28 16:49:26,Salsa de tomate,Conservas,3,Mercadona-Triana
TCK-70213,BASK-213,2025-08-28 16:49:26,Pan de barra,Panadería,2,Mercadona-Triana
TCK-70213,BASK-213,2025-08-28 16:49:26,Huevos,Lácteos,3,Mercadona-Triana
TCK-70213,BASK-213,2025-08-28 16:49:26,Galletas,Dulces,1,Mercadona-Triana
TCK-70213,BASK-213,2025-08-28 16:49:26,ColaCao,Bebidas,1,Mercadona-Triana
TCK-70214,BASK-214,2025-01-29 23:48:26,Lechuga,Verduras,2,Mercadona-Triana
TCK-70214,BASK-214,2025-01-29 23:48:26,Guacamole refrigerado,Refrigerados,2,Mercadona-Triana
TCK-70214,BASK-214,2025-01-29 23:48:26,Leche entera,Lácteos,3,Mercadona-Triana
TCK-70214,BASK-214,2025-01-29 23:48:26,Cerveza,Bebidas,2,Mercadona-Triana
TCK-70215,BASK-215,2024-12-17 13:08:26,Pechuga de pollo,Carnicería,2,Mercadona-Triana
TCK-70215,BASK-215,2024-12-17 13:08:26,Patatas fritas bolsa,Snacks,3,Mercadona-Triana
TCK-70215,BASK-215,2024-12-17 13:08:26,Lechuga,Verduras,2,Mercadona-Triana
TCK-70215,BASK-215,2024-12-17 13:08:26,Nachos de maíz,Snacks,3,Mercadona-Triana
TCK-70215,BASK-215,2024-12-17 13:08:26,Refresco cola,Bebidas,1,Mercadona-Triana
TCK-70215,BASK-215,2024-12-17 13:08:26,Leche entera,Lácteos,2,Mercadona-Triana
TCK-70215,BASK-215,2024-12-17 13:08:26,Vino tinto,Bebidas,2,Mercadona-Triana
TCK-70216,BASK-216,2025-03-23 22:00:26,Patatas fritas bolsa,Snacks,3,SPAR-Vegueta
TCK-70216,BASK-216,2025-03-23 22:00:26,Lechuga,Verduras,1,SPAR-Vegueta
TCK-70216,BASK-216,2025-03-23 22:00:26,Queso curado,Lácteos,1,SPAR-Vegueta
TCK-70216,BASK-216,2025-03-23 22:00:26,Helado de vainilla,Congelados,2,SPAR-Vegueta
TCK-70216,BASK-216,2025-03-23 22:00:26,Huevos,Lácteos,3,SPAR-Vegueta
TCK-70216,BASK-216,2025-03-23 22:00:26,Guacamole refrigerado,Refrigerados,3,SPAR-Vegueta
TCK-70216,BASK-216,2025-03-23 22:00:26,Refresco cola,Bebidas,1,SPAR-Vegueta
TCK-70216,BASK-216,2025-03-23 22:00:26,Café molido,Bebidas,3,SPAR-Vegueta
TCK-70217,BASK-217,2025-01-26 18:54:26,Manzanas,Frutas,2,Mercadona-Triana
TCK-70217,BASK-217,2025-01-26 18:54:26,Salsa de tomate,Conservas,3,Mercadona-Triana
TCK-70217,BASK-217,2025-01-26 18:54:26,Tomates,Verduras,2,Mercadona-Triana
TCK-70217,BASK-217,2025-01-26 18:54:26,Lechuga,Verduras,2,Mercadona-Triana
TCK-70217,BASK-217,2025-01-26 18:54:26,Leche entera,Lácteos,1,Mercadona-Triana
TCK-70217,BASK-217,2025-01-26 18:54:26,Cerveza,Bebidas,1,Mercadona-Triana
TCK-70218,BASK-218,2025-01-18 19:32:26,Pasta,Cereales,3,Mercadona-Triana
TCK-70218,BASK-218,2025-01-18 19:32:26,Manzanas,Frutas,3,Mercadona-Triana
TCK-70218,BASK-218,2025-01-18 19:32:26,Carne picada,Carnicería,2,Mercadona-Triana
TCK-70218,BASK-218,2025-01-18 19:32:26,Pan de hamburguesa,Panadería,3,Mercadona-Triana
TCK-70218,BASK-218,2025-01-18 19:32:26,Tomates,Verduras,3,Mercadona-Triana
TCK-70218,BASK-218,2025-01-18 19:32:26,Lechuga,Verduras,2,Mercadona-Triana
TCK-70219,BASK-219,2025-04-16 14:34:26,Manzanas,Frutas,3,SPAR-Vegueta
TCK-70219,BASK-219,2025-04-16 14:34:26,Salsa mexicana,Salsas,1,SPAR-Vegueta
TCK-70219,BASK-219,2025-04-16 14:34:26,Pan de barra,Panadería,1,SPAR-Vegueta
TCK-70219,BASK-219,2025-04-16 14:34:26,Mantequilla,Lácteos,2,SPAR-Vegueta
TCK-70219,BASK-219,2025-04-16 14:34:26,Helado de vainilla,Congelados,2,SPAR-Vegueta
TCK-70219,BASK-219,2025-04-16 14:34:26,Huevos,Lácteos,1,SPAR-Vegueta
TCK-70219,BASK-219,2025-04-16 14:34:26,Vino tinto,Bebidas,2,SPAR-Vegueta
TCK-70219,BASK-219,2025-04-16 14:34:26,Cerveza,Bebidas,2,SPAR-Vegueta
TCK-70220,BASK-220,2025-04-26 15:47:26,Carne picada,Carnicería,3,SPAR-Vegueta
TCK-70220,BASK-220,2025-04-26 15:47:26,Pan de hamburguesa,Panadería,2,SPAR-Vegueta
TCK-70220,BASK-220,2025-04-26 15:47:26,Mermelada de fresa,Conservas,1,SPAR-Vegueta
TCK-70220,BASK-220,2025-04-26 15:47:26,Aceite de oliva,Aceites,2,SPAR-Vegueta
TCK-70220,BASK-220,2025-04-26 15:47:26,Huevos,Lácteos,3,SPAR-Vegueta
TCK-70221,BASK-221,2025-09-06 22:35:26,Pasta,Cereales,1,SPAR-Vegueta
TCK-70221,BASK-221,2025-09-06 22:35:26,Pechuga de pollo,Carnicería,2,SPAR-Vegueta
TCK-70221,BASK-221,2025-09-06 22:35:26,Salsa mexicana,Salsas,1,SPAR-Vegueta
TCK-70221,BASK-221,2025-09-06 22:35:26,Pan de barra,Panadería,3,SPAR-Vegueta
TCK-70221,BASK-221,2025-09-06 22:35:26,Queso curado,Lácteos,2,SPAR-Vegueta
TCK-70221,BASK-221,2025-09-06 22:35:26,Helado de vainilla,Congelados,3,SPAR-Vegueta
TCK-70221,BASK-221,2025-09-06 22:35:26,Nachos de maíz,Snacks,1,SPAR-Vegueta
TCK-70221,BASK-221,2025-09-06 22:35:26,Vino tinto,Bebidas,3,SPAR-Vegueta
TCK-70221,BASK-221,2025-09-06 22:35:26,Pañales,Bebé,3,SPAR-Vegueta
TCK-70222,BASK-222,2025-04-09 20:49:26,Pechuga de pollo,Carnicería,1,HiperDino-SietePalmas
TCK-70222,BASK-222,2025-04-09 20:49:26,Queso curado,Lácteos,1,HiperDino-SietePalmas
TCK-70222,BASK-222,2025-04-09 20:49:26,Guacamole refrigerado,Refrigerados,1,HiperDino-SietePalmas
TCK-70222,BASK-222,2025-04-09 20:49:26,Vino tinto,Bebidas,1,HiperDino-SietePalmas
TCK-70222,BASK-222,2025-04-09 20:49:26,Cerveza,Bebidas,2,HiperDino-SietePalmas
TCK-70223,BASK-223,2025-01-20 13:50:26,Patatas fritas bolsa,Snacks,1,Mercadona-Triana
TCK-70223,BASK-223,2025-01-20 13:50:26,Mermelada de fresa,Conservas,3,Mercadona-Triana
TCK-70223,BASK-223,2025-01-20 13:50:26,Refresco cola,Bebidas,3,Mercadona-Triana
TCK-70223,BASK-223,2025-01-20 13:50:26,Leche entera,Lácteos,2,Mercadona-Triana
TCK-70223,BASK-223,2025-01-20 13:50:26,Cerveza,Bebidas,1,Mercadona-Triana
TCK-70224,BASK-224,2025-05-01 18:37:26,Patatas fritas bolsa,Snacks,1,SPAR-Vegueta
TCK-70224,BASK-224,2025-05-01 18:37:26,Mermelada de fresa,Conservas,3,SPAR-Vegueta
TCK-70224,BASK-224,2025-05-01 18:37:26,Helado de vainilla,Congelados,1,SPAR-Vegueta
TCK-70224,BASK-224,2025-05-01 18:37:26,Leche entera,Lácteos,3,SPAR-Vegueta
TCK-70224,BASK-224,2025-05-01 18:37:26,Galletas,Dulces,3,SPAR-Vegueta
TCK-70224,BASK-224,2025-05-01 18:37:26,ColaCao,Bebidas,2,SPAR-Vegueta
TCK-70224,BASK-224,2025-05-01 18:37:26,Pañales,Bebé,2,SPAR-Vegueta
TCK-70225,BASK-225,2025-08-31 18:02:26,Plátanos,Frutas,2,SPAR-Telde
TCK-70225,BASK-225,2025-08-31 18:02:26,Salsa de tomate,Conservas,1,SPAR-Telde
TCK-70225,BASK-225,2025-08-31 18:02:26,Yogur natural,Lácteos,2,SPAR-Telde
TCK-70225,BASK-225,2025-08-31 18:02:26,Queso curado,Lácteos,3,SPAR-Telde
TCK-70225,BASK-225,2025-08-31 18:02:26,Helado de vainilla,Congelados,2,SPAR-Telde
TCK-70225,BASK-225,2025-08-31 18:02:26,Guacamole refrigerado,Refrigerados,3,SPAR-Telde
TCK-70225,BASK-225,2025-08-31 18:02:26,Galletas,Dulces,1,SPAR-Telde
TCK-70226,BASK-226,2025-09-18 15:44:26,Pechuga de pollo,Carnicería,2,SPAR-Vegueta
TCK-70226,BASK-226,2025-09-18 15:44:26,Aceite de oliva,Aceites,3,SPAR-Vegueta
TCK-70226,BASK-226,2025-09-18 15:44:26,Mantequilla,Lácteos,2,SPAR-Vegueta
TCK-70226,BASK-226,2025-09-18 15:44:26,Queso curado,Lácteos,3,SPAR-Vegueta
TCK-70226,BASK-226,2025-09-18 15:44:26,Helado de vainilla,Congelados,1,SPAR-Vegueta
TCK-70226,BASK-226,2025-09-18 15:44:26,Nachos de maíz,Snacks,3,SPAR-Vegueta
TCK-70226,BASK-226,2025-09-18 15:44:26,Refresco cola,Bebidas,2,SPAR-Vegueta
TCK-70226,BASK-226,2025-09-18 15:44:26,Pan de molde,Panadería,1,SPAR-Vegueta
TCK-70226,BASK-226,2025-09-18 15:44:26,Pizza congelada,Congelados,2,SPAR-Vegueta
TCK-70227,BASK-227,2025-10-26 21:38:26,Nachos de maíz,Snacks,3,HiperDino-SietePalmas
TCK-70227,BASK-227,2025-10-26 21:38:26,Guacamole refrigerado,Refrigerados,3,HiperDino-SietePalmas
TCK-70227,BASK-227,2025-10-26 21:38:26,Pizza congelada,Congelados,2,HiperDino-SietePalmas
TCK-70227,BASK-227,2025-10-26 21:38:26,Cerveza,Bebidas,2,HiperDino-SietePalmas
TCK-70228,BASK-228,2025-09-24 14:00:26,Pechuga de pollo,Carnicería,2,HiperDino-SietePalmas
TCK-70228,BASK-228,2025-09-24 14:00:26,Carne picada,Carnicería,3,HiperDino-SietePalmas
TCK-70228,BASK-228,2025-09-24 14:00:26,Pan de hamburguesa,Panadería,3,HiperDino-SietePalmas
TCK-70228,BASK-228,2025-09-24 14:00:26,Tomates,Verduras,1,HiperDino-SietePalmas
TCK-70228,BASK-228,2025-09-24 14:00:26,Mermelada de fresa,Conservas,1,HiperDino-SietePalmas
TCK-70228,BASK-228,2025-09-24 14:00:26,Lechuga,Verduras,3,HiperDino-SietePalmas
TCK-70228,BASK-228,2025-09-24 14:00:26,Helado de vainilla,Congelados,3,HiperDino-SietePalmas
TCK-70228,BASK-228,2025-09-24 14:00:26,Huevos,Lácteos,1,HiperDino-SietePalmas
TCK-70228,BASK-228,2025-09-24 14:00:26,Galletas,Dulces,1,HiperDino-SietePalmas
TCK-70229,BASK-229,2025-08-20 18:45:26,Mermelada de fresa,Conservas,2,SPAR-Telde
TCK-70229,BASK-229,2025-08-20 18:45:26,Salsa mexicana,Salsas,1,SPAR-Telde
TCK-70229,BASK-229,2025-08-20 18:45:26,Arroz,Cereales,3,SPAR-Telde
TCK-70229,BASK-229,2025-08-20 18:45:26,Queso curado,Lácteos,2,SPAR-Telde
TCK-70229,BASK-229,2025-08-20 18:45:26,Café molido,Bebidas,2,SPAR-Telde
TCK-70229,BASK-229,2025-08-20 18:45:26,Cerveza,Bebidas,2,SPAR-Telde
TCK-70230,BASK-230,2024-11-28 12:13:26,Pechuga de pollo,Carnicería,1,Mercadona-Triana
TCK-70230,BASK-230,2024-11-28 12:13:26,Manzanas,Frutas,1,Mercadona-Triana
TCK-70230,BASK-230,2024-11-28 12:13:26,ColaCao,Bebidas,2,Mercadona-Triana
TCK-70230,BASK-230,2024-11-28 12:13:26,Aceite de oliva,Aceites,2,Mercadona-Triana
TCK-70231,BASK-231,2025-08-05 21:16:26,Carne picada,Carnicería,2,SPAR-Vegueta
TCK-70231,BASK-231,2025-08-05 21:16:26,Yogur natural,Lácteos,1,SPAR-Vegueta
TCK-70231,BASK-231,2025-08-05 21:16:26,Mantequilla,Lácteos,1,SPAR-Vegueta
TCK-70231,BASK-231,2025-08-05 21:16:26,Galletas,Dulces,2,SPAR-Vegueta
TCK-70231,BASK-231,2025-08-05 21:16:26,Pan de molde,Panadería,1,SPAR-Vegueta
TCK-70232,BASK-232,2025-05-15 16:39:26,Pasta,Cereales,3,SPAR-Vegueta
TCK-70232,BASK-232,2025-05-15 16:39:26,Salsa de tomate,Conservas,3,SPAR-Vegueta
TCK-70232,BASK-232,2025-05-15 16:39:26,Patatas fritas bolsa,Snacks,2,SPAR-Vegueta
TCK-70232,BASK-232,2025-05-15 16:39:26,Lechuga,Verduras,2,SPAR-Vegueta
TCK-70232,BASK-232,2025-05-15 16:39:26,Yogur natural,Lácteos,2,SPAR-Vegueta
TCK-70232,BASK-232,2025-05-15 16:39:26,Mantequilla,Lácteos,3,SPAR-Vegueta
TCK-70232,BASK-232,2025-05-15 16:39:26,Helado de vainilla,Congelados,3,SPAR-Vegueta
TCK-70232,BASK-232,2025-05-15 16:39:26,Nachos de maíz,Snacks,1,SPAR-Vegueta
TCK-70233,BASK-233,2025-02-19 21:41:26,Pechuga de pollo,Carnicería,3,SPAR-Telde
TCK-70233,BASK-233,2025-02-19 21:41:26,Manzanas,Frutas,2,SPAR-Telde
TCK-70233,BASK-233,2025-02-19 21:41:26,Mermelada de fresa,Conservas,1,SPAR-Telde
TCK-70233,BASK-233,2025-02-19 21:41:26,Arroz,Cereales,1,SPAR-Telde
TCK-70233,BASK-233,2025-02-19 21:41:26,Queso curado,Lácteos,2,SPAR-Telde
TCK-70233,BASK-233,2025-02-19 21:41:26,Helado de vainilla,Congelados,3,SPAR-Telde
TCK-70233,BASK-233,2025-02-19 21:41:26,Galletas,Dulces,3,SPAR-Telde
TCK-70233,BASK-233,2025-02-19 21:41:26,ColaCao,Bebidas,2,SPAR-Telde
TCK-70234,BASK-234,2025-09-28 22:50:26,Salsa de tomate,Conservas,1,SPAR-Telde
TCK-70234,BASK-234,2025-09-28 22:50:26,Lechuga,Verduras,3,SPAR-Telde
TCK-70234,BASK-234,2025-09-28 22:50:26,Pan de barra,Panadería,2,SPAR-Telde
TCK-70234,BASK-234,2025-09-28 22:50:26,Mantequilla,Lácteos,2,SPAR-Telde
TCK-70234,BASK-234,2025-09-28 22:50:26,Guacamole refrigerado,Refrigerados,1,SPAR-Telde
TCK-70234,BASK-234,2025-09-28 22:50:26,Galletas,Dulces,2,SPAR-Telde
TCK-70234,BASK-234,2025-09-28 22:50:26,ColaCao,Bebidas,2,SPAR-Telde
TCK-70234,BASK-234,2025-09-28 22:50:26,Cerveza,Bebidas,2,SPAR-Telde
TCK-70235,BASK-235,2025-09-15 20:32:26,Aceite de oliva,Aceites,2,Mercadona-Triana
TCK-70235,BASK-235,2025-09-15 20:32:26,Yogur natural,Lácteos,1,Mercadona-Triana
TCK-70235,BASK-235,2025-09-15 20:32:26,Vino tinto,Bebidas,3,Mercadona-Triana
TCK-70235,BASK-235,2025-09-15 20:32:26,Leche entera,Lácteos,2,Mercadona-Triana
TCK-70235,BASK-235,2025-09-15 20:32:26,Pan de molde,Panadería,2,Mercadona-Triana
TCK-70235,BASK-235,2025-09-15 20:32:26,Pañales,Bebé,1,Mercadona-Triana
TCK-70236,BASK-236,2024-12-27 19:04:26,Pasta,Cereales,3,Mercadona-Triana
TCK-70236,BASK-236,2024-12-27 19:04:26,Manzanas,Frutas,3,Mercadona-Triana
TCK-70236,BASK-236,2024-12-27 19:04:26,Mermelada de fresa,Conservas,2,Mercadona-Triana
TCK-70236,BASK-236,2024-12-27 19:04:26,Aceite de oliva,Aceites,3,Mercadona-Triana
TCK-70236,BASK-236,2024-12-27 19:04:26,Lechuga,Verduras,3,Mercadona-Triana
TCK-70236,BASK-236,2024-12-27 19:04:26,Salsa mexicana,Salsas,3,Mercadona-Triana
TCK-70236,BASK-236,2024-12-27 19:04:26,Nachos de maíz,Snacks,3,Mercadona-Triana
TCK-70236,BASK-236,2024-12-27 19:04:26,Refresco cola,Bebidas,2,Mercadona-Triana
TCK-70236,BASK-236,2024-12-27 19:04:26,Cerveza,Bebidas,3,Mercadona-Triana
TCK-70236,BASK-236,2024-12-27 19:04:26,Pizza congelada,Congelados,3,Mercadona-Triana
TCK-70237,BASK-237,2025-04-14 15:27:26,Carne picada,Carnicería,2,SPAR-Telde
TCK-70237,BASK-237,2025-04-14 15:27:26,Plátanos,Frutas,2,SPAR-Telde
TCK-70237,BASK-237,2025-04-14 15:27:26,Salsa de tomate,Conservas,2,SPAR-Telde
TCK-70237,BASK-237,2025-04-14 15:27:26,Salsa mexicana,Salsas,3,SPAR-Telde
TCK-70237,BASK-237,2025-04-14 15:27:26,Refresco cola,Bebidas,1,SPAR-Telde
TCK-70238,BASK-238,2024-12-16 21:11:26,Manzanas,Frutas,2,SPAR-Telde
TCK-70238,BASK-238,2024-12-16 21:11:26,Lechuga,Verduras,3,SPAR-Telde
TCK-70238,BASK-238,2024-12-16 21:11:26,Salsa mexicana,Salsas,1,SPAR-Telde
TCK-70238,BASK-238,2024-12-16 21:11:26,Helado de vainilla,Congelados,3,SPAR-Telde
TCK-70238,BASK-238,2024-12-16 21:11:26,Refresco cola,Bebidas,3,SPAR-Telde
TCK-70238,BASK-238,2024-12-16 21:11:26,Pan de molde,Panadería,1,SPAR-Telde
TCK-70239,BASK-239,2025-02-06 18:38:26,Pechuga de pollo,Carnicería,3,SPAR-Vegueta
TCK-70239,BASK-239,2025-02-06 18:38:26,Carne picada,Carnicería,1,SPAR-Vegueta
TCK-70239,BASK-239,2025-02-06 18:38:26,Manzanas,Frutas,2,SPAR-Vegueta
TCK-70239,BASK-239,2025-02-06 18:38:26,Arroz,Cereales,2,SPAR-Vegueta
TCK-70239,BASK-239,2025-02-06 18:38:26,Queso curado,Lácteos,1,SPAR-Vegueta
TCK-70239,BASK-239,2025-02-06 18:38:26,Nachos de maíz,Snacks,3,SPAR-Vegueta
TCK-70239,BASK-239,2025-02-06 18:38:26,Huevos,Lácteos,2,SPAR-Vegueta
TCK-70239,BASK-239,2025-02-06 18:38:26,Vino tinto,Bebidas,3,SPAR-Vegueta
TCK-70239,BASK-239,2025-02-06 18:38:26,Cerveza,Bebidas,1,SPAR-Vegueta
TCK-70240,BASK-240,2025-02-18 16:50:26,Pechuga de pollo,Carnicería,3,SPAR-Vegueta
TCK-70240,BASK-240,2025-02-18 16:50:26,Carne picada,Carnicería,3,SPAR-Vegueta
TCK-70240,BASK-240,2025-02-18 16:50:26,Plátanos,Frutas,1,SPAR-Vegueta
TCK-70240,BASK-240,2025-02-18 16:50:26,Aceite de oliva,Aceites,3,SPAR-Vegueta
TCK-70240,BASK-240,2025-02-18 16:50:26,Salsa mexicana,Salsas,3,SPAR-Vegueta
TCK-70240,BASK-240,2025-02-18 16:50:26,Lechuga,Verduras,1,SPAR-Vegueta
TCK-70240,BASK-240,2025-02-18 16:50:26,Arroz,Cereales,3,SPAR-Vegueta
TCK-70240,BASK-240,2025-02-18 16:50:26,Nachos de maíz,Snacks,1,SPAR-Vegueta
TCK-70240,BASK-240,2025-02-18 16:50:26,Guacamole refrigerado,Refrigerados,3,SPAR-Vegueta
TCK-70240,BASK-240,2025-02-18 16:50:26,Pan de molde,Panadería,3,SPAR-Vegueta
TCK-70241,BASK-241,2025-05-01 17:12:26,Yogur natural,Lácteos,2,SPAR-Telde
TCK-70241,BASK-241,2025-05-01 17:12:26,Arroz,Cereales,2,SPAR-Telde
TCK-70241,BASK-241,2025-05-01 17:12:26,Huevos,Lácteos,2,SPAR-Telde
TCK-70241,BASK-241,2025-05-01 17:12:26,Galletas,Dulces,3,SPAR-Telde
TCK-70241,BASK-241,2025-05-01 17:12:26,Pan de molde,Panadería,1,SPAR-Telde
TCK-70241,BASK-241,2025-05-01 17:12:26,ColaCao,Bebidas,1,SPAR-Telde
TCK-70241,BASK-241,2025-05-01 17:12:26,Pizza congelada,Congelados,1,SPAR-Telde
TCK-70242,BASK-242,2025-04-24 11:43:26,Pasta,Cereales,1,SPAR-Vegueta
TCK-70242,BASK-242,2025-04-24 11:43:26,Cereal de desayuno,Cereales,1,SPAR-Vegueta
TCK-70242,BASK-242,2025-04-24 11:43:26,Salsa de tomate,Conservas,3,SPAR-Vegueta
TCK-70242,BASK-242,2025-04-24 11:43:26,Tomates,Verduras,2,SPAR-Vegueta
TCK-70242,BASK-242,2025-04-24 11:43:26,Aceite de oliva,Aceites,3,SPAR-Vegueta
TCK-70242,BASK-242,2025-04-24 11:43:26,Mantequilla,Lácteos,1,SPAR-Vegueta
TCK-70243,BASK-243,2025-06-28 14:13:26,Pasta,Cereales,2,HiperDino-SietePalmas
TCK-70243,BASK-243,2025-06-28 14:13:26,Pechuga de pollo,Carnicería,3,HiperDino-SietePalmas
TCK-70243,BASK-243,2025-06-28 14:13:26,Salsa de tomate,Conservas,1,HiperDino-SietePalmas
TCK-70243,BASK-243,2025-06-28 14:13:26,Plátanos,Frutas,2,HiperDino-SietePalmas
TCK-70243,BASK-243,2025-06-28 14:13:26,Mermelada de fresa,Conservas,3,HiperDino-SietePalmas
TCK-70243,BASK-243,2025-06-28 14:13:26,Aceite de oliva,Aceites,2,HiperDino-SietePalmas
TCK-70243,BASK-243,2025-06-28 14:13:26,Nachos de maíz,Snacks,1,HiperDino-SietePalmas
TCK-70243,BASK-243,2025-06-28 14:13:26,Huevos,Lácteos,1,HiperDino-SietePalmas
TCK-70243,BASK-243,2025-06-28 14:13:26,Pañales,Bebé,1,HiperDino-SietePalmas
TCK-70243,BASK-243,2025-06-28 14:13:26,Pizza congelada,Congelados,3,HiperDino-SietePalmas
TCK-70244,BASK-244,2025-07-15 13:47:26,Plátanos,Frutas,3,SPAR-Vegueta
TCK-70244,BASK-244,2025-07-15 13:47:26,Aceite de oliva,Aceites,3,SPAR-Vegueta
TCK-70244,BASK-244,2025-07-15 13:47:26,Nachos de maíz,Snacks,2,SPAR-Vegueta
TCK-70244,BASK-244,2025-07-15 13:47:26,Pañales,Bebé,3,SPAR-Vegueta
TCK-70244,BASK-244,2025-07-15 13:47:26,Cerveza,Bebidas,2,SPAR-Vegueta
TCK-70245,BASK-245,2025-03-28 20:20:26,Lechuga,Verduras,1,SPAR-Telde
TCK-70245,BASK-245,2025-03-28 20:20:26,ColaCao,Bebidas,2,SPAR-Telde
TCK-70245,BASK-245,2025-03-28 20:20:26,Carne picada,Carnicería,3,SPAR-Telde
TCK-70245,BASK-245,2025-03-28 20:20:26,Leche entera,Lácteos,2,SPAR-Telde
TCK-70246,BASK-246,2025-02-09 19:21:26,Pechuga de pollo,Carnicería,3,SPAR-Telde
TCK-70246,BASK-246,2025-02-09 19:21:26,Salsa de tomate,Conservas,2,SPAR-Telde
TCK-70246,BASK-246,2025-02-09 19:21:26,Tomates,Verduras,1,SPAR-Telde
TCK-70246,BASK-246,2025-02-09 19:21:26,Yogur natural,Lácteos,2,SPAR-Telde
TCK-70246,BASK-246,2025-02-09 19:21:26,Mantequilla,Lácteos,1,SPAR-Telde
TCK-70246,BASK-246,2025-02-09 19:21:26,Nachos de maíz,Snacks,1,SPAR-Telde
TCK-70246,BASK-246,2025-02-09 19:21:26,Pan de molde,Panadería,3,SPAR-Telde
TCK-70247,BASK-247,2025-02-08 14:53:26,Helado de vainilla,Congelados,3,SPAR-Telde
TCK-70247,BASK-247,2025-02-08 14:53:26,Manzanas,Frutas,1,SPAR-Telde
TCK-70247,BASK-247,2025-02-08 14:53:26,Pan de hamburguesa,Panadería,2,SPAR-Telde
TCK-70248,BASK-248,2025-11-01 16:54:26,Pasta,Cereales,2,HiperDino-SietePalmas
TCK-70248,BASK-248,2025-11-01 16:54:26,Salsa de tomate,Conservas,1,HiperDino-SietePalmas
TCK-70248,BASK-248,2025-11-01 16:54:26,Mantequilla,Lácteos,3,HiperDino-SietePalmas
TCK-70248,BASK-248,2025-11-01 16:54:26,Huevos,Lácteos,2,HiperDino-SietePalmas
TCK-70248,BASK-248,2025-11-01 16:54:26,Leche entera,Lácteos,3,HiperDino-SietePalmas
TCK-70248,BASK-248,2025-11-01 16:54:26,Pañales,Bebé,1,HiperDino-SietePalmas
TCK-70249,BASK-249,2025-10-08 17:15:26,Pasta,Cereales,3,Mercadona-Triana
TCK-70249,BASK-249,2025-10-08 17:15:26,Pechuga de pollo,Carnicería,2,Mercadona-Triana
TCK-70249,BASK-249,2025-10-08 17:15:26,Salsa de tomate,Conservas,3,Mercadona-Triana
TCK-70249,BASK-249,2025-10-08 17:15:26,Mermelada de fresa,Conservas,1,Mercadona-Triana
TCK-70249,BASK-249,2025-10-08 17:15:26,Mantequilla,Lácteos,1,Mercadona-Triana
TCK-70249,BASK-249,2025-10-08 17:15:26,Pan de molde,Panadería,1,Mercadona-Triana
TCK-70249,BASK-249,2025-10-08 17:15:26,Cerveza,Bebidas,1,Mercadona-Triana
TCK-70250,BASK-250,2025-09-11 13:22:26,Pasta,Cereales,3,HiperDino-SietePalmas
TCK-70250,BASK-250,2025-09-11 13:22:26,Manzanas,Frutas,2,HiperDino-SietePalmas
TCK-70250,BASK-250,2025-09-11 13:22:26,Aceite de oliva,Aceites,2,HiperDino-SietePalmas
TCK-70250,BASK-250,2025-09-11 13:22:26,Arroz,Cereales,3,HiperDino-SietePalmas
TCK-70250,BASK-250,2025-09-11 13:22:26,Nachos de maíz,Snacks,1,HiperDino-SietePalmas
TCK-70250,BASK-250,2025-09-11 13:22:26,Guacamole refrigerado,Refrigerados,1,HiperDino-SietePalmas
TCK-70250,BASK-250,2025-09-11 13:22:26,Café molido,Bebidas,3,HiperDino-SietePalmas
TCK-70250,BASK-250,2025-09-11 13:22:26,Vino tinto,Bebidas,3,HiperDino-SietePalmas
TCK-70250,BASK-250,2025-09-11 13:22:26,ColaCao,Bebidas,1,HiperDino-SietePalmas
TCK-70250,BASK-250,2025-09-11 13:22:26,Cerveza,Bebidas,2,HiperDino-SietePalmas
TCK-70251,BASK-251,2025-06-26 13:44:26,Pan de molde,Panadería,2,Mercadona-Triana
TCK-70251,BASK-251,2025-06-26 13:44:26,Pechuga de pollo,Carnicería,3,Mercadona-Triana
TCK-70251,BASK-251,2025-06-26 13:44:26,Plátanos,Frutas,1,Mercadona-Triana
TCK-70251,BASK-251,2025-06-26 13:44:26,Mantequilla,Lácteos,3,Mercadona-Triana
TCK-70252,BASK-252,2025-08-12 21:24:26,Tomates,Verduras,2,SPAR-Vegueta
TCK-70252,BASK-252,2025-08-12 21:24:26,Pan de barra,Panadería,2,SPAR-Vegueta
TCK-70252,BASK-252,2025-08-12 21:24:26,Pizza congelada,Congelados,2,SPAR-Vegueta
TCK-70252,BASK-252,2025-08-12 21:24:26,Mantequilla,Lácteos,3,SPAR-Vegueta
TCK-70252,BASK-252,2025-08-12 21:24:26,Nachos de maíz,Snacks,1,SPAR-Vegueta
TCK-70252,BASK-252,2025-08-12 21:24:26,Huevos,Lácteos,3,SPAR-Vegueta
TCK-70252,BASK-252,2025-08-12 21:24:26,Refresco cola,Bebidas,2,SPAR-Vegueta
TCK-70252,BASK-252,2025-08-12 21:24:26,Cerveza,Bebidas,2,SPAR-Vegueta
TCK-70253,BASK-253,2025-11-02 11:24:26,Pasta,Cereales,1,SPAR-Telde
TCK-70253,BASK-253,2025-11-02 11:24:26,Salsa de tomate,Conservas,2,SPAR-Telde
TCK-70253,BASK-253,2025-11-02 11:24:26,Arroz,Cereales,3,SPAR-Telde
TCK-70253,BASK-253,2025-11-02 11:24:26,Pan de barra,Panadería,2,SPAR-Telde
TCK-70253,BASK-253,2025-11-02 11:24:26,Helado de vainilla,Congelados,3,SPAR-Telde
TCK-70253,BASK-253,2025-11-02 11:24:26,Café molido,Bebidas,2,SPAR-Telde
TCK-70253,BASK-253,2025-11-02 11:24:26,Galletas,Dulces,3,SPAR-Telde
TCK-70253,BASK-253,2025-11-02 11:24:26,Pan de molde,Panadería,1,SPAR-Telde
TCK-70253,BASK-253,2025-11-02 11:24:26,ColaCao,Bebidas,3,SPAR-Telde
TCK-70254,BASK-254,2025-05-11 16:41:26,Salsa de tomate,Conservas,2,HiperDino-SietePalmas
TCK-70254,BASK-254,2025-05-11 16:41:26,Patatas fritas bolsa,Snacks,1,HiperDino-SietePalmas
TCK-70254,BASK-254,2025-05-11 16:41:26,Mermelada de fresa,Conservas,2,HiperDino-SietePalmas
TCK-70254,BASK-254,2025-05-11 16:41:26,Helado de vainilla,Congelados,3,HiperDino-SietePalmas
TCK-70254,BASK-254,2025-05-11 16:41:26,Café molido,Bebidas,2,HiperDino-SietePalmas
TCK-70254,BASK-254,2025-05-11 16:41:26,Refresco cola,Bebidas,1,HiperDino-SietePalmas
TCK-70254,BASK-254,2025-05-11 16:41:26,Vino tinto,Bebidas,1,HiperDino-SietePalmas
TCK-70254,BASK-254,2025-05-11 16:41:26,Pañales,Bebé,1,HiperDino-SietePalmas
TCK-70255,BASK-255,2025-09-04 20:33:26,Guacamole refrigerado,Refrigerados,2,SPAR-Telde
TCK-70255,BASK-255,2025-09-04 20:33:26,Salsa de tomate,Conservas,3,SPAR-Telde
TCK-70255,BASK-255,2025-09-04 20:33:26,Tomates,Verduras,1,SPAR-Telde
TCK-70255,BASK-255,2025-09-04 20:33:26,Aceite de oliva,Aceites,3,SPAR-Telde
TCK-70256,BASK-256,2025-02-20 12:15:26,Carne picada,Carnicería,2,SPAR-Telde
TCK-70256,BASK-256,2025-02-20 12:15:26,Salsa de tomate,Conservas,3,SPAR-Telde
TCK-70256,BASK-256,2025-02-20 12:15:26,Plátanos,Frutas,3,SPAR-Telde
TCK-70256,BASK-256,2025-02-20 12:15:26,Tomates,Verduras,1,SPAR-Telde
TCK-70256,BASK-256,2025-02-20 12:15:26,Aceite de oliva,Aceites,2,SPAR-Telde
TCK-70256,BASK-256,2025-02-20 12:15:26,Yogur natural,Lácteos,2,SPAR-Telde
TCK-70256,BASK-256,2025-02-20 12:15:26,Queso curado,Lácteos,1,SPAR-Telde
TCK-70256,BASK-256,2025-02-20 12:15:26,Huevos,Lácteos,1,SPAR-Telde
TCK-70256,BASK-256,2025-02-20 12:15:26,Pan de molde,Panadería,2,SPAR-Telde
TCK-70256,BASK-256,2025-02-20 12:15:26,Pañales,Bebé,3,SPAR-Telde
TCK-70257,BASK-257,2025-01-02 14:51:26,Cereal de desayuno,Cereales,3,Mercadona-Triana
TCK-70257,BASK-257,2025-01-02 14:51:26,Pan de hamburguesa,Panadería,1,Mercadona-Triana
TCK-70257,BASK-257,2025-01-02 14:51:26,Salsa de tomate,Conservas,1,Mercadona-Triana
TCK-70257,BASK-257,2025-01-02 14:51:26,Plátanos,Frutas,2,Mercadona-Triana
TCK-70257,BASK-257,2025-01-02 14:51:26,Mantequilla,Lácteos,1,Mercadona-Triana
TCK-70257,BASK-257,2025-01-02 14:51:26,Café molido,Bebidas,2,Mercadona-Triana
TCK-70257,BASK-257,2025-01-02 14:51:26,Cerveza,Bebidas,2,Mercadona-Triana
TCK-70258,BASK-258,2025-01-24 00:04:26,Pañales,Bebé,3,SPAR-Vegueta
TCK-70258,BASK-258,2025-01-24 00:04:26,Plátanos,Frutas,1,SPAR-Vegueta
TCK-70258,BASK-258,2025-01-24 00:04:26,Pan de barra,Panadería,1,SPAR-Vegueta
TCK-70258,BASK-258,2025-01-24 00:04:26,Queso curado,Lácteos,1,SPAR-Vegueta
TCK-70259,BASK-259,2025-09-14 23:49:26,Carne picada,Carnicería,2,Mercadona-Triana
TCK-70259,BASK-259,2025-09-14 23:49:26,Mermelada de fresa,Conservas,1,Mercadona-Triana
TCK-70259,BASK-259,2025-09-14 23:49:26,Tomates,Verduras,3,Mercadona-Triana
TCK-70259,BASK-259,2025-09-14 23:49:26,Queso curado,Lácteos,1,Mercadona-Triana
TCK-70259,BASK-259,2025-09-14 23:49:26,Nachos de maíz,Snacks,2,Mercadona-Triana
TCK-70259,BASK-259,2025-09-14 23:49:26,Café molido,Bebidas,2,Mercadona-Triana
TCK-70259,BASK-259,2025-09-14 23:49:26,Vino tinto,Bebidas,1,Mercadona-Triana
TCK-70259,BASK-259,2025-09-14 23:49:26,Galletas,Dulces,2,Mercadona-Triana
TCK-70259,BASK-259,2025-09-14 23:49:26,Pan de molde,Panadería,1,Mercadona-Triana
TCK-70259,BASK-259,2025-09-14 23:49:26,Pañales,Bebé,3,Mercadona-Triana
TCK-70260,BASK-260,2025-05-09 23:53:26,Salsa de tomate,Conservas,3,HiperDino-SietePalmas
TCK-70260,BASK-260,2025-05-09 23:53:26,Refresco cola,Bebidas,2,HiperDino-SietePalmas
TCK-70260,BASK-260,2025-05-09 23:53:26,Patatas fritas bolsa,Snacks,1,HiperDino-SietePalmas
TCK-70260,BASK-260,2025-05-09 23:53:26,Cerveza,Bebidas,2,HiperDino-SietePalmas
TCK-70261,BASK-261,2025-01-24 15:14:26,Carne picada,Carnicería,1,SPAR-Vegueta
TCK-70261,BASK-261,2025-01-24 15:14:26,Salsa de tomate,Conservas,2,SPAR-Vegueta
TCK-70261,BASK-261,2025-01-24 15:14:26,Pan de barra,Panadería,3,SPAR-Vegueta
TCK-70262,BASK-262,2025-11-14 14:46:26,Pasta,Cereales,1,SPAR-Vegueta
TCK-70262,BASK-262,2025-11-14 14:46:26,Manzanas,Frutas,3,SPAR-Vegueta
TCK-70262,BASK-262,2025-11-14 14:46:26,Pechuga de pollo,Carnicería,2,SPAR-Vegueta
TCK-70262,BASK-262,2025-11-14 14:46:26,Plátanos,Frutas,3,SPAR-Vegueta
TCK-70262,BASK-262,2025-11-14 14:46:26,Tomates,Verduras,1,SPAR-Vegueta
TCK-70262,BASK-262,2025-11-14 14:46:26,Pan de barra,Panadería,3,SPAR-Vegueta
TCK-70262,BASK-262,2025-11-14 14:46:26,Queso curado,Lácteos,3,SPAR-Vegueta
TCK-70262,BASK-262,2025-11-14 14:46:26,Refresco cola,Bebidas,1,SPAR-Vegueta
TCK-70262,BASK-262,2025-11-14 14:46:26,Leche entera,Lácteos,3,SPAR-Vegueta
TCK-70262,BASK-262,2025-11-14 14:46:26,Pizza congelada,Congelados,1,SPAR-Vegueta
TCK-70263,BASK-263,2025-08-18 14:05:26,Café molido,Bebidas,2,HiperDino-SietePalmas
TCK-70263,BASK-263,2025-08-18 14:05:26,Vino tinto,Bebidas,1,HiperDino-SietePalmas
TCK-70263,BASK-263,2025-08-18 14:05:26,Galletas,Dulces,3,HiperDino-SietePalmas
TCK-70264,BASK-264,2025-01-17 19:21:26,Pasta,Cereales,1,HiperDino-SietePalmas
TCK-70264,BASK-264,2025-01-17 19:21:26,Carne picada,Carnicería,3,HiperDino-SietePalmas
TCK-70264,BASK-264,2025-01-17 19:21:26,Salsa de tomate,Conservas,1,HiperDino-SietePalmas
TCK-70264,BASK-264,2025-01-17 19:21:26,Tomates,Verduras,1,HiperDino-SietePalmas
TCK-70264,BASK-264,2025-01-17 19:21:26,Aceite de oliva,Aceites,1,HiperDino-SietePalmas
TCK-70264,BASK-264,2025-01-17 19:21:26,Lechuga,Verduras,3,HiperDino-SietePalmas
TCK-70264,BASK-264,2025-01-17 19:21:26,Helado de vainilla,Congelados,2,HiperDino-SietePalmas
TCK-70264,BASK-264,2025-01-17 19:21:26,Café molido,Bebidas,3,HiperDino-SietePalmas
TCK-70264,BASK-264,2025-01-17 19:21:26,Galletas,Dulces,2,HiperDino-SietePalmas
TCK-70264,BASK-264,2025-01-17 19:21:26,Pañales,Bebé,2,HiperDino-SietePalmas
TCK-70265,BASK-265,2025-03-09 11:44:26,Carne picada,Carnicería,2,Mercadona-Triana
TCK-70265,BASK-265,2025-03-09 11:44:26,Pan de hamburguesa,Panadería,3,Mercadona-Triana
TCK-70265,BASK-265,2025-03-09 11:44:26,Tomates,Verduras,2,Mercadona-Triana
TCK-70265,BASK-265,2025-03-09 11:44:26,Lechuga,Verduras,2,Mercadona-Triana
TCK-70265,BASK-265,2025-03-09 11:44:26,Yogur natural,Lácteos,1,Mercadona-Triana
TCK-70266,BASK-266,2025-03-27 21:47:26,Pechuga de pollo,Carnicería,3,Mercadona-Triana
TCK-70266,BASK-266,2025-03-27 21:47:26,Pan de hamburguesa,Panadería,1,Mercadona-Triana
TCK-70266,BASK-266,2025-03-27 21:47:26,Pan de barra,Panadería,3,Mercadona-Triana
TCK-70266,BASK-266,2025-03-27 21:47:26,Pizza congelada,Congelados,2,Mercadona-Triana
TCK-70266,BASK-266,2025-03-27 21:47:26,Nachos de maíz,Snacks,1,Mercadona-Triana
TCK-70266,BASK-266,2025-03-27 21:47:26,Huevos,Lácteos,1,Mercadona-Triana
TCK-70266,BASK-266,2025-03-27 21:47:26,Guacamole refrigerado,Refrigerados,2,Mercadona-Triana
TCK-70266,BASK-266,2025-03-27 21:47:26,Vino tinto,Bebidas,1,Mercadona-Triana
TCK-70266,BASK-266,2025-03-27 21:47:26,Pan de molde,Panadería,3,Mercadona-Triana
TCK-70266,BASK-266,2025-03-27 21:47:26,Cerveza,Bebidas,2,Mercadona-Triana
TCK-70267,BASK-267,2024-12-11 18:10:26,Pasta,Cereales,2,HiperDino-SietePalmas
TCK-70267,BASK-267,2024-12-11 18:10:26,Manzanas,Frutas,1,HiperDino-SietePalmas
TCK-70267,BASK-267,2024-12-11 18:10:26,Patatas fritas bolsa,Snacks,1,HiperDino-SietePalmas
TCK-70267,BASK-267,2024-12-11 18:10:26,Aceite de oliva,Aceites,2,HiperDino-SietePalmas
TCK-70267,BASK-267,2024-12-11 18:10:26,Salsa mexicana,Salsas,3,HiperDino-SietePalmas
TCK-70267,BASK-267,2024-12-11 18:10:26,Lechuga,Verduras,1,HiperDino-SietePalmas
TCK-70267,BASK-267,2024-12-11 18:10:26,Helado de vainilla,Congelados,3,HiperDino-SietePalmas
TCK-70267,BASK-267,2024-12-11 18:10:26,Nachos de maíz,Snacks,1,HiperDino-SietePalmas
TCK-70267,BASK-267,2024-12-11 18:10:26,Guacamole refrigerado,Refrigerados,3,HiperDino-SietePalmas
TCK-70267,BASK-267,2024-12-11 18:10:26,Refresco cola,Bebidas,2,HiperDino-SietePalmas
TCK-70268,BASK-268,2024-12-08 19:40:26,Pasta,Cereales,3,SPAR-Telde
TCK-70268,BASK-268,2024-12-08 19:40:26,Pechuga de pollo,Carnicería,1,SPAR-Telde
TCK-70268,BASK-268,2024-12-08 19:40:26,Carne picada,Carnicería,1,SPAR-Telde
TCK-70268,BASK-268,2024-12-08 19:40:26,Cereal de desayuno,Cereales,3,SPAR-Telde
TCK-70268,BASK-268,2024-12-08 19:40:26,Lechuga,Verduras,3,SPAR-Telde
TCK-70268,BASK-268,2024-12-08 19:40:26,Yogur natural,Lácteos,2,SPAR-Telde
TCK-70268,BASK-268,2024-12-08 19:40:26,Arroz,Cereales,1,SPAR-Telde
TCK-70268,BASK-268,2024-12-08 19:40:26,Leche entera,Lácteos,2,SPAR-Telde
TCK-70268,BASK-268,2024-12-08 19:40:26,ColaCao,Bebidas,3,SPAR-Telde
TCK-70269,BASK-269,2025-02-06 15:30:26,Cereal de desayuno,Cereales,1,SPAR-Vegueta
TCK-70269,BASK-269,2025-02-06 15:30:26,Pan de hamburguesa,Panadería,2,SPAR-Vegueta
TCK-70269,BASK-269,2025-02-06 15:30:26,Carne picada,Carnicería,3,SPAR-Vegueta
TCK-70269,BASK-269,2025-02-06 15:30:26,Tomates,Verduras,1,SPAR-Vegueta
TCK-70269,BASK-269,2025-02-06 15:30:26,Salsa mexicana,Salsas,2,SPAR-Vegueta
TCK-70269,BASK-269,2025-02-06 15:30:26,Café molido,Bebidas,3,SPAR-Vegueta
TCK-70269,BASK-269,2025-02-06 15:30:26,Guacamole refrigerado,Refrigerados,2,SPAR-Vegueta
TCK-70269,BASK-269,2025-02-06 15:30:26,Leche entera,Lácteos,3,SPAR-Vegueta
TCK-70269,BASK-269,2025-02-06 15:30:26,Galletas,Dulces,1,SPAR-Vegueta
TCK-70269,BASK-269,2025-02-06 15:30:26,Cerveza,Bebidas,1,SPAR-Vegueta
TCK-70270,BASK-270,2025-10-07 00:10:26,Pan de hamburguesa,Panadería,3,Mercadona-Triana
TCK-70270,BASK-270,2025-10-07 00:10:26,Mermelada de fresa,Conservas,2,Mercadona-Triana
TCK-70270,BASK-270,2025-10-07 00:10:26,Lechuga,Verduras,1,Mercadona-Triana
TCK-70270,BASK-270,2025-10-07 00:10:26,Mantequilla,Lácteos,2,Mercadona-Triana
TCK-70270,BASK-270,2025-10-07 00:10:26,Leche entera,Lácteos,1,Mercadona-Triana
TCK-70270,BASK-270,2025-10-07 00:10:26,Galletas,Dulces,3,Mercadona-Triana
TCK-70270,BASK-270,2025-10-07 00:10:26,ColaCao,Bebidas,3,Mercadona-Triana
TCK-70271,BASK-271,2025-01-29 17:34:26,Cereal de desayuno,Cereales,1,HiperDino-SietePalmas
TCK-70271,BASK-271,2025-01-29 17:34:26,Pechuga de pollo,Carnicería,3,HiperDino-SietePalmas
TCK-70271,BASK-271,2025-01-29 17:34:26,Guacamole refrigerado,Refrigerados,3,HiperDino-SietePalmas
TCK-70271,BASK-271,2025-01-29 17:34:26,Mantequilla,Lácteos,1,HiperDino-SietePalmas
TCK-70272,BASK-272,2024-11-27 17:39:26,Arroz,Cereales,1,SPAR-Telde
TCK-70272,BASK-272,2024-11-27 17:39:26,Salsa de tomate,Conservas,2,SPAR-Telde
TCK-70272,BASK-272,2024-11-27 17:39:26,Café molido,Bebidas,1,SPAR-Telde
TCK-70273,BASK-273,2025-06-01 18:17:26,Carne picada,Carnicería,3,SPAR-Telde
TCK-70273,BASK-273,2025-06-01 18:17:26,Pan de barra,Panadería,3,SPAR-Telde
TCK-70273,BASK-273,2025-06-01 18:17:26,Cerveza,Bebidas,2,SPAR-Telde
TCK-70274,BASK-274,2025-11-17 14:27:26,Cereal de desayuno,Cereales,2,SPAR-Vegueta
TCK-70274,BASK-274,2025-11-17 14:27:26,Pan de hamburguesa,Panadería,3,SPAR-Vegueta
TCK-70274,BASK-274,2025-11-17 14:27:26,Plátanos,Frutas,2,SPAR-Vegueta
TCK-70274,BASK-274,2025-11-17 14:27:26,Patatas fritas bolsa,Snacks,1,SPAR-Vegueta
TCK-70274,BASK-274,2025-11-17 14:27:26,Tomates,Verduras,2,SPAR-Vegueta
TCK-70274,BASK-274,2025-11-17 14:27:26,Aceite de oliva,Aceites,3,SPAR-Vegueta
TCK-70274,BASK-274,2025-11-17 14:27:26,Arroz,Cereales,2,SPAR-Vegueta
TCK-70274,BASK-274,2025-11-17 14:27:26,Huevos,Lácteos,2,SPAR-Vegueta
TCK-70275,BASK-275,2025-09-20 16:54:26,Nachos de maíz,Snacks,3,SPAR-Telde
TCK-70275,BASK-275,2025-09-20 16:54:26,Salsa de tomate,Conservas,1,SPAR-Telde
TCK-70275,BASK-275,2025-09-20 16:54:26,Refresco cola,Bebidas,2,SPAR-Telde
TCK-70275,BASK-275,2025-09-20 16:54:26,Mermelada de fresa,Conservas,2,SPAR-Telde
TCK-70276,BASK-276,2025-10-16 17:34:26,Pechuga de pollo,Carnicería,1,HiperDino-SietePalmas
TCK-70276,BASK-276,2025-10-16 17:34:26,Mermelada de fresa,Conservas,2,HiperDino-SietePalmas
TCK-70276,BASK-276,2025-10-16 17:34:26,Mantequilla,Lácteos,3,HiperDino-SietePalmas
TCK-70276,BASK-276,2025-10-16 17:34:26,Helado de vainilla,Congelados,2,HiperDino-SietePalmas
TCK-70276,BASK-276,2025-10-16 17:34:26,Pan de molde,Panadería,2,HiperDino-SietePalmas
TCK-70276,BASK-276,2025-10-16 17:34:26,ColaCao,Bebidas,2,HiperDino-SietePalmas
TCK-70277,BASK-277,2025-11-03 20:48:26,Pan de hamburguesa,Panadería,2,HiperDino-SietePalmas
TCK-70277,BASK-277,2025-11-03 20:48:26,Salsa mexicana,Salsas,1,HiperDino-SietePalmas
TCK-70277,BASK-277,2025-11-03 20:48:26,Lechuga,Verduras,3,HiperDino-SietePalmas
TCK-70277,BASK-277,2025-11-03 20:48:26,Pan de barra,Panadería,3,HiperDino-SietePalmas
TCK-70277,BASK-277,2025-11-03 20:48:26,Helado de vainilla,Congelados,2,HiperDino-SietePalmas
TCK-70278,BASK-278,2025-07-07 14:41:26,Mermelada de fresa,Conservas,1,Mercadona-Triana
TCK-70278,BASK-278,2025-07-07 14:41:26,Aceite de oliva,Aceites,3,Mercadona-Triana
TCK-70278,BASK-278,2025-07-07 14:41:26,Lechuga,Verduras,2,Mercadona-Triana
TCK-70278,BASK-278,2025-07-07 14:41:26,Salsa mexicana,Salsas,2,Mercadona-Triana
TCK-70278,BASK-278,2025-07-07 14:41:26,Pan de barra,Panadería,3,Mercadona-Triana
TCK-70278,BASK-278,2025-07-07 14:41:26,Nachos de maíz,Snacks,3,Mercadona-Triana
TCK-70278,BASK-278,2025-07-07 14:41:26,Huevos,Lácteos,3,Mercadona-Triana
TCK-70278,BASK-278,2025-07-07 14:41:26,Refresco cola,Bebidas,2,Mercadona-Triana
TCK-70278,BASK-278,2025-07-07 14:41:26,ColaCao,Bebidas,2,Mercadona-Triana
TCK-70279,BASK-279,2025-09-08 23:25:26,Salsa mexicana,Salsas,2,SPAR-Vegueta
TCK-70279,BASK-279,2025-09-08 23:25:26,Nachos de maíz,Snacks,2,SPAR-Vegueta
TCK-70279,BASK-279,2025-09-08 23:25:26,Pan de barra,Panadería,1,SPAR-Vegueta
TCK-70279,BASK-279,2025-09-08 23:25:26,Pan de molde,Panadería,1,SPAR-Vegueta
TCK-70280,BASK-280,2025-09-14 12:27:26,Guacamole refrigerado,Refrigerados,3,HiperDino-SietePalmas
TCK-70280,BASK-280,2025-09-14 12:27:26,Plátanos,Frutas,1,HiperDino-SietePalmas
TCK-70280,BASK-280,2025-09-14 12:27:26,Cerveza,Bebidas,1,HiperDino-SietePalmas
TCK-70281,BASK-281,2025-06-29 19:18:26,Cereal de desayuno,Cereales,1,SPAR-Vegueta
TCK-70281,BASK-281,2025-06-29 19:18:26,Tomates,Verduras,3,SPAR-Vegueta
TCK-70281,BASK-281,2025-06-29 19:18:26,Yogur natural,Lácteos,1,SPAR-Vegueta
TCK-70281,BASK-281,2025-06-29 19:18:26,Helado de vainilla,Congelados,2,SPAR-Vegueta
TCK-70281,BASK-281,2025-06-29 19:18:26,Nachos de maíz,Snacks,2,SPAR-Vegueta
TCK-70281,BASK-281,2025-06-29 19:18:26,Refresco cola,Bebidas,3,SPAR-Vegueta
TCK-70281,BASK-281,2025-06-29 19:18:26,Pan de molde,Panadería,2,SPAR-Vegueta
TCK-70282,BASK-282,2025-06-04 14:00:26,Nachos de maíz,Snacks,1,Mercadona-Triana
TCK-70282,BASK-282,2025-06-04 14:00:26,Arroz,Cereales,2,Mercadona-Triana
TCK-70282,BASK-282,2025-06-04 14:00:26,Refresco cola,Bebidas,3,Mercadona-Triana
TCK-70282,BASK-282,2025-06-04 14:00:26,Pizza congelada,Congelados,2,Mercadona-Triana
TCK-70283,BASK-283,2025-11-22 21:32:26,Huevos,Lácteos,3,Mercadona-Triana
TCK-70283,BASK-283,2025-11-22 21:32:26,Pan de hamburguesa,Panadería,1,Mercadona-Triana
TCK-70283,BASK-283,2025-11-22 21:32:26,Plátanos,Frutas,2,Mercadona-Triana
TCK-70283,BASK-283,2025-11-22 21:32:26,ColaCao,Bebidas,2,Mercadona-Triana
TCK-70284,BASK-284,2025-06-07 12:24:26,Patatas fritas bolsa,Snacks,1,Mercadona-Triana
TCK-70284,BASK-284,2025-06-07 12:24:26,Plátanos,Frutas,2,Mercadona-Triana
TCK-70284,BASK-284,2025-06-07 12:24:26,Aceite de oliva,Aceites,3,Mercadona-Triana
TCK-70284,BASK-284,2025-06-07 12:24:26,Pan de barra,Panadería,2,Mercadona-Triana
TCK-70284,BASK-284,2025-06-07 12:24:26,Café molido,Bebidas,3,Mercadona-Triana
TCK-70284,BASK-284,2025-06-07 12:24:26,Refresco cola,Bebidas,1,Mercadona-Triana
TCK-70284,BASK-284,2025-06-07 12:24:26,ColaCao,Bebidas,2,Mercadona-Triana
TCK-70285,BASK-285,2025-09-21 13:40:26,Pan de hamburguesa,Panadería,3,Mercadona-Triana
TCK-70285,BASK-285,2025-09-21 13:40:26,Carne picada,Carnicería,3,Mercadona-Triana
TCK-70285,BASK-285,2025-09-21 13:40:26,Aceite de oliva,Aceites,1,Mercadona-Triana
TCK-70285,BASK-285,2025-09-21 13:40:26,Salsa mexicana,Salsas,2,Mercadona-Triana
TCK-70285,BASK-285,2025-09-21 13:40:26,Arroz,Cereales,3,Mercadona-Triana
TCK-70285,BASK-285,2025-09-21 13:40:26,Helado de vainilla,Congelados,3,Mercadona-Triana
TCK-70285,BASK-285,2025-09-21 13:40:26,Nachos de maíz,Snacks,2,Mercadona-Triana
TCK-70285,BASK-285,2025-09-21 13:40:26,Galletas,Dulces,3,Mercadona-Triana
TCK-70285,BASK-285,2025-09-21 13:40:26,Cerveza,Bebidas,3,Mercadona-Triana
TCK-70286,BASK-286,2025-09-24 22:04:26,Carne picada,Carnicería,1,SPAR-Telde
TCK-70286,BASK-286,2025-09-24 22:04:26,Refresco cola,Bebidas,3,SPAR-Telde
TCK-70286,BASK-286,2025-09-24 22:04:26,Mermelada de fresa,Conservas,1,SPAR-Telde
TCK-70286,BASK-286,2025-09-24 22:04:26,Mantequilla,Lácteos,2,SPAR-Telde
TCK-70287,BASK-287,2025-05-19 16:54:26,Salsa mexicana,Salsas,2,Mercadona-Triana
TCK-70287,BASK-287,2025-05-19 16:54:26,Nachos de maíz,Snacks,2,Mercadona-Triana
TCK-70287,BASK-287,2025-05-19 16:54:26,Guacamole refrigerado,Refrigerados,2,Mercadona-Triana
TCK-70287,BASK-287,2025-05-19 16:54:26,Pan de barra,Panadería,3,Mercadona-Triana
TCK-70288,BASK-288,2025-06-25 23:01:26,Pasta,Cereales,3,SPAR-Vegueta
TCK-70288,BASK-288,2025-06-25 23:01:26,Pechuga de pollo,Carnicería,3,SPAR-Vegueta
TCK-70288,BASK-288,2025-06-25 23:01:26,Patatas fritas bolsa,Snacks,3,SPAR-Vegueta
TCK-70288,BASK-288,2025-06-25 23:01:26,Salsa mexicana,Salsas,2,SPAR-Vegueta
TCK-70288,BASK-288,2025-06-25 23:01:26,Nachos de maíz,Snacks,1,SPAR-Vegueta
TCK-70288,BASK-288,2025-06-25 23:01:26,Huevos,Lácteos,1,SPAR-Vegueta
TCK-70288,BASK-288,2025-06-25 23:01:26,Guacamole refrigerado,Refrigerados,1,SPAR-Vegueta
TCK-70288,BASK-288,2025-06-25 23:01:26,Café molido,Bebidas,1,SPAR-Vegueta
TCK-70289,BASK-289,2024-12-29 21:21:26,Cereal de desayuno,Cereales,2,SPAR-Vegueta
TCK-70289,BASK-289,2024-12-29 21:21:26,Manzanas,Frutas,2,SPAR-Vegueta
TCK-70289,BASK-289,2024-12-29 21:21:26,Tomates,Verduras,1,SPAR-Vegueta
TCK-70289,BASK-289,2024-12-29 21:21:26,Lechuga,Verduras,1,SPAR-Vegueta
TCK-70289,BASK-289,2024-12-29 21:21:26,Yogur natural,Lácteos,3,SPAR-Vegueta
TCK-70289,BASK-289,2024-12-29 21:21:26,Nachos de maíz,Snacks,3,SPAR-Vegueta
TCK-70289,BASK-289,2024-12-29 21:21:26,Leche entera,Lácteos,3,SPAR-Vegueta
TCK-70290,BASK-290,2025-11-14 22:58:26,Pechuga de pollo,Carnicería,1,HiperDino-SietePalmas
TCK-70290,BASK-290,2025-11-14 22:58:26,Queso curado,Lácteos,2,HiperDino-SietePalmas
TCK-70290,BASK-290,2025-11-14 22:58:26,Café molido,Bebidas,3,HiperDino-SietePalmas
TCK-70290,BASK-290,2025-11-14 22:58:26,Vino tinto,Bebidas,2,HiperDino-SietePalmas
TCK-70290,BASK-290,2025-11-14 22:58:26,Leche entera,Lácteos,3,HiperDino-SietePalmas
TCK-70290,BASK-290,2025-11-14 22:58:26,Galletas,Dulces,2,HiperDino-SietePalmas
TCK-70291,BASK-291,2025-01-22 17:17:26,Pasta,Cereales,3,SPAR-Vegueta
TCK-70291,BASK-291,2025-01-22 17:17:26,Carne picada,Carnicería,2,SPAR-Vegueta
TCK-70291,BASK-291,2025-01-22 17:17:26,Tomates,Verduras,3,SPAR-Vegueta
TCK-70291,BASK-291,2025-01-22 17:17:26,Arroz,Cereales,3,SPAR-Vegueta
TCK-70291,BASK-291,2025-01-22 17:17:26,Mantequilla,Lácteos,3,SPAR-Vegueta
TCK-70291,BASK-291,2025-01-22 17:17:26,Refresco cola,Bebidas,1,SPAR-Vegueta
TCK-70291,BASK-291,2025-01-22 17:17:26,Galletas,Dulces,2,SPAR-Vegueta
TCK-70291,BASK-291,2025-01-22 17:17:26,Cerveza,Bebidas,1,SPAR-Vegueta
TCK-70292,BASK-292,2025-01-29 16:35:26,Guacamole refrigerado,Refrigerados,1,SPAR-Telde
TCK-70292,BASK-292,2025-01-29 16:35:26,Plátanos,Frutas,3,SPAR-Telde
TCK-70292,BASK-292,2025-01-29 16:35:26,Yogur natural,Lácteos,2,SPAR-Telde
TCK-70293,BASK-293,2025-07-06 14:07:26,Pasta,Cereales,1,SPAR-Telde
TCK-70293,BASK-293,2025-07-06 14:07:26,Salsa de tomate,Conservas,1,SPAR-Telde
TCK-70293,BASK-293,2025-07-06 14:07:26,Mantequilla,Lácteos,3,SPAR-Telde
TCK-70293,BASK-293,2025-07-06 14:07:26,Cerveza,Bebidas,3,SPAR-Telde
TCK-70294,BASK-294,2025-01-21 21:47:26,Cereal de desayuno,Cereales,3,SPAR-Vegueta
TCK-70294,BASK-294,2025-01-21 21:47:26,Salsa de tomate,Conservas,3,SPAR-Vegueta
TCK-70294,BASK-294,2025-01-21 21:47:26,Mermelada de fresa,Conservas,3,SPAR-Vegueta
TCK-70294,BASK-294,2025-01-21 21:47:26,Yogur natural,Lácteos,3,SPAR-Vegueta
TCK-70294,BASK-294,2025-01-21 21:47:26,Huevos,Lácteos,2,SPAR-Vegueta
TCK-70294,BASK-294,2025-01-21 21:47:26,Leche entera,Lácteos,2,SPAR-Vegueta
TCK-70294,BASK-294,2025-01-21 21:47:26,Pañales,Bebé,1,SPAR-Vegueta
TCK-70294,BASK-294,2025-01-21 21:47:26,Cerveza,Bebidas,3,SPAR-Vegueta
TCK-70295,BASK-295,2025-08-14 22:25:26,Pasta,Cereales,1,SPAR-Telde
TCK-70295,BASK-295,2025-08-14 22:25:26,Pechuga de pollo,Carnicería,2,SPAR-Telde
TCK-70295,BASK-295,2025-08-14 22:25:26,Patatas fritas bolsa,Snacks,1,SPAR-Telde
TCK-70295,BASK-295,2025-08-14 22:25:26,Mermelada de fresa,Conservas,1,SPAR-Telde
TCK-70295,BASK-295,2025-08-14 22:25:26,Mantequilla,Lácteos,3,SPAR-Telde
TCK-70295,BASK-295,2025-08-14 22:25:26,Helado de vainilla,Congelados,2,SPAR-Telde
TCK-70295,BASK-295,2025-08-14 22:25:26,Nachos de maíz,Snacks,2,SPAR-Telde
TCK-70295,BASK-295,2025-08-14 22:25:26,Huevos,Lácteos,3,SPAR-Telde
TCK-70295,BASK-295,2025-08-14 22:25:26,Guacamole refrigerado,Refrigerados,2,SPAR-Telde
TCK-70295,BASK-295,2025-08-14 22:25:26,Café molido,Bebidas,3,SPAR-Telde
TCK-70296,BASK-296,2025-02-12 23:11:26,Cereal de desayuno,Cereales,2,HiperDino-SietePalmas
TCK-70296,BASK-296,2025-02-12 23:11:26,Pechuga de pollo,Carnicería,1,HiperDino-SietePalmas
TCK-70296,BASK-296,2025-02-12 23:11:26,Mermelada de fresa,Conservas,2,HiperDino-SietePalmas
TCK-70297,BASK-297,2025-09-08 23:40:26,Pasta,Cereales,1,Mercadona-Triana
TCK-70297,BASK-297,2025-09-08 23:40:26,Salsa de tomate,Conservas,1,Mercadona-Triana
TCK-70297,BASK-297,2025-09-08 23:40:26,Salsa mexicana,Salsas,1,Mercadona-Triana
TCK-70297,BASK-297,2025-09-08 23:40:26,Arroz,Cereales,2,Mercadona-Triana
TCK-70297,BASK-297,2025-09-08 23:40:26,Queso curado,Lácteos,2,Mercadona-Triana
TCK-70297,BASK-297,2025-09-08 23:40:26,Nachos de maíz,Snacks,2,Mercadona-Triana
TCK-70297,BASK-297,2025-09-08 23:40:26,Guacamole refrigerado,Refrigerados,1,Mercadona-Triana
TCK-70297,BASK-297,2025-09-08 23:40:26,Pan de molde,Panadería,3,Mercadona-Triana
TCK-70297,BASK-297,2025-09-08 23:40:26,ColaCao,Bebidas,1,Mercadona-Triana
TCK-70297,BASK-297,2025-09-08 23:40:26,Pañales,Bebé,3,Mercadona-Triana
TCK-70298,BASK-298,2025-10-31 16:40:26,Salsa mexicana,Salsas,2,HiperDino-SietePalmas
TCK-70298,BASK-298,2025-10-31 16:40:26,Nachos de maíz,Snacks,3,HiperDino-SietePalmas
TCK-70298,BASK-298,2025-10-31 16:40:26,Carne picada,Carnicería,2,HiperDino-SietePalmas
TCK-70298,BASK-298,2025-10-31 16:40:26,Guacamole refrigerado,Refrigerados,2,HiperDino-SietePalmas
TCK-70299,BASK-299,2025-02-05 23:38:26,Plátanos,Frutas,2,SPAR-Vegueta
TCK-70299,BASK-299,2025-02-05 23:38:26,Patatas fritas bolsa,Snacks,3,SPAR-Vegueta
TCK-70299,BASK-299,2025-02-05 23:38:26,Queso curado,Lácteos,2,SPAR-Vegueta
TCK-70299,BASK-299,2025-02-05 23:38:26,Leche entera,Lácteos,3,SPAR-Vegueta
TCK-70299,BASK-299,2025-02-05 23:38:26,Vino tinto,Bebidas,3,SPAR-Vegueta
TCK-70299,BASK-299,2025-02-05 23:38:26,Cerveza,Bebidas,2,SPAR-Vegueta
TCK-70300,BASK-300,2025-04-07 15:58:26,Salsa mexicana,Salsas,2,SPAR-Vegueta
TCK-70300,BASK-300,2025-04-07 15:58:26,Nachos de maíz,Snacks,3,SPAR-Vegueta
TCK-70300,BASK-300,2025-04-07 15:58:26,Guacamole refrigerado,Refrigerados,2,SPAR-Vegueta
TCK-70300,BASK-300,2025-04-07 15:58:26,Helado de vainilla,Congelados,2,SPAR-Vegueta
TCK-70301,BASK-301,2024-12-06 17:56:26,Pasta,Cereales,3,SPAR-Vegueta
TCK-70301,BASK-301,2024-12-06 17:56:26,Pechuga de pollo,Carnicería,1,SPAR-Vegueta
TCK-70301,BASK-301,2024-12-06 17:56:26,Mermelada de fresa,Conservas,2,SPAR-Vegueta
TCK-70301,BASK-301,2024-12-06 17:56:26,Aceite de oliva,Aceites,1,SPAR-Vegueta
TCK-70301,BASK-301,2024-12-06 17:56:26,Lechuga,Verduras,1,SPAR-Vegueta
TCK-70301,BASK-301,2024-12-06 17:56:26,Yogur natural,Lácteos,3,SPAR-Vegueta
TCK-70301,BASK-301,2024-12-06 17:56:26,Pizza congelada,Congelados,3,SPAR-Vegueta
TCK-70301,BASK-301,2024-12-06 17:56:26,Leche entera,Lácteos,2,SPAR-Vegueta
TCK-70301,BASK-301,2024-12-06 17:56:26,Galletas,Dulces,3,SPAR-Vegueta
TCK-70301,BASK-301,2024-12-06 17:56:26,Cerveza,Bebidas,2,SPAR-Vegueta
TCK-70302,BASK-302,2025-07-11 15:02:26,Cereal de desayuno,Cereales,2,SPAR-Telde
TCK-70302,BASK-302,2025-07-11 15:02:26,Manzanas,Frutas,1,SPAR-Telde
TCK-70302,BASK-302,2025-07-11 15:02:26,Yogur natural,Lácteos,1,SPAR-Telde
TCK-70302,BASK-302,2025-07-11 15:02:26,Refresco cola,Bebidas,3,SPAR-Telde
TCK-70302,BASK-302,2025-07-11 15:02:26,Galletas,Dulces,3,SPAR-Telde
TCK-70302,BASK-302,2025-07-11 15:02:26,Pan de molde,Panadería,3,SPAR-Telde
TCK-70303,BASK-303,2025-06-02 21:45:26,Cereal de desayuno,Cereales,2,SPAR-Telde
TCK-70303,BASK-303,2025-06-02 21:45:26,Patatas fritas bolsa,Snacks,1,SPAR-Telde
TCK-70303,BASK-303,2025-06-02 21:45:26,Tomates,Verduras,1,SPAR-Telde
TCK-70303,BASK-303,2025-06-02 21:45:26,Mermelada de fresa,Conservas,1,SPAR-Telde
TCK-70303,BASK-303,2025-06-02 21:45:26,Queso curado,Lácteos,1,SPAR-Telde
TCK-70303,BASK-303,2025-06-02 21:45:26,Café molido,Bebidas,2,SPAR-Telde
TCK-70303,BASK-303,2025-06-02 21:45:26,Pan de molde,Panadería,3,SPAR-Telde
TCK-70303,BASK-303,2025-06-02 21:45:26,Pañales,Bebé,3,SPAR-Telde
TCK-70303,BASK-303,2025-06-02 21:45:26,Cerveza,Bebidas,2,SPAR-Telde
TCK-70304,BASK-304,2025-01-30 00:09:26,Salsa de tomate,Conservas,3,Mercadona-Triana
TCK-70304,BASK-304,2025-01-30 00:09:26,Salsa mexicana,Salsas,3,Mercadona-Triana
TCK-70304,BASK-304,2025-01-30 00:09:26,Arroz,Cereales,2,Mercadona-Triana
TCK-70304,BASK-304,2025-01-30 00:09:26,Pan de barra,Panadería,1,Mercadona-Triana
TCK-70304,BASK-304,2025-01-30 00:09:26,Mantequilla,Lácteos,1,Mercadona-Triana
TCK-70304,BASK-304,2025-01-30 00:09:26,Café molido,Bebidas,2,Mercadona-Triana
TCK-70304,BASK-304,2025-01-30 00:09:26,Galletas,Dulces,2,Mercadona-Triana
TCK-70305,BASK-305,2025-02-22 18:18:26,Patatas fritas bolsa,Snacks,3,SPAR-Vegueta
TCK-70305,BASK-305,2025-02-22 18:18:26,Aceite de oliva,Aceites,2,SPAR-Vegueta
TCK-70305,BASK-305,2025-02-22 18:18:26,Lechuga,Verduras,3,SPAR-Vegueta
TCK-70305,BASK-305,2025-02-22 18:18:26,Yogur natural,Lácteos,1,SPAR-Vegueta
TCK-70305,BASK-305,2025-02-22 18:18:26,Mantequilla,Lácteos,2,SPAR-Vegueta
TCK-70305,BASK-305,2025-02-22 18:18:26,Refresco cola,Bebidas,3,SPAR-Vegueta
TCK-70305,BASK-305,2025-02-22 18:18:26,Vino tinto,Bebidas,3,SPAR-Vegueta
TCK-70305,BASK-305,2025-02-22 18:18:26,Leche entera,Lácteos,2,SPAR-Vegueta
TCK-70305,BASK-305,2025-02-22 18:18:26,Cerveza,Bebidas,2,SPAR-Vegueta
TCK-70306,BASK-306,2024-12-20 20:48:26,Helado de vainilla,Congelados,3,SPAR-Vegueta
TCK-70306,BASK-306,2024-12-20 20:48:26,Refresco cola,Bebidas,1,SPAR-Vegueta
TCK-70306,BASK-306,2024-12-20 20:48:26,Pizza congelada,Congelados,2,SPAR-Vegueta
TCK-70307,BASK-307,2025-10-13 22:53:26,Pechuga de pollo,Carnicería,1,Mercadona-Triana
TCK-70307,BASK-307,2025-10-13 22:53:26,Mermelada de fresa,Conservas,1,Mercadona-Triana
TCK-70307,BASK-307,2025-10-13 22:53:26,Lechuga,Verduras,1,Mercadona-Triana
TCK-70307,BASK-307,2025-10-13 22:53:26,Pan de barra,Panadería,1,Mercadona-Triana
TCK-70307,BASK-307,2025-10-13 22:53:26,Mantequilla,Lácteos,2,Mercadona-Triana
TCK-70307,BASK-307,2025-10-13 22:53:26,Queso curado,Lácteos,3,Mercadona-Triana
TCK-70307,BASK-307,2025-10-13 22:53:26,Pan de molde,Panadería,2,Mercadona-Triana
TCK-70308,BASK-308,2025-05-14 17:05:26,Cereal de desayuno,Cereales,2,SPAR-Vegueta
TCK-70308,BASK-308,2025-05-14 17:05:26,Plátanos,Frutas,3,SPAR-Vegueta
TCK-70308,BASK-308,2025-05-14 17:05:26,Salsa de tomate,Conservas,1,SPAR-Vegueta
TCK-70308,BASK-308,2025-05-14 17:05:26,Aceite de oliva,Aceites,2,SPAR-Vegueta
TCK-70308,BASK-308,2025-05-14 17:05:26,Pan de barra,Panadería,3,SPAR-Vegueta
TCK-70308,BASK-308,2025-05-14 17:05:26,Mantequilla,Lácteos,1,SPAR-Vegueta
TCK-70308,BASK-308,2025-05-14 17:05:26,Nachos de maíz,Snacks,1,SPAR-Vegueta
TCK-70308,BASK-308,2025-05-14 17:05:26,Guacamole refrigerado,Refrigerados,1,SPAR-Vegueta
TCK-70308,BASK-308,2025-05-14 17:05:26,Pañales,Bebé,3,SPAR-Vegueta
TCK-70308,BASK-308,2025-05-14 17:05:26,Pizza congelada,Congelados,1,SPAR-Vegueta
TCK-70309,BASK-309,2025-03-22 20:45:26,Pasta,Cereales,3,HiperDino-SietePalmas
TCK-70309,BASK-309,2025-03-22 20:45:26,Plátanos,Frutas,2,HiperDino-SietePalmas
TCK-70309,BASK-309,2025-03-22 20:45:26,Aceite de oliva,Aceites,2,HiperDino-SietePalmas
TCK-70309,BASK-309,2025-03-22 20:45:26,Pan de barra,Panadería,2,HiperDino-SietePalmas
TCK-70309,BASK-309,2025-03-22 20:45:26,Queso curado,Lácteos,2,HiperDino-SietePalmas
TCK-70309,BASK-309,2025-03-22 20:45:26,Huevos,Lácteos,1,HiperDino-SietePalmas
TCK-70309,BASK-309,2025-03-22 20:45:26,Vino tinto,Bebidas,3,HiperDino-SietePalmas
TCK-70309,BASK-309,2025-03-22 20:45:26,Pañales,Bebé,3,HiperDino-SietePalmas
TCK-70309,BASK-309,2025-03-22 20:45:26,Pizza congelada,Congelados,1,HiperDino-SietePalmas
TCK-70310,BASK-310,2025-05-05 11:47:26,Aceite de oliva,Aceites,3,SPAR-Vegueta
TCK-70310,BASK-310,2025-05-05 11:47:26,Arroz,Cereales,3,SPAR-Vegueta
TCK-70310,BASK-310,2025-05-05 11:47:26,Helado de vainilla,Congelados,3,SPAR-Vegueta
TCK-70310,BASK-310,2025-05-05 11:47:26,Leche entera,Lácteos,3,SPAR-Vegueta
TCK-70310,BASK-310,2025-05-05 11:47:26,Pan de molde,Panadería,3,SPAR-Vegueta
TCK-70311,BASK-311,2025-01-22 23:27:26,Tomates,Verduras,3,HiperDino-SietePalmas
TCK-70311,BASK-311,2025-01-22 23:27:26,Aceite de oliva,Aceites,1,HiperDino-SietePalmas
TCK-70311,BASK-311,2025-01-22 23:27:26,Lechuga,Verduras,2,HiperDino-SietePalmas
TCK-70311,BASK-311,2025-01-22 23:27:26,Queso curado,Lácteos,2,HiperDino-SietePalmas
TCK-70311,BASK-311,2025-01-22 23:27:26,Leche entera,Lácteos,1,HiperDino-SietePalmas
TCK-70312,BASK-312,2025-09-29 18:00:26,Salsa de tomate,Conservas,2,SPAR-Telde
TCK-70312,BASK-312,2025-09-29 18:00:26,Leche entera,Lácteos,3,SPAR-Telde
TCK-70312,BASK-312,2025-09-29 18:00:26,ColaCao,Bebidas,1,SPAR-Telde
TCK-70312,BASK-312,2025-09-29 18:00:26,Cerveza,Bebidas,2,SPAR-Telde
TCK-70313,BASK-313,2025-06-09 20:07:26,Cereal de desayuno,Cereales,3,HiperDino-SietePalmas
TCK-70313,BASK-313,2025-06-09 20:07:26,Plátanos,Frutas,3,HiperDino-SietePalmas
TCK-70313,BASK-313,2025-06-09 20:07:26,Patatas fritas bolsa,Snacks,1,HiperDino-SietePalmas
TCK-70313,BASK-313,2025-06-09 20:07:26,Pan de barra,Panadería,3,HiperDino-SietePalmas
TCK-70313,BASK-313,2025-06-09 20:07:26,Café molido,Bebidas,1,HiperDino-SietePalmas
TCK-70313,BASK-313,2025-06-09 20:07:26,Guacamole refrigerado,Refrigerados,1,HiperDino-SietePalmas
TCK-70313,BASK-313,2025-06-09 20:07:26,Leche entera,Lácteos,2,HiperDino-SietePalmas
TCK-70313,BASK-313,2025-06-09 20:07:26,Galletas,Dulces,3,HiperDino-SietePalmas
TCK-70313,BASK-313,2025-06-09 20:07:26,Pañales,Bebé,3,HiperDino-SietePalmas
TCK-70313,BASK-313,2025-06-09 20:07:26,Pizza congelada,Congelados,2,HiperDino-SietePalmas
TCK-70314,BASK-314,2025-03-19 22:24:26,Pechuga de pollo,Carnicería,2,Mercadona-Triana
TCK-70314,BASK-314,2025-03-19 22:24:26,Carne picada,Carnicería,2,Mercadona-Triana
TCK-70314,BASK-314,2025-03-19 22:24:26,Tomates,Verduras,2,Mercadona-Triana
TCK-70314,BASK-314,2025-03-19 22:24:26,Arroz,Cereales,2,Mercadona-Triana
TCK-70314,BASK-314,2025-03-19 22:24:26,Helado de vainilla,Congelados,3,Mercadona-Triana
TCK-70314,BASK-314,2025-03-19 22:24:26,Pan de molde,Panadería,3,Mercadona-Triana
TCK-70314,BASK-314,2025-03-19 22:24:26,Pañales,Bebé,3,Mercadona-Triana
TCK-70314,BASK-314,2025-03-19 22:24:26,Cerveza,Bebidas,3,Mercadona-Triana
TCK-70315,BASK-315,2025-11-02 13:42:26,Tomates,Verduras,3,HiperDino-SietePalmas
TCK-70315,BASK-315,2025-11-02 13:42:26,Salsa mexicana,Salsas,3,HiperDino-SietePalmas
TCK-70315,BASK-315,2025-11-02 13:42:26,Nachos de maíz,Snacks,3,HiperDino-SietePalmas
TCK-70315,BASK-315,2025-11-02 13:42:26,Guacamole refrigerado,Refrigerados,3,HiperDino-SietePalmas
TCK-70315,BASK-315,2025-11-02 13:42:26,Galletas,Dulces,1,HiperDino-SietePalmas
TCK-70316,BASK-316,2025-05-09 12:10:26,Pechuga de pollo,Carnicería,2,HiperDino-SietePalmas
TCK-70316,BASK-316,2025-05-09 12:10:26,Pan de hamburguesa,Panadería,3,HiperDino-SietePalmas
TCK-70316,BASK-316,2025-05-09 12:10:26,Lechuga,Verduras,2,HiperDino-SietePalmas
TCK-70316,BASK-316,2025-05-09 12:10:26,Arroz,Cereales,2,HiperDino-SietePalmas
TCK-70316,BASK-316,2025-05-09 12:10:26,Queso curado,Lácteos,1,HiperDino-SietePalmas
TCK-70317,BASK-317,2025-07-05 19:30:26,Carne picada,Carnicería,2,SPAR-Vegueta
TCK-70317,BASK-317,2025-07-05 19:30:26,Plátanos,Frutas,1,SPAR-Vegueta
TCK-70317,BASK-317,2025-07-05 19:30:26,Pan de hamburguesa,Panadería,2,SPAR-Vegueta
TCK-70317,BASK-317,2025-07-05 19:30:26,Aceite de oliva,Aceites,1,SPAR-Vegueta
TCK-70317,BASK-317,2025-07-05 19:30:26,Arroz,Cereales,2,SPAR-Vegueta
TCK-70317,BASK-317,2025-07-05 19:30:26,Pan de barra,Panadería,3,SPAR-Vegueta
TCK-70317,BASK-317,2025-07-05 19:30:26,Queso curado,Lácteos,3,SPAR-Vegueta
TCK-70317,BASK-317,2025-07-05 19:30:26,Nachos de maíz,Snacks,1,SPAR-Vegueta
TCK-70317,BASK-317,2025-07-05 19:30:26,Huevos,Lácteos,3,SPAR-Vegueta
TCK-70317,BASK-317,2025-07-05 19:30:26,ColaCao,Bebidas,3,SPAR-Vegueta
TCK-70318,BASK-318,2025-11-15 12:13:26,Cereal de desayuno,Cereales,2,Mercadona-Triana
TCK-70318,BASK-318,2025-11-15 12:13:26,Mermelada de fresa,Conservas,1,Mercadona-Triana
TCK-70318,BASK-318,2025-11-15 12:13:26,Tomates,Verduras,2,Mercadona-Triana
TCK-70318,BASK-318,2025-11-15 12:13:26,Yogur natural,Lácteos,2,Mercadona-Triana
TCK-70318,BASK-318,2025-11-15 12:13:26,Pañales,Bebé,1,Mercadona-Triana
TCK-70319,BASK-319,2025-10-06 13:24:26,Mermelada de fresa,Conservas,3,SPAR-Vegueta
TCK-70319,BASK-319,2025-10-06 13:24:26,Tomates,Verduras,3,SPAR-Vegueta
TCK-70319,BASK-319,2025-10-06 13:24:26,Huevos,Lácteos,3,SPAR-Vegueta
TCK-70319,BASK-319,2025-10-06 13:24:26,Leche entera,Lácteos,1,SPAR-Vegueta
TCK-70319,BASK-319,2025-10-06 13:24:26,Vino tinto,Bebidas,1,SPAR-Vegueta
TCK-70319,BASK-319,2025-10-06 13:24:26,ColaCao,Bebidas,2,SPAR-Vegueta
TCK-70319,BASK-319,2025-10-06 13:24:26,Pizza congelada,Congelados,1,SPAR-Vegueta
TCK-70320,BASK-320,2025-08-09 11:42:26,Salsa de tomate,Conservas,1,SPAR-Vegueta
TCK-70320,BASK-320,2025-08-09 11:42:26,Plátanos,Frutas,1,SPAR-Vegueta
TCK-70320,BASK-320,2025-08-09 11:42:26,Mermelada de fresa,Conservas,3,SPAR-Vegueta
TCK-70320,BASK-320,2025-08-09 11:42:26,Tomates,Verduras,2,SPAR-Vegueta
TCK-70320,BASK-320,2025-08-09 11:42:26,Salsa mexicana,Salsas,3,SPAR-Vegueta
TCK-70320,BASK-320,2025-08-09 11:42:26,Nachos de maíz,Snacks,1,SPAR-Vegueta
TCK-70320,BASK-320,2025-08-09 11:42:26,Guacamole refrigerado,Refrigerados,1,SPAR-Vegueta
TCK-70320,BASK-320,2025-08-09 11:42:26,Pan de molde,Panadería,1,SPAR-Vegueta
TCK-70320,BASK-320,2025-08-09 11:42:26,Pañales,Bebé,3,SPAR-Vegueta
TCK-70321,BASK-321,2025-10-22 15:23:26,Patatas fritas bolsa,Snacks,2,HiperDino-SietePalmas
TCK-70321,BASK-321,2025-10-22 15:23:26,Salsa mexicana,Salsas,3,HiperDino-SietePalmas
TCK-70321,BASK-321,2025-10-22 15:23:26,Nachos de maíz,Snacks,1,HiperDino-SietePalmas
TCK-70321,BASK-321,2025-10-22 15:23:26,Guacamole refrigerado,Refrigerados,1,HiperDino-SietePalmas
TCK-70321,BASK-321,2025-10-22 15:23:26,Refresco cola,Bebidas,2,HiperDino-SietePalmas
TCK-70321,BASK-321,2025-10-22 15:23:26,Vino tinto,Bebidas,2,HiperDino-SietePalmas
TCK-70321,BASK-321,2025-10-22 15:23:26,Galletas,Dulces,2,HiperDino-SietePalmas
TCK-70322,BASK-322,2025-06-01 00:16:26,Pechuga de pollo,Carnicería,3,SPAR-Vegueta
TCK-70322,BASK-322,2025-06-01 00:16:26,Carne picada,Carnicería,1,SPAR-Vegueta
TCK-70322,BASK-322,2025-06-01 00:16:26,Lechuga,Verduras,2,SPAR-Vegueta
TCK-70322,BASK-322,2025-06-01 00:16:26,Pan de barra,Panadería,3,SPAR-Vegueta
TCK-70322,BASK-322,2025-06-01 00:16:26,Queso curado,Lácteos,1,SPAR-Vegueta
TCK-70322,BASK-322,2025-06-01 00:16:26,Guacamole refrigerado,Refrigerados,2,SPAR-Vegueta
TCK-70322,BASK-322,2025-06-01 00:16:26,Leche entera,Lácteos,1,SPAR-Vegueta
TCK-70322,BASK-322,2025-06-01 00:16:26,Galletas,Dulces,3,SPAR-Vegueta
TCK-70322,BASK-322,2025-06-01 00:16:26,Pan de molde,Panadería,2,SPAR-Vegueta
TCK-70323,BASK-323,2025-08-08 12:00:26,Pasta,Cereales,3,Mercadona-Triana
TCK-70323,BASK-323,2025-08-08 12:00:26,Manzanas,Frutas,1,Mercadona-Triana
TCK-70323,BASK-323,2025-08-08 12:00:26,Cereal de desayuno,Cereales,3,Mercadona-Triana
TCK-70323,BASK-323,2025-08-08 12:00:26,Plátanos,Frutas,1,Mercadona-Triana
TCK-70323,BASK-323,2025-08-08 12:00:26,Mermelada de fresa,Conservas,1,Mercadona-Triana
TCK-70323,BASK-323,2025-08-08 12:00:26,Vino tinto,Bebidas,3,Mercadona-Triana
TCK-70323,BASK-323,2025-08-08 12:00:26,Cerveza,Bebidas,3,Mercadona-Triana
TCK-70323,BASK-323,2025-08-08 12:00:26,Pizza congelada,Congelados,3,Mercadona-Triana
TCK-70324,BASK-324,2025-01-08 19:50:26,Carne picada,Carnicería,1,HiperDino-SietePalmas
TCK-70324,BASK-324,2025-01-08 19:50:26,Pan de hamburguesa,Panadería,2,HiperDino-SietePalmas
TCK-70324,BASK-324,2025-01-08 19:50:26,Tomates,Verduras,2,HiperDino-SietePalmas
TCK-70324,BASK-324,2025-01-08 19:50:26,Lechuga,Verduras,1,HiperDino-SietePalmas
TCK-70324,BASK-324,2025-01-08 19:50:26,Yogur natural,Lácteos,3,HiperDino-SietePalmas
TCK-70324,BASK-324,2025-01-08 19:50:26,Queso curado,Lácteos,1,HiperDino-SietePalmas
TCK-70325,BASK-325,2025-04-21 12:25:26,Salsa mexicana,Salsas,3,HiperDino-SietePalmas
TCK-70325,BASK-325,2025-04-21 12:25:26,Nachos de maíz,Snacks,2,HiperDino-SietePalmas
TCK-70325,BASK-325,2025-04-21 12:25:26,Guacamole refrigerado,Refrigerados,1,HiperDino-SietePalmas
TCK-70326,BASK-326,2025-03-28 15:17:26,Pan de hamburguesa,Panadería,3,SPAR-Telde
TCK-70326,BASK-326,2025-03-28 15:17:26,Patatas fritas bolsa,Snacks,3,SPAR-Telde
TCK-70326,BASK-326,2025-03-28 15:17:26,Tomates,Verduras,1,SPAR-Telde
TCK-70326,BASK-326,2025-03-28 15:17:26,Aceite de oliva,Aceites,1,SPAR-Telde
TCK-70326,BASK-326,2025-03-28 15:17:26,Vino tinto,Bebidas,3,SPAR-Telde
TCK-70327,BASK-327,2024-12-26 20:31:26,Plátanos,Frutas,2,SPAR-Vegueta
TCK-70327,BASK-327,2024-12-26 20:31:26,Refresco cola,Bebidas,2,SPAR-Vegueta
TCK-70327,BASK-327,2024-12-26 20:31:26,Leche entera,Lácteos,1,SPAR-Vegueta
TCK-70327,BASK-327,2024-12-26 20:31:26,Vino tinto,Bebidas,2,SPAR-Vegueta
TCK-70327,BASK-327,2024-12-26 20:31:26,Pan de molde,Panadería,1,SPAR-Vegueta
TCK-70328,BASK-328,2025-08-17 11:59:26,Pechuga de pollo,Carnicería,3,SPAR-Vegueta
TCK-70328,BASK-328,2025-08-17 11:59:26,Tomates,Verduras,1,SPAR-Vegueta
TCK-70328,BASK-328,2025-08-17 11:59:26,Yogur natural,Lácteos,1,SPAR-Vegueta
TCK-70328,BASK-328,2025-08-17 11:59:26,Pan de barra,Panadería,3,SPAR-Vegueta
TCK-70328,BASK-328,2025-08-17 11:59:26,Queso curado,Lácteos,3,SPAR-Vegueta
TCK-70328,BASK-328,2025-08-17 11:59:26,Huevos,Lácteos,1,SPAR-Vegueta
TCK-70328,BASK-328,2025-08-17 11:59:26,Pan de molde,Panadería,1,SPAR-Vegueta
TCK-70328,BASK-328,2025-08-17 11:59:26,Pañales,Bebé,1,SPAR-Vegueta
TCK-70329,BASK-329,2024-12-02 12:41:26,Cereal de desayuno,Cereales,2,HiperDino-SietePalmas
TCK-70329,BASK-329,2024-12-02 12:41:26,Yogur natural,Lácteos,3,HiperDino-SietePalmas
TCK-70329,BASK-329,2024-12-02 12:41:26,Leche entera,Lácteos,3,HiperDino-SietePalmas
TCK-70329,BASK-329,2024-12-02 12:41:26,Pañales,Bebé,3,HiperDino-SietePalmas
TCK-70330,BASK-330,2025-05-12 16:22:26,Salsa de tomate,Conservas,2,HiperDino-SietePalmas
TCK-70330,BASK-330,2025-05-12 16:22:26,Mermelada de fresa,Conservas,3,HiperDino-SietePalmas
TCK-70330,BASK-330,2025-05-12 16:22:26,Tomates,Verduras,3,HiperDino-SietePalmas
TCK-70330,BASK-330,2025-05-12 16:22:26,Queso curado,Lácteos,3,HiperDino-SietePalmas
TCK-70330,BASK-330,2025-05-12 16:22:26,Huevos,Lácteos,2,HiperDino-SietePalmas
TCK-70331,BASK-331,2025-10-12 13:56:26,Cereal de desayuno,Cereales,2,HiperDino-SietePalmas
TCK-70331,BASK-331,2025-10-12 13:56:26,Pan de hamburguesa,Panadería,2,HiperDino-SietePalmas
TCK-70331,BASK-331,2025-10-12 13:56:26,Mermelada de fresa,Conservas,3,HiperDino-SietePalmas
TCK-70331,BASK-331,2025-10-12 13:56:26,Tomates,Verduras,1,HiperDino-SietePalmas
TCK-70331,BASK-331,2025-10-12 13:56:26,Aceite de oliva,Aceites,2,HiperDino-SietePalmas
TCK-70331,BASK-331,2025-10-12 13:56:26,Lechuga,Verduras,2,HiperDino-SietePalmas
TCK-70331,BASK-331,2025-10-12 13:56:26,Arroz,Cereales,1,HiperDino-SietePalmas
TCK-70331,BASK-331,2025-10-12 13:56:26,Nachos de maíz,Snacks,1,HiperDino-SietePalmas
TCK-70331,BASK-331,2025-10-12 13:56:26,Pañales,Bebé,3,HiperDino-SietePalmas
TCK-70331,BASK-331,2025-10-12 13:56:26,Cerveza,Bebidas,3,HiperDino-SietePalmas
TCK-70332,BASK-332,2025-07-05 16:27:26,Cereal de desayuno,Cereales,3,HiperDino-SietePalmas
TCK-70332,BASK-332,2025-07-05 16:27:26,Tomates,Verduras,1,HiperDino-SietePalmas
TCK-70332,BASK-332,2025-07-05 16:27:26,Lechuga,Verduras,2,HiperDino-SietePalmas
TCK-70332,BASK-332,2025-07-05 16:27:26,Yogur natural,Lácteos,1,HiperDino-SietePalmas
TCK-70332,BASK-332,2025-07-05 16:27:26,Mantequilla,Lácteos,1,HiperDino-SietePalmas
TCK-70332,BASK-332,2025-07-05 16:27:26,Helado de vainilla,Congelados,3,HiperDino-SietePalmas
TCK-70332,BASK-332,2025-07-05 16:27:26,Huevos,Lácteos,2,HiperDino-SietePalmas
TCK-70332,BASK-332,2025-07-05 16:27:26,Pañales,Bebé,1,HiperDino-SietePalmas
TCK-70332,BASK-332,2025-07-05 16:27:26,Cerveza,Bebidas,1,HiperDino-SietePalmas
TCK-70333,BASK-333,2025-07-16 12:46:26,Pan de hamburguesa,Panadería,1,HiperDino-SietePalmas
TCK-70333,BASK-333,2025-07-16 12:46:26,Carne picada,Carnicería,1,HiperDino-SietePalmas
TCK-70333,BASK-333,2025-07-16 12:46:26,Yogur natural,Lácteos,3,HiperDino-SietePalmas
TCK-70333,BASK-333,2025-07-16 12:46:26,Arroz,Cereales,3,HiperDino-SietePalmas
TCK-70333,BASK-333,2025-07-16 12:46:26,Pañales,Bebé,1,HiperDino-SietePalmas
TCK-70334,BASK-334,2025-10-07 16:04:26,Pasta,Cereales,2,Mercadona-Triana
TCK-70334,BASK-334,2025-10-07 16:04:26,Plátanos,Frutas,1,Mercadona-Triana
TCK-70334,BASK-334,2025-10-07 16:04:26,Tomates,Verduras,2,Mercadona-Triana
TCK-70334,BASK-334,2025-10-07 16:04:26,Mermelada de fresa,Conservas,2,Mercadona-Triana
TCK-70334,BASK-334,2025-10-07 16:04:26,Aceite de oliva,Aceites,1,Mercadona-Triana
TCK-70334,BASK-334,2025-10-07 16:04:26,Pizza congelada,Congelados,3,Mercadona-Triana
TCK-70335,BASK-335,2025-05-06 20:14:26,Manzanas,Frutas,3,Mercadona-Triana
TCK-70335,BASK-335,2025-05-06 20:14:26,Mermelada de fresa,Conservas,2,Mercadona-Triana
TCK-70335,BASK-335,2025-05-06 20:14:26,Pizza congelada,Congelados,2,Mercadona-Triana
TCK-70335,BASK-335,2025-05-06 20:14:26,Nachos de maíz,Snacks,2,Mercadona-Triana
TCK-70335,BASK-335,2025-05-06 20:14:26,Café molido,Bebidas,3,Mercadona-Triana
TCK-70335,BASK-335,2025-05-06 20:14:26,Vino tinto,Bebidas,1,Mercadona-Triana
TCK-70335,BASK-335,2025-05-06 20:14:26,ColaCao,Bebidas,3,Mercadona-Triana
TCK-70335,BASK-335,2025-05-06 20:14:26,Pañales,Bebé,3,Mercadona-Triana
TCK-70335,BASK-335,2025-05-06 20:14:26,Cerveza,Bebidas,3,Mercadona-Triana
TCK-70336,BASK-336,2025-06-27 12:58:26,Cereal de desayuno,Cereales,3,HiperDino-SietePalmas
TCK-70336,BASK-336,2025-06-27 12:58:26,Pechuga de pollo,Carnicería,1,HiperDino-SietePalmas
TCK-70336,BASK-336,2025-06-27 12:58:26,Carne picada,Carnicería,3,HiperDino-SietePalmas
TCK-70336,BASK-336,2025-06-27 12:58:26,Salsa de tomate,Conservas,2,HiperDino-SietePalmas
TCK-70336,BASK-336,2025-06-27 12:58:26,Lechuga,Verduras,1,HiperDino-SietePalmas
TCK-70336,BASK-336,2025-06-27 12:58:26,Café molido,Bebidas,3,HiperDino-SietePalmas
TCK-70337,BASK-337,2025-09-24 14:29:26,Tomates,Verduras,1,HiperDino-SietePalmas
TCK-70337,BASK-337,2025-09-24 14:29:26,Salsa mexicana,Salsas,1,HiperDino-SietePalmas
TCK-70337,BASK-337,2025-09-24 14:29:26,Arroz,Cereales,1,HiperDino-SietePalmas
TCK-70337,BASK-337,2025-09-24 14:29:26,Yogur natural,Lácteos,1,HiperDino-SietePalmas
TCK-70337,BASK-337,2025-09-24 14:29:26,Nachos de maíz,Snacks,1,HiperDino-SietePalmas
TCK-70337,BASK-337,2025-09-24 14:29:26,Guacamole refrigerado,Refrigerados,2,HiperDino-SietePalmas
TCK-70337,BASK-337,2025-09-24 14:29:26,Vino tinto,Bebidas,1,HiperDino-SietePalmas
TCK-70337,BASK-337,2025-09-24 14:29:26,Cerveza,Bebidas,2,HiperDino-SietePalmas
TCK-70338,BASK-338,2025-08-26 17:26:26,Salsa mexicana,Salsas,3,Mercadona-Triana
TCK-70338,BASK-338,2025-08-26 17:26:26,Mermelada de fresa,Conservas,1,Mercadona-Triana
TCK-70338,BASK-338,2025-08-26 17:26:26,Vino tinto,Bebidas,1,Mercadona-Triana
TCK-70338,BASK-338,2025-08-26 17:26:26,Pan de molde,Panadería,3,Mercadona-Triana
TCK-70339,BASK-339,2025-07-12 21:48:26,Salsa de tomate,Conservas,3,SPAR-Vegueta
TCK-70339,BASK-339,2025-07-12 21:48:26,Plátanos,Frutas,3,SPAR-Vegueta
TCK-70339,BASK-339,2025-07-12 21:48:26,Patatas fritas bolsa,Snacks,1,SPAR-Vegueta
TCK-70339,BASK-339,2025-07-12 21:48:26,Arroz,Cereales,2,SPAR-Vegueta
TCK-70339,BASK-339,2025-07-12 21:48:26,Refresco cola,Bebidas,2,SPAR-Vegueta
TCK-70340,BASK-340,2025-02-04 20:25:26,Cereal de desayuno,Cereales,2,HiperDino-SietePalmas
TCK-70340,BASK-340,2025-02-04 20:25:26,Pechuga de pollo,Carnicería,2,HiperDino-SietePalmas
TCK-70340,BASK-340,2025-02-04 20:25:26,Pan de hamburguesa,Panadería,1,HiperDino-SietePalmas
TCK-70340,BASK-340,2025-02-04 20:25:26,Mermelada de fresa,Conservas,3,HiperDino-SietePalmas
TCK-70340,BASK-340,2025-02-04 20:25:26,Tomates,Verduras,2,HiperDino-SietePalmas
TCK-70340,BASK-340,2025-02-04 20:25:26,Aceite de oliva,Aceites,1,HiperDino-SietePalmas
TCK-70340,BASK-340,2025-02-04 20:25:26,Salsa mexicana,Salsas,3,HiperDino-SietePalmas
TCK-70340,BASK-340,2025-02-04 20:25:26,Arroz,Cereales,2,HiperDino-SietePalmas
TCK-70340,BASK-340,2025-02-04 20:25:26,Vino tinto,Bebidas,1,HiperDino-SietePalmas
TCK-70340,BASK-340,2025-02-04 20:25:26,Galletas,Dulces,2,HiperDino-SietePalmas
TCK-70341,BASK-341,2025-03-19 22:17:26,Helado de vainilla,Congelados,1,HiperDino-SietePalmas
TCK-70341,BASK-341,2025-03-19 22:17:26,Nachos de maíz,Snacks,1,HiperDino-SietePalmas
TCK-70341,BASK-341,2025-03-19 22:17:26,Leche entera,Lácteos,2,HiperDino-SietePalmas
TCK-70341,BASK-341,2025-03-19 22:17:26,Galletas,Dulces,2,HiperDino-SietePalmas
TCK-70341,BASK-341,2025-03-19 22:17:26,ColaCao,Bebidas,3,HiperDino-SietePalmas
TCK-70341,BASK-341,2025-03-19 22:17:26,Cerveza,Bebidas,3,HiperDino-SietePalmas
TCK-70342,BASK-342,2025-05-04 13:00:26,Tomates,Verduras,1,SPAR-Telde
TCK-70342,BASK-342,2025-05-04 13:00:26,Queso curado,Lácteos,1,SPAR-Telde
TCK-70342,BASK-342,2025-05-04 13:00:26,Pizza congelada,Congelados,1,SPAR-Telde
TCK-70343,BASK-343,2025-09-13 19:26:26,Guacamole refrigerado,Refrigerados,3,SPAR-Telde
TCK-70343,BASK-343,2025-09-13 19:26:26,Leche entera,Lácteos,3,SPAR-Telde
TCK-70343,BASK-343,2025-09-13 19:26:26,Tomates,Verduras,1,SPAR-Telde
TCK-70343,BASK-343,2025-09-13 19:26:26,Mantequilla,Lácteos,3,SPAR-Telde
TCK-70344,BASK-344,2025-05-12 12:50:26,Carne picada,Carnicería,1,HiperDino-SietePalmas
TCK-70344,BASK-344,2025-05-12 12:50:26,Mermelada de fresa,Conservas,1,HiperDino-SietePalmas
TCK-70344,BASK-344,2025-05-12 12:50:26,Arroz,Cereales,2,HiperDino-SietePalmas
TCK-70344,BASK-344,2025-05-12 12:50:26,Mantequilla,Lácteos,3,HiperDino-SietePalmas
TCK-70344,BASK-344,2025-05-12 12:50:26,Pan de molde,Panadería,1,HiperDino-SietePalmas
TCK-70344,BASK-344,2025-05-12 12:50:26,Pizza congelada,Congelados,1,HiperDino-SietePalmas
TCK-70345,BASK-345,2025-09-10 20:53:26,Pan de hamburguesa,Panadería,3,HiperDino-SietePalmas
TCK-70345,BASK-345,2025-09-10 20:53:26,Mermelada de fresa,Conservas,3,HiperDino-SietePalmas
TCK-70345,BASK-345,2025-09-10 20:53:26,Pan de barra,Panadería,3,HiperDino-SietePalmas
TCK-70345,BASK-345,2025-09-10 20:53:26,Helado de vainilla,Congelados,3,HiperDino-SietePalmas
TCK-70345,BASK-345,2025-09-10 20:53:26,Vino tinto,Bebidas,3,HiperDino-SietePalmas
TCK-70345,BASK-345,2025-09-10 20:53:26,Galletas,Dulces,2,HiperDino-SietePalmas
TCK-70345,BASK-345,2025-09-10 20:53:26,Cerveza,Bebidas,1,HiperDino-SietePalmas
TCK-70345,BASK-345,2025-09-10 20:53:26,Pizza congelada,Congelados,2,HiperDino-SietePalmas
TCK-70346,BASK-346,2025-08-09 18:28:26,Cereal de desayuno,Cereales,3,SPAR-Vegueta
TCK-70346,BASK-346,2025-08-09 18:28:26,Salsa de tomate,Conservas,1,SPAR-Vegueta
TCK-70346,BASK-346,2025-08-09 18:28:26,Tomates,Verduras,2,SPAR-Vegueta
TCK-70346,BASK-346,2025-08-09 18:28:26,Aceite de oliva,Aceites,2,SPAR-Vegueta
TCK-70346,BASK-346,2025-08-09 18:28:26,Yogur natural,Lácteos,3,SPAR-Vegueta
TCK-70346,BASK-346,2025-08-09 18:28:26,Arroz,Cereales,1,SPAR-Vegueta
TCK-70346,BASK-346,2025-08-09 18:28:26,Nachos de maíz,Snacks,1,SPAR-Vegueta
TCK-70346,BASK-346,2025-08-09 18:28:26,Galletas,Dulces,3,SPAR-Vegueta
TCK-70346,BASK-346,2025-08-09 18:28:26,Pan de molde,Panadería,1,SPAR-Vegueta
TCK-70347,BASK-347,2025-07-28 18:52:26,Arroz,Cereales,3,SPAR-Telde
TCK-70347,BASK-347,2025-07-28 18:52:26,Mermelada de fresa,Conservas,2,SPAR-Telde
TCK-70347,BASK-347,2025-07-28 18:52:26,Aceite de oliva,Aceites,1,SPAR-Telde
TCK-70348,BASK-348,2025-05-25 00:13:26,Cereal de desayuno,Cereales,2,Mercadona-Triana
TCK-70348,BASK-348,2025-05-25 00:13:26,Pasta,Cereales,3,Mercadona-Triana
TCK-70348,BASK-348,2025-05-25 00:13:26,Manzanas,Frutas,2,Mercadona-Triana
TCK-70348,BASK-348,2025-05-25 00:13:26,Yogur natural,Lácteos,2,Mercadona-Triana
TCK-70348,BASK-348,2025-05-25 00:13:26,Arroz,Cereales,2,Mercadona-Triana
TCK-70348,BASK-348,2025-05-25 00:13:26,Queso curado,Lácteos,3,Mercadona-Triana
TCK-70348,BASK-348,2025-05-25 00:13:26,Nachos de maíz,Snacks,2,Mercadona-Triana
TCK-70348,BASK-348,2025-05-25 00:13:26,Leche entera,Lácteos,2,Mercadona-Triana
TCK-70348,BASK-348,2025-05-25 00:13:26,ColaCao,Bebidas,1,Mercadona-Triana
TCK-70348,BASK-348,2025-05-25 00:13:26,Cerveza,Bebidas,1,Mercadona-Triana
TCK-70349,BASK-349,2025-09-21 19:01:26,Lechuga,Verduras,3,SPAR-Vegueta
TCK-70349,BASK-349,2025-09-21 19:01:26,Refresco cola,Bebidas,3,SPAR-Vegueta
TCK-70349,BASK-349,2025-09-21 19:01:26,Pizza congelada,Congelados,2,SPAR-Vegueta
TCK-70350,BASK-350,2025-10-21 13:41:26,Arroz,Cereales,1,HiperDino-SietePalmas
TCK-70350,BASK-350,2025-10-21 13:41:26,Queso curado,Lácteos,2,HiperDino-SietePalmas
TCK-70350,BASK-350,2025-10-21 13:41:26,Café molido,Bebidas,2,HiperDino-SietePalmas
TCK-70350,BASK-350,2025-10-21 13:41:26,Vino tinto,Bebidas,3,HiperDino-SietePalmas
TCK-70350,BASK-350,2025-10-21 13:41:26,Galletas,Dulces,1,HiperDino-SietePalmas
TCK-70351,BASK-351,2025-01-06 11:32:26,Pechuga de pollo,Carnicería,2,SPAR-Vegueta
TCK-70351,BASK-351,2025-01-06 11:32:26,Plátanos,Frutas,2,SPAR-Vegueta
TCK-70351,BASK-351,2025-01-06 11:32:26,Tomates,Verduras,2,SPAR-Vegueta
TCK-70351,BASK-351,2025-01-06 11:32:26,Yogur natural,Lácteos,1,SPAR-Vegueta
TCK-70351,BASK-351,2025-01-06 11:32:26,Arroz,Cereales,3,SPAR-Vegueta
TCK-70351,BASK-351,2025-01-06 11:32:26,Pan de barra,Panadería,3,SPAR-Vegueta
TCK-70351,BASK-351,2025-01-06 11:32:26,Mantequilla,Lácteos,3,SPAR-Vegueta
TCK-70351,BASK-351,2025-01-06 11:32:26,Pan de molde,Panadería,3,SPAR-Vegueta
TCK-70351,BASK-351,2025-01-06 11:32:26,ColaCao,Bebidas,3,SPAR-Vegueta
TCK-70352,BASK-352,2025-03-27 12:36:26,Pan de hamburguesa,Panadería,3,HiperDino-SietePalmas
TCK-70352,BASK-352,2025-03-27 12:36:26,Patatas fritas bolsa,Snacks,2,HiperDino-SietePalmas
TCK-70352,BASK-352,2025-03-27 12:36:26,Salsa de tomate,Conservas,2,HiperDino-SietePalmas
TCK-70352,BASK-352,2025-03-27 12:36:26,Carne picada,Carnicería,3,HiperDino-SietePalmas
TCK-70352,BASK-352,2025-03-27 12:36:26,Aceite de oliva,Aceites,2,HiperDino-SietePalmas
TCK-70352,BASK-352,2025-03-27 12:36:26,Queso curado,Lácteos,2,HiperDino-SietePalmas
TCK-70352,BASK-352,2025-03-27 12:36:26,Refresco cola,Bebidas,3,HiperDino-SietePalmas
TCK-70352,BASK-352,2025-03-27 12:36:26,Pan de molde,Panadería,2,HiperDino-SietePalmas
TCK-70352,BASK-352,2025-03-27 12:36:26,Pañales,Bebé,3,HiperDino-SietePalmas
TCK-70353,BASK-353,2025-06-20 13:19:26,Manzanas,Frutas,3,SPAR-Telde
TCK-70353,BASK-353,2025-06-20 13:19:26,Salsa de tomate,Conservas,3,SPAR-Telde
TCK-70353,BASK-353,2025-06-20 13:19:26,Mermelada de fresa,Conservas,1,SPAR-Telde
TCK-70353,BASK-353,2025-06-20 13:19:26,Salsa mexicana,Salsas,1,SPAR-Telde
TCK-70353,BASK-353,2025-06-20 13:19:26,Yogur natural,Lácteos,2,SPAR-Telde
TCK-70353,BASK-353,2025-06-20 13:19:26,Helado de vainilla,Congelados,2,SPAR-Telde
TCK-70353,BASK-353,2025-06-20 13:19:26,Nachos de maíz,Snacks,2,SPAR-Telde
TCK-70353,BASK-353,2025-06-20 13:19:26,Leche entera,Lácteos,2,SPAR-Telde
TCK-70353,BASK-353,2025-06-20 13:19:26,ColaCao,Bebidas,3,SPAR-Telde
TCK-70354,BASK-354,2025-04-24 12:52:26,Manzanas,Frutas,2,Mercadona-Triana
TCK-70354,BASK-354,2025-04-24 12:52:26,Salsa de tomate,Conservas,2,Mercadona-Triana
TCK-70354,BASK-354,2025-04-24 12:52:26,Mermelada de fresa,Conservas,2,Mercadona-Triana
TCK-70354,BASK-354,2025-04-24 12:52:26,Aceite de oliva,Aceites,2,Mercadona-Triana
TCK-70354,BASK-354,2025-04-24 12:52:26,Helado de vainilla,Congelados,1,Mercadona-Triana
TCK-70354,BASK-354,2025-04-24 12:52:26,Galletas,Dulces,2,Mercadona-Triana
TCK-70355,BASK-355,2025-04-02 17:01:26,Lechuga,Verduras,1,HiperDino-SietePalmas
TCK-70355,BASK-355,2025-04-02 17:01:26,Carne picada,Carnicería,2,HiperDino-SietePalmas
TCK-70355,BASK-355,2025-04-02 17:01:26,Pan de hamburguesa,Panadería,2,HiperDino-SietePalmas
TCK-70355,BASK-355,2025-04-02 17:01:26,Tomates,Verduras,1,HiperDino-SietePalmas
TCK-70356,BASK-356,2025-01-31 13:15:26,Salsa de tomate,Conservas,2,SPAR-Vegueta
TCK-70356,BASK-356,2025-01-31 13:15:26,Salsa mexicana,Salsas,1,SPAR-Vegueta
TCK-70356,BASK-356,2025-01-31 13:15:26,Huevos,Lácteos,2,SPAR-Vegueta
TCK-70356,BASK-356,2025-01-31 13:15:26,Leche entera,Lácteos,3,SPAR-Vegueta
TCK-70356,BASK-356,2025-01-31 13:15:26,Pañales,Bebé,3,SPAR-Vegueta
TCK-70357,BASK-357,2025-05-19 16:00:26,Pasta,Cereales,2,SPAR-Vegueta
TCK-70357,BASK-357,2025-05-19 16:00:26,Pan de hamburguesa,Panadería,1,SPAR-Vegueta
TCK-70357,BASK-357,2025-05-19 16:00:26,Salsa de tomate,Conservas,3,SPAR-Vegueta
TCK-70357,BASK-357,2025-05-19 16:00:26,Aceite de oliva,Aceites,1,SPAR-Vegueta
TCK-70357,BASK-357,2025-05-19 16:00:26,Salsa mexicana,Salsas,3,SPAR-Vegueta
TCK-70357,BASK-357,2025-05-19 16:00:26,Yogur natural,Lácteos,2,SPAR-Vegueta
TCK-70357,BASK-357,2025-05-19 16:00:26,Pan de barra,Panadería,2,SPAR-Vegueta
TCK-70357,BASK-357,2025-05-19 16:00:26,Mantequilla,Lácteos,2,SPAR-Vegueta
TCK-70357,BASK-357,2025-05-19 16:00:26,Guacamole refrigerado,Refrigerados,3,SPAR-Vegueta
TCK-70358,BASK-358,2025-01-13 23:49:26,Mermelada de fresa,Conservas,1,SPAR-Telde
TCK-70358,BASK-358,2025-01-13 23:49:26,Aceite de oliva,Aceites,3,SPAR-Telde
TCK-70358,BASK-358,2025-01-13 23:49:26,Mantequilla,Lácteos,2,SPAR-Telde
TCK-70358,BASK-358,2025-01-13 23:49:26,Huevos,Lácteos,3,SPAR-Telde
TCK-70358,BASK-358,2025-01-13 23:49:26,Leche entera,Lácteos,2,SPAR-Telde
TCK-70358,BASK-358,2025-01-13 23:49:26,Pan de molde,Panadería,1,SPAR-Telde
TCK-70359,BASK-359,2025-04-14 13:09:26,Café molido,Bebidas,1,Mercadona-Triana
TCK-70359,BASK-359,2025-04-14 13:09:26,Refresco cola,Bebidas,1,Mercadona-Triana
TCK-70359,BASK-359,2025-04-14 13:09:26,Pañales,Bebé,2,Mercadona-Triana
TCK-70360,BASK-360,2025-08-14 20:10:26,Lechuga,Verduras,1,HiperDino-SietePalmas
TCK-70360,BASK-360,2025-08-14 20:10:26,Carne picada,Carnicería,3,HiperDino-SietePalmas
TCK-70360,BASK-360,2025-08-14 20:10:26,Pan de hamburguesa,Panadería,2,HiperDino-SietePalmas
TCK-70361,BASK-361,2025-03-21 13:37:26,Pan de hamburguesa,Panadería,2,HiperDino-SietePalmas
TCK-70361,BASK-361,2025-03-21 13:37:26,Plátanos,Frutas,1,HiperDino-SietePalmas
TCK-70361,BASK-361,2025-03-21 13:37:26,Salsa mexicana,Salsas,3,HiperDino-SietePalmas
TCK-70361,BASK-361,2025-03-21 13:37:26,Lechuga,Verduras,1,HiperDino-SietePalmas
TCK-70361,BASK-361,2025-03-21 13:37:26,Arroz,Cereales,2,HiperDino-SietePalmas
TCK-70361,BASK-361,2025-03-21 13:37:26,Helado de vainilla,Congelados,1,HiperDino-SietePalmas
TCK-70361,BASK-361,2025-03-21 13:37:26,Vino tinto,Bebidas,3,HiperDino-SietePalmas
TCK-70361,BASK-361,2025-03-21 13:37:26,Pizza congelada,Congelados,2,HiperDino-SietePalmas
TCK-70362,BASK-362,2025-07-18 11:26:26,Cereal de desayuno,Cereales,1,HiperDino-SietePalmas
TCK-70362,BASK-362,2025-07-18 11:26:26,Patatas fritas bolsa,Snacks,3,HiperDino-SietePalmas
TCK-70362,BASK-362,2025-07-18 11:26:26,Queso curado,Lácteos,1,HiperDino-SietePalmas
TCK-70362,BASK-362,2025-07-18 11:26:26,Helado de vainilla,Congelados,3,HiperDino-SietePalmas
TCK-70362,BASK-362,2025-07-18 11:26:26,Nachos de maíz,Snacks,2,HiperDino-SietePalmas
TCK-70362,BASK-362,2025-07-18 11:26:26,Café molido,Bebidas,3,HiperDino-SietePalmas
TCK-70362,BASK-362,2025-07-18 11:26:26,Refresco cola,Bebidas,3,HiperDino-SietePalmas
TCK-70362,BASK-362,2025-07-18 11:26:26,Leche entera,Lácteos,2,HiperDino-SietePalmas
TCK-70362,BASK-362,2025-07-18 11:26:26,ColaCao,Bebidas,2,HiperDino-SietePalmas
TCK-70362,BASK-362,2025-07-18 11:26:26,Cerveza,Bebidas,2,HiperDino-SietePalmas
TCK-70363,BASK-363,2025-08-06 12:00:26,Pasta,Cereales,2,Mercadona-Triana
TCK-70363,BASK-363,2025-08-06 12:00:26,Salsa de tomate,Conservas,2,Mercadona-Triana
TCK-70363,BASK-363,2025-08-06 12:00:26,Mermelada de fresa,Conservas,2,Mercadona-Triana
TCK-70363,BASK-363,2025-08-06 12:00:26,Tomates,Verduras,2,Mercadona-Triana
TCK-70363,BASK-363,2025-08-06 12:00:26,Nachos de maíz,Snacks,2,Mercadona-Triana
TCK-70364,BASK-364,2024-11-29 19:19:26,Guacamole refrigerado,Refrigerados,1,HiperDino-SietePalmas
TCK-70364,BASK-364,2024-11-29 19:19:26,Plátanos,Frutas,2,HiperDino-SietePalmas
TCK-70364,BASK-364,2024-11-29 19:19:26,Queso curado,Lácteos,2,HiperDino-SietePalmas
TCK-70364,BASK-364,2024-11-29 19:19:26,Galletas,Dulces,2,HiperDino-SietePalmas
TCK-70365,BASK-365,2024-12-21 20:34:26,Patatas fritas bolsa,Snacks,2,HiperDino-SietePalmas
TCK-70365,BASK-365,2024-12-21 20:34:26,Lechuga,Verduras,1,HiperDino-SietePalmas
TCK-70365,BASK-365,2024-12-21 20:34:26,Café molido,Bebidas,2,HiperDino-SietePalmas
TCK-70365,BASK-365,2024-12-21 20:34:26,Guacamole refrigerado,Refrigerados,3,HiperDino-SietePalmas
TCK-70365,BASK-365,2024-12-21 20:34:26,Leche entera,Lácteos,1,HiperDino-SietePalmas
TCK-70365,BASK-365,2024-12-21 20:34:26,Refresco cola,Bebidas,2,HiperDino-SietePalmas
TCK-70365,BASK-365,2024-12-21 20:34:26,Pizza congelada,Congelados,2,HiperDino-SietePalmas
TCK-70366,BASK-366,2025-01-22 15:40:26,Pechuga de pollo,Carnicería,3,SPAR-Telde
TCK-70366,BASK-366,2025-01-22 15:40:26,Carne picada,Carnicería,1,SPAR-Telde
TCK-70366,BASK-366,2025-01-22 15:40:26,Mermelada de fresa,Conservas,3,SPAR-Telde
TCK-70366,BASK-366,2025-01-22 15:40:26,Mantequilla,Lácteos,1,SPAR-Telde
TCK-70366,BASK-366,2025-01-22 15:40:26,Refresco cola,Bebidas,3,SPAR-Telde
TCK-70367,BASK-367,2025-01-26 22:04:26,Carne picada,Carnicería,3,HiperDino-SietePalmas
TCK-70367,BASK-367,2025-01-26 22:04:26,Plátanos,Frutas,2,HiperDino-SietePalmas
TCK-70367,BASK-367,2025-01-26 22:04:26,Salsa mexicana,Salsas,2,HiperDino-SietePalmas
TCK-70367,BASK-367,2025-01-26 22:04:26,Pan de barra,Panadería,1,HiperDino-SietePalmas
TCK-70367,BASK-367,2025-01-26 22:04:26,Nachos de maíz,Snacks,3,HiperDino-SietePalmas
TCK-70367,BASK-367,2025-01-26 22:04:26,Huevos,Lácteos,1,HiperDino-SietePalmas
TCK-70367,BASK-367,2025-01-26 22:04:26,Pañales,Bebé,2,HiperDino-SietePalmas
TCK-70367,BASK-367,2025-01-26 22:04:26,Cerveza,Bebidas,3,HiperDino-SietePalmas
TCK-70368,BASK-368,2025-08-14 19:30:26,Salsa de tomate,Conservas,2,HiperDino-SietePalmas
TCK-70368,BASK-368,2025-08-14 19:30:26,Arroz,Cereales,3,HiperDino-SietePalmas
TCK-70368,BASK-368,2025-08-14 19:30:26,Pizza congelada,Congelados,1,HiperDino-SietePalmas
TCK-70368,BASK-368,2025-08-14 19:30:26,Mantequilla,Lácteos,3,HiperDino-SietePalmas
TCK-70368,BASK-368,2025-08-14 19:30:26,Refresco cola,Bebidas,2,HiperDino-SietePalmas
TCK-70368,BASK-368,2025-08-14 19:30:26,Leche entera,Lácteos,2,HiperDino-SietePalmas
TCK-70368,BASK-368,2025-08-14 19:30:26,ColaCao,Bebidas,3,HiperDino-SietePalmas
TCK-70368,BASK-368,2025-08-14 19:30:26,Pañales,Bebé,1,HiperDino-SietePalmas
TCK-70368,BASK-368,2025-08-14 19:30:26,Cerveza,Bebidas,2,HiperDino-SietePalmas
TCK-70369,BASK-369,2025-03-11 14:26:26,Refresco cola,Bebidas,2,HiperDino-SietePalmas
TCK-70369,BASK-369,2025-03-11 14:26:26,Arroz,Cereales,1,HiperDino-SietePalmas
TCK-70369,BASK-369,2025-03-11 14:26:26,Leche entera,Lácteos,3,HiperDino-SietePalmas
TCK-70369,BASK-369,2025-03-11 14:26:26,ColaCao,Bebidas,1,HiperDino-SietePalmas
TCK-70370,BASK-370,2025-05-10 15:59:26,Pan de hamburguesa,Panadería,3,SPAR-Vegueta
TCK-70370,BASK-370,2025-05-10 15:59:26,Plátanos,Frutas,1,SPAR-Vegueta
TCK-70370,BASK-370,2025-05-10 15:59:26,Tomates,Verduras,1,SPAR-Vegueta
TCK-70370,BASK-370,2025-05-10 15:59:26,Aceite de oliva,Aceites,2,SPAR-Vegueta
TCK-70370,BASK-370,2025-05-10 15:59:26,Galletas,Dulces,2,SPAR-Vegueta
TCK-70370,BASK-370,2025-05-10 15:59:26,Cerveza,Bebidas,2,SPAR-Vegueta
TCK-70371,BASK-371,2025-01-23 15:03:26,Carne picada,Carnicería,3,SPAR-Vegueta
TCK-70371,BASK-371,2025-01-23 15:03:26,Plátanos,Frutas,1,SPAR-Vegueta
TCK-70371,BASK-371,2025-01-23 15:03:26,Mermelada de fresa,Conservas,2,SPAR-Vegueta
TCK-70371,BASK-371,2025-01-23 15:03:26,Aceite de oliva,Aceites,1,SPAR-Vegueta
TCK-70371,BASK-371,2025-01-23 15:03:26,Yogur natural,Lácteos,2,SPAR-Vegueta
TCK-70371,BASK-371,2025-01-23 15:03:26,Pan de barra,Panadería,1,SPAR-Vegueta
TCK-70371,BASK-371,2025-01-23 15:03:26,Queso curado,Lácteos,3,SPAR-Vegueta
TCK-70371,BASK-371,2025-01-23 15:03:26,Café molido,Bebidas,1,SPAR-Vegueta
TCK-70371,BASK-371,2025-01-23 15:03:26,Refresco cola,Bebidas,2,SPAR-Vegueta
TCK-70371,BASK-371,2025-01-23 15:03:26,ColaCao,Bebidas,3,SPAR-Vegueta
TCK-70372,BASK-372,2025-09-10 13:27:26,Cereal de desayuno,Cereales,2,SPAR-Vegueta
TCK-70372,BASK-372,2025-09-10 13:27:26,Pechuga de pollo,Carnicería,3,SPAR-Vegueta
TCK-70372,BASK-372,2025-09-10 13:27:26,Carne picada,Carnicería,3,SPAR-Vegueta
TCK-70372,BASK-372,2025-09-10 13:27:26,Pan de barra,Panadería,1,SPAR-Vegueta
TCK-70372,BASK-372,2025-09-10 13:27:26,Helado de vainilla,Congelados,2,SPAR-Vegueta
TCK-70372,BASK-372,2025-09-10 13:27:26,Galletas,Dulces,2,SPAR-Vegueta
TCK-70372,BASK-372,2025-09-10 13:27:26,Pan de molde,Panadería,2,SPAR-Vegueta
TCK-70372,BASK-372,2025-09-10 13:27:26,ColaCao,Bebidas,1,SPAR-Vegueta
TCK-70372,BASK-372,2025-09-10 13:27:26,Cerveza,Bebidas,2,SPAR-Vegueta
TCK-70373,BASK-373,2025-09-28 20:41:26,Cereal de desayuno,Cereales,2,HiperDino-SietePalmas
TCK-70373,BASK-373,2025-09-28 20:41:26,Salsa mexicana,Salsas,1,HiperDino-SietePalmas
TCK-70373,BASK-373,2025-09-28 20:41:26,Yogur natural,Lácteos,2,HiperDino-SietePalmas
TCK-70373,BASK-373,2025-09-28 20:41:26,Nachos de maíz,Snacks,3,HiperDino-SietePalmas
TCK-70373,BASK-373,2025-09-28 20:41:26,Guacamole refrigerado,Refrigerados,2,HiperDino-SietePalmas
TCK-70373,BASK-373,2025-09-28 20:41:26,Leche entera,Lácteos,3,HiperDino-SietePalmas
TCK-70374,BASK-374,2025-06-07 23:21:26,Manzanas,Frutas,2,SPAR-Vegueta
TCK-70374,BASK-374,2025-06-07 23:21:26,Cerveza,Bebidas,3,SPAR-Vegueta
TCK-70374,BASK-374,2025-06-07 23:21:26,Vino tinto,Bebidas,1,SPAR-Vegueta
TCK-70374,BASK-374,2025-06-07 23:21:26,Pizza congelada,Congelados,3,SPAR-Vegueta
TCK-70375,BASK-375,2025-06-24 21:16:26,Cereal de desayuno,Cereales,2,SPAR-Vegueta
TCK-70375,BASK-375,2025-06-24 21:16:26,Manzanas,Frutas,1,SPAR-Vegueta
TCK-70375,BASK-375,2025-06-24 21:16:26,Carne picada,Carnicería,1,SPAR-Vegueta
TCK-70375,BASK-375,2025-06-24 21:16:26,Lechuga,Verduras,3,SPAR-Vegueta
TCK-70375,BASK-375,2025-06-24 21:16:26,Arroz,Cereales,3,SPAR-Vegueta
TCK-70375,BASK-375,2025-06-24 21:16:26,Pan de barra,Panadería,3,SPAR-Vegueta
TCK-70375,BASK-375,2025-06-24 21:16:26,Leche entera,Lácteos,3,SPAR-Vegueta
TCK-70376,BASK-376,2025-04-10 15:23:26,Pechuga de pollo,Carnicería,2,HiperDino-SietePalmas
TCK-70376,BASK-376,2025-04-10 15:23:26,Plátanos,Frutas,2,HiperDino-SietePalmas
TCK-70376,BASK-376,2025-04-10 15:23:26,Galletas,Dulces,2,HiperDino-SietePalmas
TCK-70377,BASK-377,2025-06-02 15:56:26,Pechuga de pollo,Carnicería,1,SPAR-Telde
TCK-70377,BASK-377,2025-06-02 15:56:26,Salsa de tomate,Conservas,1,SPAR-Telde
TCK-70377,BASK-377,2025-06-02 15:56:26,Lechuga,Verduras,1,SPAR-Telde
TCK-70377,BASK-377,2025-06-02 15:56:26,Arroz,Cereales,1,SPAR-Telde
TCK-70377,BASK-377,2025-06-02 15:56:26,Yogur natural,Lácteos,2,SPAR-Telde
TCK-70377,BASK-377,2025-06-02 15:56:26,Pan de barra,Panadería,2,SPAR-Telde
TCK-70377,BASK-377,2025-06-02 15:56:26,Queso curado,Lácteos,2,SPAR-Telde
TCK-70377,BASK-377,2025-06-02 15:56:26,Pañales,Bebé,1,SPAR-Telde
TCK-70378,BASK-378,2024-12-18 21:21:26,Manzanas,Frutas,3,HiperDino-SietePalmas
TCK-70378,BASK-378,2024-12-18 21:21:26,Pan de hamburguesa,Panadería,1,HiperDino-SietePalmas
TCK-70378,BASK-378,2024-12-18 21:21:26,Plátanos,Frutas,2,HiperDino-SietePalmas
TCK-70379,BASK-379,2025-07-30 13:03:26,Salsa mexicana,Salsas,1,SPAR-Telde
TCK-70379,BASK-379,2025-07-30 13:03:26,Queso curado,Lácteos,3,SPAR-Telde
TCK-70379,BASK-379,2025-07-30 13:03:26,Helado de vainilla,Congelados,1,SPAR-Telde
TCK-70379,BASK-379,2025-07-30 13:03:26,Nachos de maíz,Snacks,1,SPAR-Telde
TCK-70379,BASK-379,2025-07-30 13:03:26,Leche entera,Lácteos,2,SPAR-Telde
TCK-70379,BASK-379,2025-07-30 13:03:26,Pañales,Bebé,1,SPAR-Telde
TCK-70380,BASK-380,2025-09-01 20:19:26,Pechuga de pollo,Carnicería,1,HiperDino-SietePalmas
TCK-70380,BASK-380,2025-09-01 20:19:26,Pan de hamburguesa,Panadería,3,HiperDino-SietePalmas
TCK-70380,BASK-380,2025-09-01 20:19:26,Mermelada de fresa,Conservas,1,HiperDino-SietePalmas
TCK-70380,BASK-380,2025-09-01 20:19:26,Arroz,Cereales,1,HiperDino-SietePalmas
TCK-70380,BASK-380,2025-09-01 20:19:26,Pan de barra,Panadería,1,HiperDino-SietePalmas
TCK-70381,BASK-381,2025-05-31 18:08:26,Pan de hamburguesa,Panadería,3,Mercadona-Triana
TCK-70381,BASK-381,2025-05-31 18:08:26,Pan de barra,Panadería,3,Mercadona-Triana
TCK-70381,BASK-381,2025-05-31 18:08:26,Queso curado,Lácteos,1,Mercadona-Triana
TCK-70382,BASK-382,2025-03-08 22:05:26,Pasta,Cereales,3,Mercadona-Triana
TCK-70382,BASK-382,2025-03-08 22:05:26,Manzanas,Frutas,3,Mercadona-Triana
TCK-70382,BASK-382,2025-03-08 22:05:26,Patatas fritas bolsa,Snacks,2,Mercadona-Triana
TCK-70382,BASK-382,2025-03-08 22:05:26,Aceite de oliva,Aceites,1,Mercadona-Triana
TCK-70382,BASK-382,2025-03-08 22:05:26,Yogur natural,Lácteos,2,Mercadona-Triana
TCK-70382,BASK-382,2025-03-08 22:05:26,Arroz,Cereales,1,Mercadona-Triana
TCK-70382,BASK-382,2025-03-08 22:05:26,Queso curado,Lácteos,3,Mercadona-Triana
TCK-70382,BASK-382,2025-03-08 22:05:26,Huevos,Lácteos,3,Mercadona-Triana
TCK-70382,BASK-382,2025-03-08 22:05:26,Refresco cola,Bebidas,3,Mercadona-Triana
TCK-70382,BASK-382,2025-03-08 22:05:26,Pizza congelada,Congelados,1,Mercadona-Triana
TCK-70383,BASK-383,2025-10-17 21:17:26,Pasta,Cereales,2,SPAR-Telde
TCK-70383,BASK-383,2025-10-17 21:17:26,Queso curado,Lácteos,2,SPAR-Telde
TCK-70383,BASK-383,2025-10-17 21:17:26,Mantequilla,Lácteos,3,SPAR-Telde
TCK-70383,BASK-383,2025-10-17 21:17:26,Guacamole refrigerado,Refrigerados,2,SPAR-Telde
TCK-70383,BASK-383,2025-10-17 21:17:26,Vino tinto,Bebidas,1,SPAR-Telde
TCK-70383,BASK-383,2025-10-17 21:17:26,Pan de molde,Panadería,1,SPAR-Telde
TCK-70384,BASK-384,2024-12-11 19:28:26,Pan de molde,Panadería,1,Mercadona-Triana
TCK-70384,BASK-384,2024-12-11 19:28:26,Pañales,Bebé,2,Mercadona-Triana
TCK-70384,BASK-384,2024-12-11 19:28:26,Guacamole refrigerado,Refrigerados,1,Mercadona-Triana
TCK-70384,BASK-384,2024-12-11 19:28:26,Mantequilla,Lácteos,1,Mercadona-Triana
TCK-70385,BASK-385,2025-08-09 11:43:26,Mermelada de fresa,Conservas,2,Mercadona-Triana
TCK-70385,BASK-385,2025-08-09 11:43:26,Lechuga,Verduras,1,Mercadona-Triana
TCK-70385,BASK-385,2025-08-09 11:43:26,Queso curado,Lácteos,3,Mercadona-Triana
TCK-70385,BASK-385,2025-08-09 11:43:26,Mantequilla,Lácteos,1,Mercadona-Triana
TCK-70385,BASK-385,2025-08-09 11:43:26,Pan de molde,Panadería,3,Mercadona-Triana
TCK-70386,BASK-386,2025-04-14 11:20:26,Carne picada,Carnicería,1,Mercadona-Triana
TCK-70386,BASK-386,2025-04-14 11:20:26,Tomates,Verduras,3,Mercadona-Triana
TCK-70386,BASK-386,2025-04-14 11:20:26,Lechuga,Verduras,2,Mercadona-Triana
TCK-70386,BASK-386,2025-04-14 11:20:26,Arroz,Cereales,1,Mercadona-Triana
TCK-70386,BASK-386,2025-04-14 11:20:26,Pan de barra,Panadería,1,Mercadona-Triana
TCK-70386,BASK-386,2025-04-14 11:20:26,Nachos de maíz,Snacks,3,Mercadona-Triana
TCK-70386,BASK-386,2025-04-14 11:20:26,Guacamole refrigerado,Refrigerados,2,Mercadona-Triana
TCK-70386,BASK-386,2025-04-14 11:20:26,Refresco cola,Bebidas,3,Mercadona-Triana
TCK-70386,BASK-386,2025-04-14 11:20:26,Galletas,Dulces,1,Mercadona-Triana
TCK-70386,BASK-386,2025-04-14 11:20:26,Cerveza,Bebidas,1,Mercadona-Triana
TCK-70387,BASK-387,2025-08-02 21:52:26,Plátanos,Frutas,2,Mercadona-Triana
TCK-70387,BASK-387,2025-08-02 21:52:26,Salsa de tomate,Conservas,3,Mercadona-Triana
TCK-70387,BASK-387,2025-08-02 21:52:26,Mermelada de fresa,Conservas,1,Mercadona-Triana
TCK-70387,BASK-387,2025-08-02 21:52:26,Helado de vainilla,Congelados,3,Mercadona-Triana
TCK-70387,BASK-387,2025-08-02 21:52:26,Refresco cola,Bebidas,3,Mercadona-Triana
TCK-70387,BASK-387,2025-08-02 21:52:26,Pizza congelada,Congelados,1,Mercadona-Triana
TCK-70388,BASK-388,2024-11-28 12:49:26,Pan de hamburguesa,Panadería,3,Mercadona-Triana
TCK-70388,BASK-388,2024-11-28 12:49:26,Plátanos,Frutas,1,Mercadona-Triana
TCK-70388,BASK-388,2024-11-28 12:49:26,Mermelada de fresa,Conservas,1,Mercadona-Triana
TCK-70388,BASK-388,2024-11-28 12:49:26,Pan de barra,Panadería,1,Mercadona-Triana
TCK-70388,BASK-388,2024-11-28 12:49:26,Queso curado,Lácteos,1,Mercadona-Triana
TCK-70388,BASK-388,2024-11-28 12:49:26,Refresco cola,Bebidas,1,Mercadona-Triana
TCK-70388,BASK-388,2024-11-28 12:49:26,Vino tinto,Bebidas,3,Mercadona-Triana
TCK-70388,BASK-388,2024-11-28 12:49:26,ColaCao,Bebidas,2,Mercadona-Triana
TCK-70388,BASK-388,2024-11-28 12:49:26,Pañales,Bebé,2,Mercadona-Triana
TCK-70388,BASK-388,2024-11-28 12:49:26,Pizza congelada,Congelados,2,Mercadona-Triana
TCK-70389,BASK-389,2025-04-07 19:09:26,Manzanas,Frutas,3,Mercadona-Triana
TCK-70389,BASK-389,2025-04-07 19:09:26,Carne picada,Carnicería,2,Mercadona-Triana
TCK-70389,BASK-389,2025-04-07 19:09:26,Patatas fritas bolsa,Snacks,1,Mercadona-Triana
TCK-70389,BASK-389,2025-04-07 19:09:26,Salsa de tomate,Conservas,1,Mercadona-Triana
TCK-70389,BASK-389,2025-04-07 19:09:26,Pan de barra,Panadería,3,Mercadona-Triana
TCK-70389,BASK-389,2025-04-07 19:09:26,Refresco cola,Bebidas,1,Mercadona-Triana
TCK-70390,BASK-390,2025-10-24 00:01:26,Lechuga,Verduras,1,Mercadona-Triana
TCK-70390,BASK-390,2025-10-24 00:01:26,Tomates,Verduras,2,Mercadona-Triana
TCK-70390,BASK-390,2025-10-24 00:01:26,Pañales,Bebé,1,Mercadona-Triana
TCK-70391,BASK-391,2025-10-20 19:46:26,Cereal de desayuno,Cereales,2,SPAR-Vegueta
TCK-70391,BASK-391,2025-10-20 19:46:26,Salsa de tomate,Conservas,2,SPAR-Vegueta
TCK-70391,BASK-391,2025-10-20 19:46:26,Salsa mexicana,Salsas,2,SPAR-Vegueta
TCK-70391,BASK-391,2025-10-20 19:46:26,Refresco cola,Bebidas,2,SPAR-Vegueta
TCK-70391,BASK-391,2025-10-20 19:46:26,Pizza congelada,Congelados,1,SPAR-Vegueta
TCK-70392,BASK-392,2025-04-22 00:04:26,Cereal de desayuno,Cereales,2,Mercadona-Triana
TCK-70392,BASK-392,2025-04-22 00:04:26,Pasta,Cereales,1,Mercadona-Triana
TCK-70392,BASK-392,2025-04-22 00:04:26,Manzanas,Frutas,3,Mercadona-Triana
TCK-70392,BASK-392,2025-04-22 00:04:26,Tomates,Verduras,1,Mercadona-Triana
TCK-70392,BASK-392,2025-04-22 00:04:26,Mermelada de fresa,Conservas,2,Mercadona-Triana
TCK-70392,BASK-392,2025-04-22 00:04:26,Salsa mexicana,Salsas,3,Mercadona-Triana
TCK-70392,BASK-392,2025-04-22 00:04:26,Mantequilla,Lácteos,1,Mercadona-Triana
TCK-70392,BASK-392,2025-04-22 00:04:26,Nachos de maíz,Snacks,1,Mercadona-Triana
TCK-70392,BASK-392,2025-04-22 00:04:26,Guacamole refrigerado,Refrigerados,1,Mercadona-Triana
TCK-70392,BASK-392,2025-04-22 00:04:26,ColaCao,Bebidas,3,Mercadona-Triana
TCK-70393,BASK-393,2024-12-31 20:15:26,Manzanas,Frutas,2,SPAR-Telde
TCK-70393,BASK-393,2024-12-31 20:15:26,Arroz,Cereales,1,SPAR-Telde
TCK-70393,BASK-393,2024-12-31 20:15:26,Mantequilla,Lácteos,2,SPAR-Telde
TCK-70393,BASK-393,2024-12-31 20:15:26,Queso curado,Lácteos,1,SPAR-Telde
TCK-70393,BASK-393,2024-12-31 20:15:26,Pañales,Bebé,1,SPAR-Telde
TCK-70393,BASK-393,2024-12-31 20:15:26,Cerveza,Bebidas,1,SPAR-Telde
TCK-70394,BASK-394,2025-10-25 12:28:26,Patatas fritas bolsa,Snacks,2,Mercadona-Triana
TCK-70394,BASK-394,2025-10-25 12:28:26,Salsa de tomate,Conservas,3,Mercadona-Triana
TCK-70394,BASK-394,2025-10-25 12:28:26,Aceite de oliva,Aceites,2,Mercadona-Triana
TCK-70394,BASK-394,2025-10-25 12:28:26,Lechuga,Verduras,1,Mercadona-Triana
TCK-70394,BASK-394,2025-10-25 12:28:26,Queso curado,Lácteos,3,Mercadona-Triana
TCK-70394,BASK-394,2025-10-25 12:28:26,Mantequilla,Lácteos,3,Mercadona-Triana
TCK-70394,BASK-394,2025-10-25 12:28:26,Huevos,Lácteos,1,Mercadona-Triana
TCK-70394,BASK-394,2025-10-25 12:28:26,Guacamole refrigerado,Refrigerados,1,Mercadona-Triana
TCK-70394,BASK-394,2025-10-25 12:28:26,Café molido,Bebidas,2,Mercadona-Triana
TCK-70395,BASK-395,2025-06-08 15:43:26,Manzanas,Frutas,2,HiperDino-SietePalmas
TCK-70395,BASK-395,2025-06-08 15:43:26,Mermelada de fresa,Conservas,3,HiperDino-SietePalmas
TCK-70395,BASK-395,2025-06-08 15:43:26,Mantequilla,Lácteos,2,HiperDino-SietePalmas
TCK-70395,BASK-395,2025-06-08 15:43:26,Nachos de maíz,Snacks,3,HiperDino-SietePalmas
TCK-70395,BASK-395,2025-06-08 15:43:26,Huevos,Lácteos,2,HiperDino-SietePalmas
TCK-70395,BASK-395,2025-06-08 15:43:26,Galletas,Dulces,3,HiperDino-SietePalmas
TCK-70395,BASK-395,2025-06-08 15:43:26,Cerveza,Bebidas,3,HiperDino-SietePalmas
TCK-70396,BASK-396,2025-04-02 14:50:26,Carne picada,Carnicería,3,SPAR-Vegueta
TCK-70396,BASK-396,2025-04-02 14:50:26,Salsa de tomate,Conservas,3,SPAR-Vegueta
TCK-70396,BASK-396,2025-04-02 14:50:26,Mermelada de fresa,Conservas,2,SPAR-Vegueta
TCK-70396,BASK-396,2025-04-02 14:50:26,Queso curado,Lácteos,3,SPAR-Vegueta
TCK-70396,BASK-396,2025-04-02 14:50:26,Nachos de maíz,Snacks,3,SPAR-Vegueta
TCK-70396,BASK-396,2025-04-02 14:50:26,Huevos,Lácteos,3,SPAR-Vegueta
TCK-70396,BASK-396,2025-04-02 14:50:26,Refresco cola,Bebidas,1,SPAR-Vegueta
TCK-70397,BASK-397,2025-08-22 13:55:26,Pasta,Cereales,3,HiperDino-SietePalmas
TCK-70397,BASK-397,2025-08-22 13:55:26,Plátanos,Frutas,2,HiperDino-SietePalmas
TCK-70397,BASK-397,2025-08-22 13:55:26,Arroz,Cereales,1,HiperDino-SietePalmas
TCK-70397,BASK-397,2025-08-22 13:55:26,Queso curado,Lácteos,2,HiperDino-SietePalmas
TCK-70397,BASK-397,2025-08-22 13:55:26,Café molido,Bebidas,2,HiperDino-SietePalmas
TCK-70397,BASK-397,2025-08-22 13:55:26,Pan de molde,Panadería,2,HiperDino-SietePalmas
TCK-70398,BASK-398,2024-12-27 23:35:26,Cereal de desayuno,Cereales,3,SPAR-Vegueta
TCK-70398,BASK-398,2024-12-27 23:35:26,Manzanas,Frutas,3,SPAR-Vegueta
TCK-70398,BASK-398,2024-12-27 23:35:26,Lechuga,Verduras,3,SPAR-Vegueta
TCK-70398,BASK-398,2024-12-27 23:35:26,Huevos,Lácteos,3,SPAR-Vegueta
TCK-70398,BASK-398,2024-12-27 23:35:26,Cerveza,Bebidas,2,SPAR-Vegueta
TCK-70399,BASK-399,2025-08-08 18:29:26,Pan de hamburguesa,Panadería,3,SPAR-Vegueta
TCK-70399,BASK-399,2025-08-08 18:29:26,Plátanos,Frutas,2,SPAR-Vegueta
TCK-70399,BASK-399,2025-08-08 18:29:26,Patatas fritas bolsa,Snacks,1,SPAR-Vegueta
TCK-70399,BASK-399,2025-08-08 18:29:26,Leche entera,Lácteos,1,SPAR-Vegueta
TCK-70399,BASK-399,2025-08-08 18:29:26,Pan de molde,Panadería,1,SPAR-Vegueta
TCK-70399,BASK-399,2025-08-08 18:29:26,Cerveza,Bebidas,2,SPAR-Vegueta
TCK-70400,BASK-400,2025-01-06 00:09:26,Cereal de desayuno,Cereales,3,SPAR-Vegueta
TCK-70400,BASK-400,2025-01-06 00:09:26,Manzanas,Frutas,2,SPAR-Vegueta
TCK-70400,BASK-400,2025-01-06 00:09:26,Arroz,Cereales,3,SPAR-Vegueta
TCK-70400,BASK-400,2025-01-06 00:09:26,Queso curado,Lácteos,1,SPAR-Vegueta
TCK-70401,BASK-401,2025-02-20 12:24:26,Cereal de desayuno,Cereales,1,HiperDino-SietePalmas
TCK-70401,BASK-401,2025-02-20 12:24:26,Arroz,Cereales,1,HiperDino-SietePalmas
TCK-70401,BASK-401,2025-02-20 12:24:26,Yogur natural,Lácteos,3,HiperDino-SietePalmas
TCK-70401,BASK-401,2025-02-20 12:24:26,Mantequilla,Lácteos,3,HiperDino-SietePalmas
TCK-70401,BASK-401,2025-02-20 12:24:26,Leche entera,Lácteos,3,HiperDino-SietePalmas
TCK-70402,BASK-402,2025-06-17 14:54:26,Salsa de tomate,Conservas,1,Mercadona-Triana
TCK-70402,BASK-402,2025-06-17 14:54:26,Salsa mexicana,Salsas,1,Mercadona-Triana
TCK-70402,BASK-402,2025-06-17 14:54:26,Arroz,Cereales,1,Mercadona-Triana
TCK-70402,BASK-402,2025-06-17 14:54:26,Café molido,Bebidas,3,Mercadona-Triana
TCK-70402,BASK-402,2025-06-17 14:54:26,Galletas,Dulces,1,Mercadona-Triana
TCK-70403,BASK-403,2025-02-08 18:24:26,Patatas fritas bolsa,Snacks,2,Mercadona-Triana
TCK-70403,BASK-403,2025-02-08 18:24:26,Yogur natural,Lácteos,1,Mercadona-Triana
TCK-70403,BASK-403,2025-02-08 18:24:26,Helado de vainilla,Congelados,1,Mercadona-Triana
TCK-70403,BASK-403,2025-02-08 18:24:26,Nachos de maíz,Snacks,2,Mercadona-Triana
TCK-70403,BASK-403,2025-02-08 18:24:26,Huevos,Lácteos,3,Mercadona-Triana
TCK-70403,BASK-403,2025-02-08 18:24:26,Guacamole refrigerado,Refrigerados,2,Mercadona-Triana
TCK-70403,BASK-403,2025-02-08 18:24:26,Refresco cola,Bebidas,2,Mercadona-Triana
TCK-70403,BASK-403,2025-02-08 18:24:26,Vino tinto,Bebidas,1,Mercadona-Triana
TCK-70404,BASK-404,2025-10-20 23:35:26,Aceite de oliva,Aceites,1,SPAR-Telde
TCK-70404,BASK-404,2025-10-20 23:35:26,Helado de vainilla,Congelados,2,SPAR-Telde
TCK-70404,BASK-404,2025-10-20 23:35:26,Guacamole refrigerado,Refrigerados,2,SPAR-Telde
TCK-70404,BASK-404,2025-10-20 23:35:26,Vino tinto,Bebidas,2,SPAR-Telde
TCK-70404,BASK-404,2025-10-20 23:35:26,Galletas,Dulces,1,SPAR-Telde
TCK-70405,BASK-405,2025-11-04 18:20:26,Pasta,Cereales,1,Mercadona-Triana
TCK-70405,BASK-405,2025-11-04 18:20:26,Pechuga de pollo,Carnicería,3,Mercadona-Triana
TCK-70405,BASK-405,2025-11-04 18:20:26,Yogur natural,Lácteos,3,Mercadona-Triana
TCK-70405,BASK-405,2025-11-04 18:20:26,Arroz,Cereales,2,Mercadona-Triana
TCK-70405,BASK-405,2025-11-04 18:20:26,Queso curado,Lácteos,3,Mercadona-Triana
TCK-70405,BASK-405,2025-11-04 18:20:26,Helado de vainilla,Congelados,3,Mercadona-Triana
TCK-70405,BASK-405,2025-11-04 18:20:26,Nachos de maíz,Snacks,2,Mercadona-Triana
TCK-70405,BASK-405,2025-11-04 18:20:26,Leche entera,Lácteos,3,Mercadona-Triana
TCK-70405,BASK-405,2025-11-04 18:20:26,Galletas,Dulces,2,Mercadona-Triana
TCK-70406,BASK-406,2025-03-29 23:31:26,Lechuga,Verduras,3,SPAR-Telde
TCK-70406,BASK-406,2025-03-29 23:31:26,Café molido,Bebidas,2,SPAR-Telde
TCK-70406,BASK-406,2025-03-29 23:31:26,Galletas,Dulces,3,SPAR-Telde
TCK-70407,BASK-407,2025-05-01 12:16:26,Cereal de desayuno,Cereales,3,Mercadona-Triana
TCK-70407,BASK-407,2025-05-01 12:16:26,Arroz,Cereales,1,Mercadona-Triana
TCK-70407,BASK-407,2025-05-01 12:16:26,Leche entera,Lácteos,3,Mercadona-Triana
TCK-70408,BASK-408,2025-10-12 19:17:26,Salsa de tomate,Conservas,2,HiperDino-SietePalmas
TCK-70408,BASK-408,2025-10-12 19:17:26,Mermelada de fresa,Conservas,3,HiperDino-SietePalmas
TCK-70408,BASK-408,2025-10-12 19:17:26,Queso curado,Lácteos,1,HiperDino-SietePalmas
TCK-70408,BASK-408,2025-10-12 19:17:26,Helado de vainilla,Congelados,1,HiperDino-SietePalmas
TCK-70408,BASK-408,2025-10-12 19:17:26,Nachos de maíz,Snacks,3,HiperDino-SietePalmas
TCK-70408,BASK-408,2025-10-12 19:17:26,Huevos,Lácteos,2,HiperDino-SietePalmas
TCK-70408,BASK-408,2025-10-12 19:17:26,Café molido,Bebidas,3,HiperDino-SietePalmas
TCK-70408,BASK-408,2025-10-12 19:17:26,Leche entera,Lácteos,2,HiperDino-SietePalmas
TCK-70408,BASK-408,2025-10-12 19:17:26,Vino tinto,Bebidas,3,HiperDino-SietePalmas
TCK-70408,BASK-408,2025-10-12 19:17:26,Cerveza,Bebidas,2,HiperDino-SietePalmas
TCK-70409,BASK-409,2025-06-05 14:29:26,Salsa mexicana,Salsas,2,SPAR-Vegueta
TCK-70409,BASK-409,2025-06-05 14:29:26,Queso curado,Lácteos,2,SPAR-Vegueta
TCK-70409,BASK-409,2025-06-05 14:29:26,Galletas,Dulces,1,SPAR-Vegueta
TCK-70409,BASK-409,2025-06-05 14:29:26,ColaCao,Bebidas,2,SPAR-Vegueta
TCK-70409,BASK-409,2025-06-05 14:29:26,Cerveza,Bebidas,1,SPAR-Vegueta
TCK-70410,BASK-410,2025-02-14 20:12:26,Plátanos,Frutas,3,SPAR-Telde
TCK-70410,BASK-410,2025-02-14 20:12:26,Aceite de oliva,Aceites,1,SPAR-Telde
TCK-70410,BASK-410,2025-02-14 20:12:26,Lechuga,Verduras,1,SPAR-Telde
TCK-70410,BASK-410,2025-02-14 20:12:26,Yogur natural,Lácteos,3,SPAR-Telde
TCK-70410,BASK-410,2025-02-14 20:12:26,Pan de barra,Panadería,3,SPAR-Telde
TCK-70410,BASK-410,2025-02-14 20:12:26,Helado de vainilla,Congelados,2,SPAR-Telde
TCK-70410,BASK-410,2025-02-14 20:12:26,Pan de molde,Panadería,1,SPAR-Telde
TCK-70410,BASK-410,2025-02-14 20:12:26,Cerveza,Bebidas,3,SPAR-Telde
TCK-70411,BASK-411,2025-06-06 15:54:26,Cereal de desayuno,Cereales,3,HiperDino-SietePalmas
TCK-70411,BASK-411,2025-06-06 15:54:26,Manzanas,Frutas,1,HiperDino-SietePalmas
TCK-70411,BASK-411,2025-06-06 15:54:26,Plátanos,Frutas,1,HiperDino-SietePalmas
TCK-70411,BASK-411,2025-06-06 15:54:26,Mantequilla,Lácteos,3,HiperDino-SietePalmas
TCK-70411,BASK-411,2025-06-06 15:54:26,Pan de molde,Panadería,1,HiperDino-SietePalmas
TCK-70411,BASK-411,2025-06-06 15:54:26,Pizza congelada,Congelados,3,HiperDino-SietePalmas
TCK-70412,BASK-412,2025-02-23 18:51:26,Queso curado,Lácteos,2,Mercadona-Triana
TCK-70412,BASK-412,2025-02-23 18:51:26,Leche entera,Lácteos,1,Mercadona-Triana
TCK-70412,BASK-412,2025-02-23 18:51:26,Mantequilla,Lácteos,2,Mercadona-Triana
TCK-70413,BASK-413,2025-02-19 21:46:26,Patatas fritas bolsa,Snacks,1,HiperDino-SietePalmas
TCK-70413,BASK-413,2025-02-19 21:46:26,Salsa mexicana,Salsas,1,HiperDino-SietePalmas
TCK-70413,BASK-413,2025-02-19 21:46:26,Arroz,Cereales,1,HiperDino-SietePalmas
TCK-70413,BASK-413,2025-02-19 21:46:26,Huevos,Lácteos,1,HiperDino-SietePalmas
TCK-70413,BASK-413,2025-02-19 21:46:26,Refresco cola,Bebidas,2,HiperDino-SietePalmas
TCK-70413,BASK-413,2025-02-19 21:46:26,Pañales,Bebé,1,HiperDino-SietePalmas
TCK-70413,BASK-413,2025-02-19 21:46:26,Cerveza,Bebidas,1,HiperDino-SietePalmas
TCK-70414,BASK-414,2025-08-03 00:01:26,Leche entera,Lácteos,1,SPAR-Telde
TCK-70414,BASK-414,2025-08-03 00:01:26,Queso curado,Lácteos,3,SPAR-Telde
TCK-70414,BASK-414,2025-08-03 00:01:26,Aceite de oliva,Aceites,2,SPAR-Telde
TCK-70415,BASK-415,2025-03-20 23:10:26,Carne picada,Carnicería,3,HiperDino-SietePalmas
TCK-70415,BASK-415,2025-03-20 23:10:26,Guacamole refrigerado,Refrigerados,1,HiperDino-SietePalmas
TCK-70415,BASK-415,2025-03-20 23:10:26,ColaCao,Bebidas,2,HiperDino-SietePalmas
TCK-70415,BASK-415,2025-03-20 23:10:26,Cerveza,Bebidas,2,HiperDino-SietePalmas
TCK-70416,BASK-416,2025-05-09 18:44:26,ColaCao,Bebidas,1,SPAR-Telde
TCK-70416,BASK-416,2025-05-09 18:44:26,Arroz,Cereales,1,SPAR-Telde
TCK-70416,BASK-416,2025-05-09 18:44:26,Huevos,Lácteos,3,SPAR-Telde
TCK-70416,BASK-416,2025-05-09 18:44:26,Galletas,Dulces,3,SPAR-Telde
TCK-70416,BASK-416,2025-05-09 18:44:26,Pan de molde,Panadería,2,SPAR-Telde
TCK-70416,BASK-416,2025-05-09 18:44:26,Cerveza,Bebidas,2,SPAR-Telde
TCK-70416,BASK-416,2025-05-09 18:44:26,Pizza congelada,Congelados,3,SPAR-Telde
TCK-70417,BASK-417,2025-11-17 16:53:26,Manzanas,Frutas,2,SPAR-Vegueta
TCK-70417,BASK-417,2025-11-17 16:53:26,Helado de vainilla,Congelados,1,SPAR-Vegueta
TCK-70417,BASK-417,2025-11-17 16:53:26,Huevos,Lácteos,1,SPAR-Vegueta
TCK-70417,BASK-417,2025-11-17 16:53:26,Café molido,Bebidas,1,SPAR-Vegueta
TCK-70417,BASK-417,2025-11-17 16:53:26,Galletas,Dulces,2,SPAR-Vegueta
TCK-70417,BASK-417,2025-11-17 16:53:26,Pañales,Bebé,2,SPAR-Vegueta
TCK-70418,BASK-418,2025-03-08 21:55:26,Cereal de desayuno,Cereales,1,SPAR-Vegueta
TCK-70418,BASK-418,2025-03-08 21:55:26,Pan de hamburguesa,Panadería,3,SPAR-Vegueta
TCK-70418,BASK-418,2025-03-08 21:55:26,Café molido,Bebidas,1,SPAR-Vegueta
TCK-70418,BASK-418,2025-03-08 21:55:26,Galletas,Dulces,2,SPAR-Vegueta
TCK-70419,BASK-419,2024-12-03 18:27:26,Pasta,Cereales,3,HiperDino-SietePalmas
TCK-70419,BASK-419,2024-12-03 18:27:26,Carne picada,Carnicería,3,HiperDino-SietePalmas
TCK-70419,BASK-419,2024-12-03 18:27:26,Pan de hamburguesa,Panadería,1,HiperDino-SietePalmas
TCK-70419,BASK-419,2024-12-03 18:27:26,Yogur natural,Lácteos,1,HiperDino-SietePalmas
TCK-70419,BASK-419,2024-12-03 18:27:26,Mantequilla,Lácteos,1,HiperDino-SietePalmas
TCK-70419,BASK-419,2024-12-03 18:27:26,Guacamole refrigerado,Refrigerados,2,HiperDino-SietePalmas
TCK-70419,BASK-419,2024-12-03 18:27:26,Refresco cola,Bebidas,1,HiperDino-SietePalmas
TCK-70419,BASK-419,2024-12-03 18:27:26,Leche entera,Lácteos,1,HiperDino-SietePalmas
TCK-70419,BASK-419,2024-12-03 18:27:26,Pañales,Bebé,1,HiperDino-SietePalmas
TCK-70420,BASK-420,2025-01-14 21:30:26,Pechuga de pollo,Carnicería,3,HiperDino-SietePalmas
TCK-70420,BASK-420,2025-01-14 21:30:26,Refresco cola,Bebidas,2,HiperDino-SietePalmas
TCK-70420,BASK-420,2025-01-14 21:30:26,Cerveza,Bebidas,3,HiperDino-SietePalmas
TCK-70420,BASK-420,2025-01-14 21:30:26,Pizza congelada,Congelados,1,HiperDino-SietePalmas
TCK-70421,BASK-421,2025-04-24 17:52:26,Plátanos,Frutas,2,HiperDino-SietePalmas
TCK-70421,BASK-421,2025-04-24 17:52:26,Salsa mexicana,Salsas,3,HiperDino-SietePalmas
TCK-70421,BASK-421,2025-04-24 17:52:26,Arroz,Cereales,1,HiperDino-SietePalmas
TCK-70421,BASK-421,2025-04-24 17:52:26,Pan de barra,Panadería,3,HiperDino-SietePalmas
TCK-70421,BASK-421,2025-04-24 17:52:26,Helado de vainilla,Congelados,1,HiperDino-SietePalmas
TCK-70421,BASK-421,2025-04-24 17:52:26,Pañales,Bebé,3,HiperDino-SietePalmas
TCK-70421,BASK-421,2025-04-24 17:52:26,Cerveza,Bebidas,2,HiperDino-SietePalmas
TCK-70422,BASK-422,2025-02-14 23:26:26,Pasta,Cereales,3,SPAR-Vegueta
TCK-70422,BASK-422,2025-02-14 23:26:26,Cereal de desayuno,Cereales,3,SPAR-Vegueta
TCK-70422,BASK-422,2025-02-14 23:26:26,Mermelada de fresa,Conservas,3,SPAR-Vegueta
TCK-70422,BASK-422,2025-02-14 23:26:26,Lechuga,Verduras,1,SPAR-Vegueta
TCK-70422,BASK-422,2025-02-14 23:26:26,Yogur natural,Lácteos,1,SPAR-Vegueta
TCK-70422,BASK-422,2025-02-14 23:26:26,Mantequilla,Lácteos,1,SPAR-Vegueta
TCK-70422,BASK-422,2025-02-14 23:26:26,ColaCao,Bebidas,3,SPAR-Vegueta
TCK-70423,BASK-423,2024-11-25 13:34:26,Manzanas,Frutas,1,Mercadona-Triana
TCK-70423,BASK-423,2024-11-25 13:34:26,Pan de hamburguesa,Panadería,2,Mercadona-Triana
TCK-70423,BASK-423,2024-11-25 13:34:26,Plátanos,Frutas,3,Mercadona-Triana
TCK-70423,BASK-423,2024-11-25 13:34:26,Mermelada de fresa,Conservas,1,Mercadona-Triana
TCK-70423,BASK-423,2024-11-25 13:34:26,Aceite de oliva,Aceites,3,Mercadona-Triana
TCK-70423,BASK-423,2024-11-25 13:34:26,Salsa mexicana,Salsas,1,Mercadona-Triana
TCK-70423,BASK-423,2024-11-25 13:34:26,Arroz,Cereales,1,Mercadona-Triana
TCK-70423,BASK-423,2024-11-25 13:34:26,Guacamole refrigerado,Refrigerados,3,Mercadona-Triana
TCK-70423,BASK-423,2024-11-25 13:34:26,Pañales,Bebé,3,Mercadona-Triana
TCK-70424,BASK-424,2025-03-31 12:14:26,Pechuga de pollo,Carnicería,1,HiperDino-SietePalmas
TCK-70424,BASK-424,2025-03-31 12:14:26,Patatas fritas bolsa,Snacks,3,HiperDino-SietePalmas
TCK-70424,BASK-424,2025-03-31 12:14:26,Mermelada de fresa,Conservas,1,HiperDino-SietePalmas
TCK-70424,BASK-424,2025-03-31 12:14:26,Aceite de oliva,Aceites,2,HiperDino-SietePalmas
TCK-70424,BASK-424,2025-03-31 12:14:26,Vino tinto,Bebidas,1,HiperDino-SietePalmas
TCK-70424,BASK-424,2025-03-31 12:14:26,Pan de molde,Panadería,2,HiperDino-SietePalmas
TCK-70424,BASK-424,2025-03-31 12:14:26,Cerveza,Bebidas,3,HiperDino-SietePalmas
TCK-70424,BASK-424,2025-03-31 12:14:26,Pizza congelada,Congelados,1,HiperDino-SietePalmas
TCK-70425,BASK-425,2025-10-21 22:08:26,Pechuga de pollo,Carnicería,1,SPAR-Telde
TCK-70425,BASK-425,2025-10-21 22:08:26,Aceite de oliva,Aceites,2,SPAR-Telde
TCK-70425,BASK-425,2025-10-21 22:08:26,Lechuga,Verduras,1,SPAR-Telde
TCK-70425,BASK-425,2025-10-21 22:08:26,Yogur natural,Lácteos,1,SPAR-Telde
TCK-70425,BASK-425,2025-10-21 22:08:26,Mantequilla,Lácteos,2,SPAR-Telde
TCK-70425,BASK-425,2025-10-21 22:08:26,Café molido,Bebidas,3,SPAR-Telde
TCK-70425,BASK-425,2025-10-21 22:08:26,Refresco cola,Bebidas,2,SPAR-Telde
TCK-70425,BASK-425,2025-10-21 22:08:26,Vino tinto,Bebidas,3,SPAR-Telde
TCK-70425,BASK-425,2025-10-21 22:08:26,Galletas,Dulces,2,SPAR-Telde
TCK-70425,BASK-425,2025-10-21 22:08:26,Cerveza,Bebidas,3,SPAR-Telde
TCK-70426,BASK-426,2025-06-27 22:11:26,Cereal de desayuno,Cereales,1,SPAR-Telde
TCK-70426,BASK-426,2025-06-27 22:11:26,Pasta,Cereales,3,SPAR-Telde
TCK-70426,BASK-426,2025-06-27 22:11:26,Pan de hamburguesa,Panadería,3,SPAR-Telde
TCK-70426,BASK-426,2025-06-27 22:11:26,Manzanas,Frutas,2,SPAR-Telde
TCK-70426,BASK-426,2025-06-27 22:11:26,Refresco cola,Bebidas,1,SPAR-Telde
TCK-70426,BASK-426,2025-06-27 22:11:26,Pizza congelada,Congelados,1,SPAR-Telde
TCK-70427,BASK-427,2025-07-27 21:42:26,Cereal de desayuno,Cereales,2,SPAR-Telde
TCK-70427,BASK-427,2025-07-27 21:42:26,Carne picada,Carnicería,3,SPAR-Telde
TCK-70427,BASK-427,2025-07-27 21:42:26,Mermelada de fresa,Conservas,1,SPAR-Telde
TCK-70427,BASK-427,2025-07-27 21:42:26,Yogur natural,Lácteos,3,SPAR-Telde
TCK-70427,BASK-427,2025-07-27 21:42:26,Mantequilla,Lácteos,2,SPAR-Telde
TCK-70427,BASK-427,2025-07-27 21:42:26,Nachos de maíz,Snacks,2,SPAR-Telde
TCK-70427,BASK-427,2025-07-27 21:42:26,Guacamole refrigerado,Refrigerados,3,SPAR-Telde
TCK-70427,BASK-427,2025-07-27 21:42:26,Refresco cola,Bebidas,2,SPAR-Telde
TCK-70428,BASK-428,2025-09-15 17:46:26,Salsa de tomate,Conservas,2,SPAR-Telde
TCK-70428,BASK-428,2025-09-15 17:46:26,Plátanos,Frutas,3,SPAR-Telde
TCK-70428,BASK-428,2025-09-15 17:46:26,Lechuga,Verduras,2,SPAR-Telde
TCK-70428,BASK-428,2025-09-15 17:46:26,Salsa mexicana,Salsas,3,SPAR-Telde
TCK-70428,BASK-428,2025-09-15 17:46:26,Yogur natural,Lácteos,2,SPAR-Telde
TCK-70428,BASK-428,2025-09-15 17:46:26,Pan de barra,Panadería,2,SPAR-Telde
TCK-70428,BASK-428,2025-09-15 17:46:26,Mantequilla,Lácteos,3,SPAR-Telde
TCK-70428,BASK-428,2025-09-15 17:46:26,Pan de molde,Panadería,3,SPAR-Telde
TCK-70429,BASK-429,2025-09-25 11:49:26,Pasta,Cereales,2,HiperDino-SietePalmas
TCK-70429,BASK-429,2025-09-25 11:49:26,Pechuga de pollo,Carnicería,2,HiperDino-SietePalmas
TCK-70429,BASK-429,2025-09-25 11:49:26,Salsa de tomate,Conservas,1,HiperDino-SietePalmas
TCK-70429,BASK-429,2025-09-25 11:49:26,Aceite de oliva,Aceites,2,HiperDino-SietePalmas
TCK-70429,BASK-429,2025-09-25 11:49:26,Queso curado,Lácteos,2,HiperDino-SietePalmas
TCK-70429,BASK-429,2025-09-25 11:49:26,Nachos de maíz,Snacks,2,HiperDino-SietePalmas
TCK-70429,BASK-429,2025-09-25 11:49:26,Vino tinto,Bebidas,3,HiperDino-SietePalmas
TCK-70429,BASK-429,2025-09-25 11:49:26,Galletas,Dulces,2,HiperDino-SietePalmas
TCK-70429,BASK-429,2025-09-25 11:49:26,Cerveza,Bebidas,1,HiperDino-SietePalmas
TCK-70430,BASK-430,2025-06-30 00:12:26,Carne picada,Carnicería,2,SPAR-Vegueta
TCK-70430,BASK-430,2025-06-30 00:12:26,Vino tinto,Bebidas,3,SPAR-Vegueta
TCK-70430,BASK-430,2025-06-30 00:12:26,Cerveza,Bebidas,1,SPAR-Vegueta
TCK-70431,BASK-431,2024-12-21 12:58:26,Aceite de oliva,Aceites,3,Mercadona-Triana
TCK-70431,BASK-431,2024-12-21 12:58:26,Mantequilla,Lácteos,1,Mercadona-Triana
TCK-70431,BASK-431,2024-12-21 12:58:26,Nachos de maíz,Snacks,2,Mercadona-Triana
TCK-70431,BASK-431,2024-12-21 12:58:26,Refresco cola,Bebidas,3,Mercadona-Triana
TCK-70431,BASK-431,2024-12-21 12:58:26,Vino tinto,Bebidas,3,Mercadona-Triana
TCK-70432,BASK-432,2025-01-08 16:33:26,Salsa de tomate,Conservas,2,HiperDino-SietePalmas
TCK-70432,BASK-432,2025-01-08 16:33:26,Mermelada de fresa,Conservas,3,HiperDino-SietePalmas
TCK-70432,BASK-432,2025-01-08 16:33:26,Salsa mexicana,Salsas,1,HiperDino-SietePalmas
TCK-70432,BASK-432,2025-01-08 16:33:26,Arroz,Cereales,3,HiperDino-SietePalmas
TCK-70432,BASK-432,2025-01-08 16:33:26,Yogur natural,Lácteos,1,HiperDino-SietePalmas
TCK-70432,BASK-432,2025-01-08 16:33:26,Vino tinto,Bebidas,3,HiperDino-SietePalmas
TCK-70432,BASK-432,2025-01-08 16:33:26,Galletas,Dulces,2,HiperDino-SietePalmas
TCK-70433,BASK-433,2025-02-11 14:48:26,Mantequilla,Lácteos,2,SPAR-Vegueta
TCK-70433,BASK-433,2025-02-11 14:48:26,Guacamole refrigerado,Refrigerados,1,SPAR-Vegueta
TCK-70433,BASK-433,2025-02-11 14:48:26,Café molido,Bebidas,1,SPAR-Vegueta
TCK-70433,BASK-433,2025-02-11 14:48:26,Galletas,Dulces,3,SPAR-Vegueta
TCK-70434,BASK-434,2025-04-28 17:47:26,Pan de hamburguesa,Panadería,2,HiperDino-SietePalmas
TCK-70434,BASK-434,2025-04-28 17:47:26,Mermelada de fresa,Conservas,2,HiperDino-SietePalmas
TCK-70434,BASK-434,2025-04-28 17:47:26,Salsa mexicana,Salsas,1,HiperDino-SietePalmas
TCK-70434,BASK-434,2025-04-28 17:47:26,Pan de barra,Panadería,1,HiperDino-SietePalmas
TCK-70434,BASK-434,2025-04-28 17:47:26,Nachos de maíz,Snacks,1,HiperDino-SietePalmas
TCK-70434,BASK-434,2025-04-28 17:47:26,Galletas,Dulces,1,HiperDino-SietePalmas
TCK-70435,BASK-435,2025-07-30 22:02:26,Cereal de desayuno,Cereales,2,SPAR-Vegueta
TCK-70435,BASK-435,2025-07-30 22:02:26,Pan de hamburguesa,Panadería,3,SPAR-Vegueta
TCK-70435,BASK-435,2025-07-30 22:02:26,Mermelada de fresa,Conservas,2,SPAR-Vegueta
TCK-70435,BASK-435,2025-07-30 22:02:26,Helado de vainilla,Congelados,3,SPAR-Vegueta
TCK-70435,BASK-435,2025-07-30 22:02:26,Guacamole refrigerado,Refrigerados,2,SPAR-Vegueta
TCK-70435,BASK-435,2025-07-30 22:02:26,Pañales,Bebé,2,SPAR-Vegueta
TCK-70436,BASK-436,2025-02-02 16:50:26,Salsa de tomate,Conservas,1,HiperDino-SietePalmas
TCK-70436,BASK-436,2025-02-02 16:50:26,Mermelada de fresa,Conservas,3,HiperDino-SietePalmas
TCK-70436,BASK-436,2025-02-02 16:50:26,ColaCao,Bebidas,1,HiperDino-SietePalmas
TCK-70436,BASK-436,2025-02-02 16:50:26,Queso curado,Lácteos,1,HiperDino-SietePalmas
TCK-70437,BASK-437,2025-03-31 23:51:26,Cereal de desayuno,Cereales,3,SPAR-Vegueta
TCK-70437,BASK-437,2025-03-31 23:51:26,Pechuga de pollo,Carnicería,2,SPAR-Vegueta
TCK-70437,BASK-437,2025-03-31 23:51:26,Plátanos,Frutas,2,SPAR-Vegueta
TCK-70437,BASK-437,2025-03-31 23:51:26,Salsa de tomate,Conservas,3,SPAR-Vegueta
TCK-70437,BASK-437,2025-03-31 23:51:26,Nachos de maíz,Snacks,3,SPAR-Vegueta
TCK-70437,BASK-437,2025-03-31 23:51:26,Huevos,Lácteos,1,SPAR-Vegueta
TCK-70437,BASK-437,2025-03-31 23:51:26,Leche entera,Lácteos,1,SPAR-Vegueta
TCK-70437,BASK-437,2025-03-31 23:51:26,Galletas,Dulces,1,SPAR-Vegueta
TCK-70437,BASK-437,2025-03-31 23:51:26,Pan de molde,Panadería,3,SPAR-Vegueta
TCK-70437,BASK-437,2025-03-31 23:51:26,ColaCao,Bebidas,1,SPAR-Vegueta
TCK-70438,BASK-438,2025-10-04 22:40:26,Manzanas,Frutas,3,SPAR-Telde
TCK-70438,BASK-438,2025-10-04 22:40:26,Pan de hamburguesa,Panadería,1,SPAR-Telde
TCK-70438,BASK-438,2025-10-04 22:40:26,Pechuga de pollo,Carnicería,3,SPAR-Telde
TCK-70438,BASK-438,2025-10-04 22:40:26,Mantequilla,Lácteos,2,SPAR-Telde
TCK-70438,BASK-438,2025-10-04 22:40:26,Vino tinto,Bebidas,3,SPAR-Telde
TCK-70438,BASK-438,2025-10-04 22:40:26,Galletas,Dulces,1,SPAR-Telde
TCK-70439,BASK-439,2025-04-28 11:46:26,Carne picada,Carnicería,1,HiperDino-SietePalmas
TCK-70439,BASK-439,2025-04-28 11:46:26,Plátanos,Frutas,1,HiperDino-SietePalmas
TCK-70439,BASK-439,2025-04-28 11:46:26,Salsa mexicana,Salsas,1,HiperDino-SietePalmas
TCK-70439,BASK-439,2025-04-28 11:46:26,Mantequilla,Lácteos,1,HiperDino-SietePalmas
TCK-70439,BASK-439,2025-04-28 11:46:26,Café molido,Bebidas,1,HiperDino-SietePalmas
TCK-70439,BASK-439,2025-04-28 11:46:26,Refresco cola,Bebidas,1,HiperDino-SietePalmas
TCK-70439,BASK-439,2025-04-28 11:46:26,Galletas,Dulces,3,HiperDino-SietePalmas
TCK-70439,BASK-439,2025-04-28 11:46:26,Pan de molde,Panadería,2,HiperDino-SietePalmas
TCK-70439,BASK-439,2025-04-28 11:46:26,Pañales,Bebé,2,HiperDino-SietePalmas
TCK-70440,BASK-440,2025-04-13 20:57:26,Carne picada,Carnicería,1,SPAR-Vegueta
TCK-70440,BASK-440,2025-04-13 20:57:26,Pan de hamburguesa,Panadería,3,SPAR-Vegueta
TCK-70440,BASK-440,2025-04-13 20:57:26,Tomates,Verduras,2,SPAR-Vegueta
TCK-70440,BASK-440,2025-04-13 20:57:26,Lechuga,Verduras,2,SPAR-Vegueta
TCK-70440,BASK-440,2025-04-13 20:57:26,Vino tinto,Bebidas,2,SPAR-Vegueta
TCK-70441,BASK-441,2025-06-28 19:45:26,Pasta,Cereales,3,HiperDino-SietePalmas
TCK-70441,BASK-441,2025-06-28 19:45:26,Mermelada de fresa,Conservas,1,HiperDino-SietePalmas
TCK-70441,BASK-441,2025-06-28 19:45:26,Aceite de oliva,Aceites,1,HiperDino-SietePalmas
TCK-70441,BASK-441,2025-06-28 19:45:26,Salsa mexicana,Salsas,2,HiperDino-SietePalmas
TCK-70441,BASK-441,2025-06-28 19:45:26,Yogur natural,Lácteos,2,HiperDino-SietePalmas
TCK-70441,BASK-441,2025-06-28 19:45:26,Queso curado,Lácteos,2,HiperDino-SietePalmas
TCK-70441,BASK-441,2025-06-28 19:45:26,Mantequilla,Lácteos,3,HiperDino-SietePalmas
TCK-70441,BASK-441,2025-06-28 19:45:26,Nachos de maíz,Snacks,1,HiperDino-SietePalmas
TCK-70441,BASK-441,2025-06-28 19:45:26,Galletas,Dulces,3,HiperDino-SietePalmas
TCK-70442,BASK-442,2025-07-26 21:32:26,Aceite de oliva,Aceites,2,SPAR-Telde
TCK-70442,BASK-442,2025-07-26 21:32:26,Salsa mexicana,Salsas,2,SPAR-Telde
TCK-70442,BASK-442,2025-07-26 21:32:26,Huevos,Lácteos,1,SPAR-Telde
TCK-70442,BASK-442,2025-07-26 21:32:26,Vino tinto,Bebidas,3,SPAR-Telde
TCK-70442,BASK-442,2025-07-26 21:32:26,Pañales,Bebé,3,SPAR-Telde
TCK-70442,BASK-442,2025-07-26 21:32:26,Cerveza,Bebidas,3,SPAR-Telde
TCK-70443,BASK-443,2025-04-19 23:10:26,Carne picada,Carnicería,2,SPAR-Telde
TCK-70443,BASK-443,2025-04-19 23:10:26,Plátanos,Frutas,1,SPAR-Telde
TCK-70443,BASK-443,2025-04-19 23:10:26,Queso curado,Lácteos,2,SPAR-Telde
TCK-70443,BASK-443,2025-04-19 23:10:26,Mantequilla,Lácteos,3,SPAR-Telde
TCK-70443,BASK-443,2025-04-19 23:10:26,Helado de vainilla,Congelados,1,SPAR-Telde
TCK-70443,BASK-443,2025-04-19 23:10:26,Huevos,Lácteos,1,SPAR-Telde
TCK-70444,BASK-444,2025-04-28 12:11:26,Pan de hamburguesa,Panadería,3,SPAR-Vegueta
TCK-70444,BASK-444,2025-04-28 12:11:26,Salsa de tomate,Conservas,1,SPAR-Vegueta
TCK-70444,BASK-444,2025-04-28 12:11:26,Aceite de oliva,Aceites,1,SPAR-Vegueta
TCK-70444,BASK-444,2025-04-28 12:11:26,Vino tinto,Bebidas,1,SPAR-Vegueta
TCK-70444,BASK-444,2025-04-28 12:11:26,Pan de molde,Panadería,2,SPAR-Vegueta
TCK-70444,BASK-444,2025-04-28 12:11:26,Pizza congelada,Congelados,2,SPAR-Vegueta
TCK-70445,BASK-445,2025-09-06 17:36:26,Cereal de desayuno,Cereales,2,SPAR-Telde
TCK-70445,BASK-445,2025-09-06 17:36:26,Salsa de tomate,Conservas,2,SPAR-Telde
TCK-70445,BASK-445,2025-09-06 17:36:26,Mermelada de fresa,Conservas,2,SPAR-Telde
TCK-70445,BASK-445,2025-09-06 17:36:26,Lechuga,Verduras,2,SPAR-Telde
TCK-70445,BASK-445,2025-09-06 17:36:26,Pan de barra,Panadería,3,SPAR-Telde
TCK-70445,BASK-445,2025-09-06 17:36:26,Guacamole refrigerado,Refrigerados,3,SPAR-Telde
TCK-70445,BASK-445,2025-09-06 17:36:26,Pañales,Bebé,1,SPAR-Telde
TCK-70446,BASK-446,2025-02-18 15:22:26,Carne picada,Carnicería,3,SPAR-Telde
TCK-70446,BASK-446,2025-02-18 15:22:26,Pan de hamburguesa,Panadería,2,SPAR-Telde
TCK-70446,BASK-446,2025-02-18 15:22:26,Tomates,Verduras,1,SPAR-Telde
TCK-70446,BASK-446,2025-02-18 15:22:26,Arroz,Cereales,2,SPAR-Telde
TCK-70446,BASK-446,2025-02-18 15:22:26,Queso curado,Lácteos,3,SPAR-Telde
TCK-70446,BASK-446,2025-02-18 15:22:26,Vino tinto,Bebidas,3,SPAR-Telde
TCK-70446,BASK-446,2025-02-18 15:22:26,Leche entera,Lácteos,3,SPAR-Telde
TCK-70446,BASK-446,2025-02-18 15:22:26,Pañales,Bebé,1,SPAR-Telde
TCK-70446,BASK-446,2025-02-18 15:22:26,Pizza congelada,Congelados,1,SPAR-Telde
TCK-70447,BASK-447,2025-04-08 16:46:26,Pasta,Cereales,2,SPAR-Telde
TCK-70447,BASK-447,2025-04-08 16:46:26,Manzanas,Frutas,1,SPAR-Telde
TCK-70447,BASK-447,2025-04-08 16:46:26,Pan de hamburguesa,Panadería,3,SPAR-Telde
TCK-70447,BASK-447,2025-04-08 16:46:26,Salsa de tomate,Conservas,3,SPAR-Telde
TCK-70447,BASK-447,2025-04-08 16:46:26,Patatas fritas bolsa,Snacks,3,SPAR-Telde
TCK-70447,BASK-447,2025-04-08 16:46:26,Arroz,Cereales,3,SPAR-Telde
TCK-70447,BASK-447,2025-04-08 16:46:26,Vino tinto,Bebidas,3,SPAR-Telde
TCK-70447,BASK-447,2025-04-08 16:46:26,Pan de molde,Panadería,1,SPAR-Telde
TCK-70447,BASK-447,2025-04-08 16:46:26,Pañales,Bebé,3,SPAR-Telde
TCK-70447,BASK-447,2025-04-08 16:46:26,Cerveza,Bebidas,2,SPAR-Telde
TCK-70448,BASK-448,2025-03-19 20:56:26,Lechuga,Verduras,2,Mercadona-Triana
TCK-70448,BASK-448,2025-03-19 20:56:26,Pan de hamburguesa,Panadería,1,Mercadona-Triana
TCK-70448,BASK-448,2025-03-19 20:56:26,Plátanos,Frutas,1,Mercadona-Triana
TCK-70448,BASK-448,2025-03-19 20:56:26,Refresco cola,Bebidas,2,Mercadona-Triana
TCK-70449,BASK-449,2025-05-20 13:19:26,Plátanos,Frutas,1,Mercadona-Triana
TCK-70449,BASK-449,2025-05-20 13:19:26,Aceite de oliva,Aceites,2,Mercadona-Triana
TCK-70449,BASK-449,2025-05-20 13:19:26,Arroz,Cereales,1,Mercadona-Triana
TCK-70449,BASK-449,2025-05-20 13:19:26,ColaCao,Bebidas,1,Mercadona-Triana
TCK-70449,BASK-449,2025-05-20 13:19:26,Cerveza,Bebidas,2,Mercadona-Triana
TCK-70450,BASK-450,2025-02-02 16:49:26,Carne picada,Carnicería,3,SPAR-Vegueta
TCK-70450,BASK-450,2025-02-02 16:49:26,Plátanos,Frutas,3,SPAR-Vegueta
TCK-70450,BASK-450,2025-02-02 16:49:26,Pan de barra,Panadería,2,SPAR-Vegueta
TCK-70451,BASK-451,2025-02-16 12:05:26,Huevos,Lácteos,1,HiperDino-SietePalmas
TCK-70451,BASK-451,2025-02-16 12:05:26,Plátanos,Frutas,1,HiperDino-SietePalmas
TCK-70451,BASK-451,2025-02-16 12:05:26,Pañales,Bebé,3,HiperDino-SietePalmas
TCK-70451,BASK-451,2025-02-16 12:05:26,Cerveza,Bebidas,2,HiperDino-SietePalmas
TCK-70452,BASK-452,2025-11-01 13:46:26,Aceite de oliva,Aceites,3,SPAR-Vegueta
TCK-70452,BASK-452,2025-11-01 13:46:26,Queso curado,Lácteos,2,SPAR-Vegueta
TCK-70452,BASK-452,2025-11-01 13:46:26,Helado de vainilla,Congelados,3,SPAR-Vegueta
TCK-70452,BASK-452,2025-11-01 13:46:26,Refresco cola,Bebidas,2,SPAR-Vegueta
TCK-70452,BASK-452,2025-11-01 13:46:26,Galletas,Dulces,3,SPAR-Vegueta
TCK-70452,BASK-452,2025-11-01 13:46:26,Pizza congelada,Congelados,2,SPAR-Vegueta
TCK-70453,BASK-453,2025-08-08 21:04:26,Cereal de desayuno,Cereales,1,HiperDino-SietePalmas
TCK-70453,BASK-453,2025-08-08 21:04:26,Manzanas,Frutas,2,HiperDino-SietePalmas
TCK-70453,BASK-453,2025-08-08 21:04:26,Patatas fritas bolsa,Snacks,1,HiperDino-SietePalmas
TCK-70453,BASK-453,2025-08-08 21:04:26,Mermelada de fresa,Conservas,2,HiperDino-SietePalmas
TCK-70453,BASK-453,2025-08-08 21:04:26,Salsa mexicana,Salsas,2,HiperDino-SietePalmas
TCK-70453,BASK-453,2025-08-08 21:04:26,Nachos de maíz,Snacks,1,HiperDino-SietePalmas
TCK-70453,BASK-453,2025-08-08 21:04:26,Guacamole refrigerado,Refrigerados,2,HiperDino-SietePalmas
TCK-70454,BASK-454,2025-01-05 00:18:26,Guacamole refrigerado,Refrigerados,1,SPAR-Vegueta
TCK-70454,BASK-454,2025-01-05 00:18:26,Yogur natural,Lácteos,3,SPAR-Vegueta
TCK-70454,BASK-454,2025-01-05 00:18:26,ColaCao,Bebidas,2,SPAR-Vegueta
TCK-70454,BASK-454,2025-01-05 00:18:26,Pizza congelada,Congelados,2,SPAR-Vegueta
TCK-70455,BASK-455,2024-12-06 23:54:26,Pasta,Cereales,3,SPAR-Vegueta
TCK-70455,BASK-455,2024-12-06 23:54:26,Manzanas,Frutas,1,SPAR-Vegueta
TCK-70455,BASK-455,2024-12-06 23:54:26,Cereal de desayuno,Cereales,3,SPAR-Vegueta
TCK-70455,BASK-455,2024-12-06 23:54:26,Plátanos,Frutas,2,SPAR-Vegueta
TCK-70455,BASK-455,2024-12-06 23:54:26,Pan de barra,Panadería,2,SPAR-Vegueta
TCK-70455,BASK-455,2024-12-06 23:54:26,Nachos de maíz,Snacks,2,SPAR-Vegueta
TCK-70455,BASK-455,2024-12-06 23:54:26,Pan de molde,Panadería,1,SPAR-Vegueta
TCK-70456,BASK-456,2025-06-05 21:43:26,Lechuga,Verduras,2,SPAR-Telde
TCK-70456,BASK-456,2025-06-05 21:43:26,Huevos,Lácteos,1,SPAR-Telde
TCK-70456,BASK-456,2025-06-05 21:43:26,Salsa mexicana,Salsas,3,SPAR-Telde
TCK-70457,BASK-457,2025-07-31 21:49:26,Guacamole refrigerado,Refrigerados,2,SPAR-Telde
TCK-70457,BASK-457,2025-07-31 21:49:26,Carne picada,Carnicería,2,SPAR-Telde
TCK-70457,BASK-457,2025-07-31 21:49:26,Pan de hamburguesa,Panadería,2,SPAR-Telde
TCK-70458,BASK-458,2025-06-02 17:39:26,Plátanos,Frutas,1,SPAR-Vegueta
TCK-70458,BASK-458,2025-06-02 17:39:26,Mermelada de fresa,Conservas,1,SPAR-Vegueta
TCK-70458,BASK-458,2025-06-02 17:39:26,Arroz,Cereales,2,SPAR-Vegueta
TCK-70458,BASK-458,2025-06-02 17:39:26,Mantequilla,Lácteos,1,SPAR-Vegueta
TCK-70458,BASK-458,2025-06-02 17:39:26,Helado de vainilla,Congelados,2,SPAR-Vegueta
TCK-70458,BASK-458,2025-06-02 17:39:26,Huevos,Lácteos,2,SPAR-Vegueta
TCK-70458,BASK-458,2025-06-02 17:39:26,Café molido,Bebidas,1,SPAR-Vegueta
TCK-70458,BASK-458,2025-06-02 17:39:26,Leche entera,Lácteos,3,SPAR-Vegueta
TCK-70458,BASK-458,2025-06-02 17:39:26,Pan de molde,Panadería,1,SPAR-Vegueta
TCK-70458,BASK-458,2025-06-02 17:39:26,Pizza congelada,Congelados,2,SPAR-Vegueta
TCK-70459,BASK-459,2025-09-16 14:55:26,Pechuga de pollo,Carnicería,3,Mercadona-Triana
TCK-70459,BASK-459,2025-09-16 14:55:26,ColaCao,Bebidas,3,Mercadona-Triana
TCK-70459,BASK-459,2025-09-16 14:55:26,Aceite de oliva,Aceites,2,Mercadona-Triana
TCK-70460,BASK-460,2025-07-28 19:50:26,Pasta,Cereales,3,SPAR-Telde
TCK-70460,BASK-460,2025-07-28 19:50:26,Salsa de tomate,Conservas,2,SPAR-Telde
TCK-70460,BASK-460,2025-07-28 19:50:26,Tomates,Verduras,3,SPAR-Telde
TCK-70460,BASK-460,2025-07-28 19:50:26,Café molido,Bebidas,3,SPAR-Telde
TCK-70460,BASK-460,2025-07-28 19:50:26,Galletas,Dulces,2,SPAR-Telde
TCK-70461,BASK-461,2025-02-22 16:12:26,Pechuga de pollo,Carnicería,2,Mercadona-Triana
TCK-70461,BASK-461,2025-02-22 16:12:26,Carne picada,Carnicería,3,Mercadona-Triana
TCK-70461,BASK-461,2025-02-22 16:12:26,Mantequilla,Lácteos,2,Mercadona-Triana
TCK-70461,BASK-461,2025-02-22 16:12:26,Huevos,Lácteos,1,Mercadona-Triana
TCK-70461,BASK-461,2025-02-22 16:12:26,Pañales,Bebé,2,Mercadona-Triana
TCK-70461,BASK-461,2025-02-22 16:12:26,Cerveza,Bebidas,3,Mercadona-Triana
TCK-70462,BASK-462,2025-05-26 22:56:26,Salsa mexicana,Salsas,2,HiperDino-SietePalmas
TCK-70462,BASK-462,2025-05-26 22:56:26,Nachos de maíz,Snacks,3,HiperDino-SietePalmas
TCK-70462,BASK-462,2025-05-26 22:56:26,Guacamole refrigerado,Refrigerados,1,HiperDino-SietePalmas
TCK-70462,BASK-462,2025-05-26 22:56:26,Queso curado,Lácteos,3,HiperDino-SietePalmas
TCK-70463,BASK-463,2025-03-16 23:22:26,Manzanas,Frutas,3,HiperDino-SietePalmas
TCK-70463,BASK-463,2025-03-16 23:22:26,Patatas fritas bolsa,Snacks,3,HiperDino-SietePalmas
TCK-70463,BASK-463,2025-03-16 23:22:26,Plátanos,Frutas,2,HiperDino-SietePalmas
TCK-70463,BASK-463,2025-03-16 23:22:26,Mermelada de fresa,Conservas,1,HiperDino-SietePalmas
TCK-70463,BASK-463,2025-03-16 23:22:26,Tomates,Verduras,2,HiperDino-SietePalmas
TCK-70463,BASK-463,2025-03-16 23:22:26,Lechuga,Verduras,3,HiperDino-SietePalmas
TCK-70463,BASK-463,2025-03-16 23:22:26,Helado de vainilla,Congelados,3,HiperDino-SietePalmas
TCK-70463,BASK-463,2025-03-16 23:22:26,Pan de molde,Panadería,1,HiperDino-SietePalmas
TCK-70463,BASK-463,2025-03-16 23:22:26,ColaCao,Bebidas,3,HiperDino-SietePalmas
TCK-70463,BASK-463,2025-03-16 23:22:26,Pañales,Bebé,2,HiperDino-SietePalmas
TCK-70464,BASK-464,2025-11-19 12:39:26,Salsa de tomate,Conservas,2,SPAR-Vegueta
TCK-70464,BASK-464,2025-11-19 12:39:26,Patatas fritas bolsa,Snacks,1,SPAR-Vegueta
TCK-70464,BASK-464,2025-11-19 12:39:26,Aceite de oliva,Aceites,2,SPAR-Vegueta
TCK-70464,BASK-464,2025-11-19 12:39:26,Mantequilla,Lácteos,1,SPAR-Vegueta
TCK-70464,BASK-464,2025-11-19 12:39:26,Nachos de maíz,Snacks,1,SPAR-Vegueta
TCK-70464,BASK-464,2025-11-19 12:39:26,Refresco cola,Bebidas,3,SPAR-Vegueta
TCK-70464,BASK-464,2025-11-19 12:39:26,Leche entera,Lácteos,2,SPAR-Vegueta
TCK-70465,BASK-465,2025-10-01 23:51:26,Nachos de maíz,Snacks,3,SPAR-Vegueta
TCK-70465,BASK-465,2025-10-01 23:51:26,Pañales,Bebé,2,SPAR-Vegueta
TCK-70465,BASK-465,2025-10-01 23:51:26,Cerveza,Bebidas,1,SPAR-Vegueta
TCK-70466,BASK-466,2025-06-17 19:42:26,Nachos de maíz,Snacks,3,Mercadona-Triana
TCK-70466,BASK-466,2025-06-17 19:42:26,Huevos,Lácteos,3,Mercadona-Triana
TCK-70466,BASK-466,2025-06-17 19:42:26,Guacamole refrigerado,Refrigerados,1,Mercadona-Triana
TCK-70466,BASK-466,2025-06-17 19:42:26,Queso curado,Lácteos,1,Mercadona-Triana
TCK-70467,BASK-467,2025-04-21 14:03:26,Tomates,Verduras,1,SPAR-Vegueta
TCK-70467,BASK-467,2025-04-21 14:03:26,Arroz,Cereales,2,SPAR-Vegueta
TCK-70467,BASK-467,2025-04-21 14:03:26,Queso curado,Lácteos,1,SPAR-Vegueta
TCK-70467,BASK-467,2025-04-21 14:03:26,Helado de vainilla,Congelados,3,SPAR-Vegueta
TCK-70467,BASK-467,2025-04-21 14:03:26,Vino tinto,Bebidas,2,SPAR-Vegueta
TCK-70467,BASK-467,2025-04-21 14:03:26,Leche entera,Lácteos,3,SPAR-Vegueta
TCK-70467,BASK-467,2025-04-21 14:03:26,ColaCao,Bebidas,3,SPAR-Vegueta
TCK-70467,BASK-467,2025-04-21 14:03:26,Pizza congelada,Congelados,1,SPAR-Vegueta
TCK-70468,BASK-468,2024-12-08 00:09:26,Salsa de tomate,Conservas,3,SPAR-Vegueta
TCK-70468,BASK-468,2024-12-08 00:09:26,Patatas fritas bolsa,Snacks,2,SPAR-Vegueta
TCK-70468,BASK-468,2024-12-08 00:09:26,Mermelada de fresa,Conservas,3,SPAR-Vegueta
TCK-70468,BASK-468,2024-12-08 00:09:26,Tomates,Verduras,2,SPAR-Vegueta
TCK-70468,BASK-468,2024-12-08 00:09:26,Lechuga,Verduras,1,SPAR-Vegueta
TCK-70468,BASK-468,2024-12-08 00:09:26,Salsa mexicana,Salsas,3,SPAR-Vegueta
TCK-70468,BASK-468,2024-12-08 00:09:26,Café molido,Bebidas,3,SPAR-Vegueta
TCK-70468,BASK-468,2024-12-08 00:09:26,Leche entera,Lácteos,2,SPAR-Vegueta
TCK-70468,BASK-468,2024-12-08 00:09:26,Pan de molde,Panadería,1,SPAR-Vegueta
TCK-70468,BASK-468,2024-12-08 00:09:26,Pañales,Bebé,2,SPAR-Vegueta
TCK-70469,BASK-469,2025-02-04 12:09:26,Pechuga de pollo,Carnicería,2,SPAR-Telde
TCK-70469,BASK-469,2025-02-04 12:09:26,Arroz,Cereales,3,SPAR-Telde
TCK-70469,BASK-469,2025-02-04 12:09:26,Mermelada de fresa,Conservas,3,SPAR-Telde
TCK-70469,BASK-469,2025-02-04 12:09:26,Pizza congelada,Congelados,1,SPAR-Telde
TCK-70470,BASK-470,2025-07-23 14:03:26,Plátanos,Frutas,1,SPAR-Vegueta
TCK-70470,BASK-470,2025-07-23 14:03:26,Mermelada de fresa,Conservas,2,SPAR-Vegueta
TCK-70470,BASK-470,2025-07-23 14:03:26,Lechuga,Verduras,3,SPAR-Vegueta
TCK-70470,BASK-470,2025-07-23 14:03:26,Yogur natural,Lácteos,3,SPAR-Vegueta
TCK-70470,BASK-470,2025-07-23 14:03:26,Pizza congelada,Congelados,1,SPAR-Vegueta
TCK-70470,BASK-470,2025-07-23 14:03:26,Helado de vainilla,Congelados,2,SPAR-Vegueta
TCK-70470,BASK-470,2025-07-23 14:03:26,Leche entera,Lácteos,3,SPAR-Vegueta
TCK-70470,BASK-470,2025-07-23 14:03:26,Cerveza,Bebidas,2,SPAR-Vegueta
TCK-70471,BASK-471,2025-07-03 14:33:26,Carne picada,Carnicería,1,SPAR-Vegueta
TCK-70471,BASK-471,2025-07-03 14:33:26,Salsa de tomate,Conservas,2,SPAR-Vegueta
TCK-70471,BASK-471,2025-07-03 14:33:26,Galletas,Dulces,2,SPAR-Vegueta
TCK-70471,BASK-471,2025-07-03 14:33:26,Pan de molde,Panadería,1,SPAR-Vegueta
TCK-70471,BASK-471,2025-07-03 14:33:26,ColaCao,Bebidas,2,SPAR-Vegueta
TCK-70472,BASK-472,2025-06-05 21:41:26,Pechuga de pollo,Carnicería,3,Mercadona-Triana
TCK-70472,BASK-472,2025-06-05 21:41:26,Plátanos,Frutas,1,Mercadona-Triana
TCK-70472,BASK-472,2025-06-05 21:41:26,Mermelada de fresa,Conservas,1,Mercadona-Triana
TCK-70472,BASK-472,2025-06-05 21:41:26,Salsa mexicana,Salsas,3,Mercadona-Triana
TCK-70472,BASK-472,2025-06-05 21:41:26,Leche entera,Lácteos,3,Mercadona-Triana
TCK-70472,BASK-472,2025-06-05 21:41:26,Pan de molde,Panadería,3,Mercadona-Triana
TCK-70472,BASK-472,2025-06-05 21:41:26,ColaCao,Bebidas,3,Mercadona-Triana
TCK-70472,BASK-472,2025-06-05 21:41:26,Cerveza,Bebidas,2,Mercadona-Triana
TCK-70473,BASK-473,2025-06-17 11:20:26,Mermelada de fresa,Conservas,3,HiperDino-SietePalmas
TCK-70473,BASK-473,2025-06-17 11:20:26,Salsa mexicana,Salsas,2,HiperDino-SietePalmas
TCK-70473,BASK-473,2025-06-17 11:20:26,Pan de barra,Panadería,3,HiperDino-SietePalmas
TCK-70473,BASK-473,2025-06-17 11:20:26,Mantequilla,Lácteos,2,HiperDino-SietePalmas
TCK-70473,BASK-473,2025-06-17 11:20:26,Refresco cola,Bebidas,2,HiperDino-SietePalmas
TCK-70473,BASK-473,2025-06-17 11:20:26,Leche entera,Lácteos,2,HiperDino-SietePalmas
TCK-70473,BASK-473,2025-06-17 11:20:26,Pan de molde,Panadería,1,HiperDino-SietePalmas
TCK-70473,BASK-473,2025-06-17 11:20:26,Cerveza,Bebidas,3,HiperDino-SietePalmas
TCK-70474,BASK-474,2025-03-31 18:00:26,Salsa de tomate,Conservas,1,HiperDino-SietePalmas
TCK-70474,BASK-474,2025-03-31 18:00:26,Patatas fritas bolsa,Snacks,1,HiperDino-SietePalmas
TCK-70474,BASK-474,2025-03-31 18:00:26,Helado de vainilla,Congelados,1,HiperDino-SietePalmas
TCK-70474,BASK-474,2025-03-31 18:00:26,Refresco cola,Bebidas,1,HiperDino-SietePalmas
TCK-70474,BASK-474,2025-03-31 18:00:26,Leche entera,Lácteos,1,HiperDino-SietePalmas
TCK-70475,BASK-475,2025-01-07 17:34:26,Cereal de desayuno,Cereales,1,Mercadona-Triana
TCK-70475,BASK-475,2025-01-07 17:34:26,Manzanas,Frutas,3,Mercadona-Triana
TCK-70475,BASK-475,2025-01-07 17:34:26,Yogur natural,Lácteos,2,Mercadona-Triana
TCK-70475,BASK-475,2025-01-07 17:34:26,Leche entera,Lácteos,1,Mercadona-Triana
TCK-70476,BASK-476,2025-06-08 19:11:26,Cereal de desayuno,Cereales,3,Mercadona-Triana
TCK-70476,BASK-476,2025-06-08 19:11:26,Plátanos,Frutas,3,Mercadona-Triana
TCK-70476,BASK-476,2025-06-08 19:11:26,Aceite de oliva,Aceites,3,Mercadona-Triana
TCK-70476,BASK-476,2025-06-08 19:11:26,Lechuga,Verduras,2,Mercadona-Triana
TCK-70476,BASK-476,2025-06-08 19:11:26,Salsa mexicana,Salsas,1,Mercadona-Triana
TCK-70476,BASK-476,2025-06-08 19:11:26,Helado de vainilla,Congelados,1,Mercadona-Triana
TCK-70476,BASK-476,2025-06-08 19:11:26,Vino tinto,Bebidas,3,Mercadona-Triana
TCK-70476,BASK-476,2025-06-08 19:11:26,Cerveza,Bebidas,3,Mercadona-Triana
TCK-70477,BASK-477,2025-03-27 14:51:26,Pechuga de pollo,Carnicería,2,SPAR-Vegueta
TCK-70477,BASK-477,2025-03-27 14:51:26,Carne picada,Carnicería,2,SPAR-Vegueta
TCK-70477,BASK-477,2025-03-27 14:51:26,Manzanas,Frutas,1,SPAR-Vegueta
TCK-70477,BASK-477,2025-03-27 14:51:26,Pan de hamburguesa,Panadería,3,SPAR-Vegueta
TCK-70477,BASK-477,2025-03-27 14:51:26,Queso curado,Lácteos,1,SPAR-Vegueta
TCK-70477,BASK-477,2025-03-27 14:51:26,Helado de vainilla,Congelados,2,SPAR-Vegueta
TCK-70477,BASK-477,2025-03-27 14:51:26,Refresco cola,Bebidas,1,SPAR-Vegueta
TCK-70477,BASK-477,2025-03-27 14:51:26,Vino tinto,Bebidas,2,SPAR-Vegueta
TCK-70477,BASK-477,2025-03-27 14:51:26,Cerveza,Bebidas,2,SPAR-Vegueta
TCK-70478,BASK-478,2024-12-14 12:44:26,Pan de hamburguesa,Panadería,1,SPAR-Vegueta
TCK-70478,BASK-478,2024-12-14 12:44:26,Plátanos,Frutas,3,SPAR-Vegueta
TCK-70478,BASK-478,2024-12-14 12:44:26,Tomates,Verduras,1,SPAR-Vegueta
TCK-70478,BASK-478,2024-12-14 12:44:26,Aceite de oliva,Aceites,3,SPAR-Vegueta
TCK-70478,BASK-478,2024-12-14 12:44:26,Salsa mexicana,Salsas,3,SPAR-Vegueta
TCK-70478,BASK-478,2024-12-14 12:44:26,Mantequilla,Lácteos,3,SPAR-Vegueta
TCK-70478,BASK-478,2024-12-14 12:44:26,Pan de molde,Panadería,1,SPAR-Vegueta
TCK-70478,BASK-478,2024-12-14 12:44:26,Pizza congelada,Congelados,2,SPAR-Vegueta
TCK-70479,BASK-479,2025-01-11 23:01:26,Carne picada,Carnicería,1,SPAR-Vegueta
TCK-70479,BASK-479,2025-01-11 23:01:26,Pan de hamburguesa,Panadería,2,SPAR-Vegueta
TCK-70479,BASK-479,2025-01-11 23:01:26,Tomates,Verduras,3,SPAR-Vegueta
TCK-70479,BASK-479,2025-01-11 23:01:26,Mermelada de fresa,Conservas,3,SPAR-Vegueta
TCK-70479,BASK-479,2025-01-11 23:01:26,Lechuga,Verduras,3,SPAR-Vegueta
TCK-70479,BASK-479,2025-01-11 23:01:26,Pan de barra,Panadería,3,SPAR-Vegueta
TCK-70479,BASK-479,2025-01-11 23:01:26,Helado de vainilla,Congelados,3,SPAR-Vegueta
TCK-70479,BASK-479,2025-01-11 23:01:26,Vino tinto,Bebidas,3,SPAR-Vegueta
TCK-70479,BASK-479,2025-01-11 23:01:26,ColaCao,Bebidas,3,SPAR-Vegueta
TCK-70479,BASK-479,2025-01-11 23:01:26,Pañales,Bebé,3,SPAR-Vegueta
TCK-70480,BASK-480,2025-08-20 19:31:26,Nachos de maíz,Snacks,1,SPAR-Vegueta
TCK-70480,BASK-480,2025-08-20 19:31:26,Guacamole refrigerado,Refrigerados,1,SPAR-Vegueta
TCK-70480,BASK-480,2025-08-20 19:31:26,Leche entera,Lácteos,2,SPAR-Vegueta
TCK-70480,BASK-480,2025-08-20 19:31:26,Pizza congelada,Congelados,2,SPAR-Vegueta
TCK-70481,BASK-481,2025-03-29 14:25:26,Pan de molde,Panadería,3,SPAR-Telde
TCK-70481,BASK-481,2025-03-29 14:25:26,Lechuga,Verduras,1,SPAR-Telde
TCK-70481,BASK-481,2025-03-29 14:25:26,Tomates,Verduras,1,SPAR-Telde
TCK-70481,BASK-481,2025-03-29 14:25:26,Cerveza,Bebidas,1,SPAR-Telde
TCK-70482,BASK-482,2025-08-10 21:26:26,Manzanas,Frutas,1,SPAR-Vegueta
TCK-70482,BASK-482,2025-08-10 21:26:26,Carne picada,Carnicería,2,SPAR-Vegueta
TCK-70482,BASK-482,2025-08-10 21:26:26,Salsa de tomate,Conservas,1,SPAR-Vegueta
TCK-70482,BASK-482,2025-08-10 21:26:26,Pan de hamburguesa,Panadería,3,SPAR-Vegueta
TCK-70482,BASK-482,2025-08-10 21:26:26,Tomates,Verduras,3,SPAR-Vegueta
TCK-70482,BASK-482,2025-08-10 21:26:26,Pechuga de pollo,Carnicería,3,SPAR-Vegueta
TCK-70483,BASK-483,2025-11-23 20:00:26,Cereal de desayuno,Cereales,3,Mercadona-Triana
TCK-70483,BASK-483,2025-11-23 20:00:26,Tomates,Verduras,3,Mercadona-Triana
TCK-70483,BASK-483,2025-11-23 20:00:26,Aceite de oliva,Aceites,3,Mercadona-Triana
TCK-70483,BASK-483,2025-11-23 20:00:26,Queso curado,Lácteos,3,Mercadona-Triana
TCK-70483,BASK-483,2025-11-23 20:00:26,Nachos de maíz,Snacks,2,Mercadona-Triana
TCK-70483,BASK-483,2025-11-23 20:00:26,Refresco cola,Bebidas,1,Mercadona-Triana
TCK-70483,BASK-483,2025-11-23 20:00:26,Vino tinto,Bebidas,3,Mercadona-Triana
TCK-70483,BASK-483,2025-11-23 20:00:26,Galletas,Dulces,3,Mercadona-Triana
TCK-70484,BASK-484,2025-07-18 19:43:26,Pechuga de pollo,Carnicería,3,SPAR-Telde
TCK-70484,BASK-484,2025-07-18 19:43:26,Salsa mexicana,Salsas,1,SPAR-Telde
TCK-70484,BASK-484,2025-07-18 19:43:26,Arroz,Cereales,3,SPAR-Telde
TCK-70484,BASK-484,2025-07-18 19:43:26,Mantequilla,Lácteos,3,SPAR-Telde
TCK-70484,BASK-484,2025-07-18 19:43:26,Café molido,Bebidas,3,SPAR-Telde
TCK-70484,BASK-484,2025-07-18 19:43:26,Leche entera,Lácteos,3,SPAR-Telde
TCK-70484,BASK-484,2025-07-18 19:43:26,Pañales,Bebé,2,SPAR-Telde
TCK-70484,BASK-484,2025-07-18 19:43:26,Cerveza,Bebidas,3,SPAR-Telde
TCK-70485,BASK-485,2024-12-03 17:36:26,Aceite de oliva,Aceites,3,Mercadona-Triana
TCK-70485,BASK-485,2024-12-03 17:36:26,Salsa mexicana,Salsas,2,Mercadona-Triana
TCK-70485,BASK-485,2024-12-03 17:36:26,Mantequilla,Lácteos,3,Mercadona-Triana
TCK-70485,BASK-485,2024-12-03 17:36:26,Nachos de maíz,Snacks,3,Mercadona-Triana
TCK-70485,BASK-485,2024-12-03 17:36:26,Guacamole refrigerado,Refrigerados,3,Mercadona-Triana
TCK-70485,BASK-485,2024-12-03 17:36:26,Vino tinto,Bebidas,2,Mercadona-Triana
TCK-70486,BASK-486,2025-05-24 16:41:26,Carne picada,Carnicería,2,HiperDino-SietePalmas
TCK-70486,BASK-486,2025-05-24 16:41:26,Pan de hamburguesa,Panadería,3,HiperDino-SietePalmas
TCK-70486,BASK-486,2025-05-24 16:41:26,Tomates,Verduras,1,HiperDino-SietePalmas
TCK-70486,BASK-486,2025-05-24 16:41:26,Aceite de oliva,Aceites,3,HiperDino-SietePalmas
TCK-70486,BASK-486,2025-05-24 16:41:26,Lechuga,Verduras,3,HiperDino-SietePalmas
TCK-70486,BASK-486,2025-05-24 16:41:26,Yogur natural,Lácteos,1,HiperDino-SietePalmas
TCK-70487,BASK-487,2025-02-03 22:54:26,Pan de hamburguesa,Panadería,2,SPAR-Vegueta
TCK-70487,BASK-487,2025-02-03 22:54:26,Carne picada,Carnicería,1,SPAR-Vegueta
TCK-70487,BASK-487,2025-02-03 22:54:26,Aceite de oliva,Aceites,3,SPAR-Vegueta
TCK-70487,BASK-487,2025-02-03 22:54:26,Arroz,Cereales,2,SPAR-Vegueta
TCK-70487,BASK-487,2025-02-03 22:54:26,Pan de barra,Panadería,2,SPAR-Vegueta
TCK-70487,BASK-487,2025-02-03 22:54:26,Huevos,Lácteos,2,SPAR-Vegueta
TCK-70487,BASK-487,2025-02-03 22:54:26,Galletas,Dulces,1,SPAR-Vegueta
TCK-70488,BASK-488,2025-02-12 14:14:26,Mermelada de fresa,Conservas,1,Mercadona-Triana
TCK-70488,BASK-488,2025-02-12 14:14:26,Aceite de oliva,Aceites,2,Mercadona-Triana
TCK-70488,BASK-488,2025-02-12 14:14:26,Huevos,Lácteos,2,Mercadona-Triana
TCK-70488,BASK-488,2025-02-12 14:14:26,Café molido,Bebidas,2,Mercadona-Triana
TCK-70488,BASK-488,2025-02-12 14:14:26,Refresco cola,Bebidas,3,Mercadona-Triana
TCK-70488,BASK-488,2025-02-12 14:14:26,Leche entera,Lácteos,1,Mercadona-Triana
TCK-70489,BASK-489,2025-09-13 23:21:26,Pechuga de pollo,Carnicería,2,SPAR-Telde
TCK-70489,BASK-489,2025-09-13 23:21:26,Tomates,Verduras,1,SPAR-Telde
TCK-70489,BASK-489,2025-09-13 23:21:26,Mermelada de fresa,Conservas,3,SPAR-Telde
TCK-70489,BASK-489,2025-09-13 23:21:26,Salsa mexicana,Salsas,1,SPAR-Telde
TCK-70489,BASK-489,2025-09-13 23:21:26,Leche entera,Lácteos,1,SPAR-Telde
TCK-70489,BASK-489,2025-09-13 23:21:26,Galletas,Dulces,1,SPAR-Telde
TCK-70489,BASK-489,2025-09-13 23:21:26,Pan de molde,Panadería,3,SPAR-Telde
TCK-70490,BASK-490,2025-01-11 15:51:26,Manzanas,Frutas,1,HiperDino-SietePalmas
TCK-70490,BASK-490,2025-01-11 15:51:26,Pan de hamburguesa,Panadería,2,HiperDino-SietePalmas
TCK-70490,BASK-490,2025-01-11 15:51:26,Pechuga de pollo,Carnicería,1,HiperDino-SietePalmas
TCK-70490,BASK-490,2025-01-11 15:51:26,Plátanos,Frutas,3,HiperDino-SietePalmas
TCK-70490,BASK-490,2025-01-11 15:51:26,Mantequilla,Lácteos,2,HiperDino-SietePalmas
TCK-70490,BASK-490,2025-01-11 15:51:26,Helado de vainilla,Congelados,2,HiperDino-SietePalmas
TCK-70490,BASK-490,2025-01-11 15:51:26,Cerveza,Bebidas,3,HiperDino-SietePalmas
TCK-70491,BASK-491,2025-01-29 15:32:26,Pan de molde,Panadería,1,Mercadona-Triana
TCK-70491,BASK-491,2025-01-29 15:32:26,Manzanas,Frutas,2,Mercadona-Triana
TCK-70491,BASK-491,2025-01-29 15:32:26,Queso curado,Lácteos,1,Mercadona-Triana
TCK-70492,BASK-492,2025-06-20 23:33:26,Pasta,Cereales,1,SPAR-Vegueta
TCK-70492,BASK-492,2025-06-20 23:33:26,Salsa de tomate,Conservas,3,SPAR-Vegueta
TCK-70492,BASK-492,2025-06-20 23:33:26,Aceite de oliva,Aceites,2,SPAR-Vegueta
TCK-70492,BASK-492,2025-06-20 23:33:26,Yogur natural,Lácteos,3,SPAR-Vegueta
TCK-70492,BASK-492,2025-06-20 23:33:26,Galletas,Dulces,1,SPAR-Vegueta
TCK-70492,BASK-492,2025-06-20 23:33:26,Cerveza,Bebidas,2,SPAR-Vegueta
TCK-70493,BASK-493,2025-07-20 23:54:26,Manzanas,Frutas,2,HiperDino-SietePalmas
TCK-70493,BASK-493,2025-07-20 23:54:26,Patatas fritas bolsa,Snacks,1,HiperDino-SietePalmas
TCK-70493,BASK-493,2025-07-20 23:54:26,Plátanos,Frutas,2,HiperDino-SietePalmas
TCK-70493,BASK-493,2025-07-20 23:54:26,Tomates,Verduras,3,HiperDino-SietePalmas
TCK-70493,BASK-493,2025-07-20 23:54:26,Arroz,Cereales,3,HiperDino-SietePalmas
TCK-70493,BASK-493,2025-07-20 23:54:26,Nachos de maíz,Snacks,3,HiperDino-SietePalmas
TCK-70493,BASK-493,2025-07-20 23:54:26,Pañales,Bebé,1,HiperDino-SietePalmas
TCK-70493,BASK-493,2025-07-20 23:54:26,Cerveza,Bebidas,1,HiperDino-SietePalmas
TCK-70494,BASK-494,2025-01-27 11:44:26,Cereal de desayuno,Cereales,3,HiperDino-SietePalmas
TCK-70494,BASK-494,2025-01-27 11:44:26,Pan de hamburguesa,Panadería,3,HiperDino-SietePalmas
TCK-70494,BASK-494,2025-01-27 11:44:26,Mermelada de fresa,Conservas,3,HiperDino-SietePalmas
TCK-70494,BASK-494,2025-01-27 11:44:26,Lechuga,Verduras,2,HiperDino-SietePalmas
TCK-70494,BASK-494,2025-01-27 11:44:26,Queso curado,Lácteos,3,HiperDino-SietePalmas
TCK-70494,BASK-494,2025-01-27 11:44:26,Mantequilla,Lácteos,2,HiperDino-SietePalmas
TCK-70494,BASK-494,2025-01-27 11:44:26,Helado de vainilla,Congelados,3,HiperDino-SietePalmas
TCK-70494,BASK-494,2025-01-27 11:44:26,Refresco cola,Bebidas,3,HiperDino-SietePalmas
TCK-70494,BASK-494,2025-01-27 11:44:26,Pan de molde,Panadería,2,HiperDino-SietePalmas
TCK-70494,BASK-494,2025-01-27 11:44:26,Pizza congelada,Congelados,2,HiperDino-SietePalmas
TCK-70495,BASK-495,2025-08-16 15:51:26,Lechuga,Verduras,3,HiperDino-SietePalmas
TCK-70495,BASK-495,2025-08-16 15:51:26,Salsa de tomate,Conservas,1,HiperDino-SietePalmas
TCK-70495,BASK-495,2025-08-16 15:51:26,Pizza congelada,Congelados,1,HiperDino-SietePalmas
TCK-70495,BASK-495,2025-08-16 15:51:26,Cerveza,Bebidas,3,HiperDino-SietePalmas
TCK-70496,BASK-496,2025-06-18 00:12:26,Pechuga de pollo,Carnicería,3,SPAR-Vegueta
TCK-70496,BASK-496,2025-06-18 00:12:26,Manzanas,Frutas,1,SPAR-Vegueta
TCK-70496,BASK-496,2025-06-18 00:12:26,Carne picada,Carnicería,2,SPAR-Vegueta
TCK-70496,BASK-496,2025-06-18 00:12:26,Pan de hamburguesa,Panadería,2,SPAR-Vegueta
TCK-70496,BASK-496,2025-06-18 00:12:26,Tomates,Verduras,3,SPAR-Vegueta
TCK-70496,BASK-496,2025-06-18 00:12:26,Plátanos,Frutas,2,SPAR-Vegueta
TCK-70496,BASK-496,2025-06-18 00:12:26,Arroz,Cereales,1,SPAR-Vegueta
TCK-70496,BASK-496,2025-06-18 00:12:26,Pan de barra,Panadería,1,SPAR-Vegueta
TCK-70496,BASK-496,2025-06-18 00:12:26,Café molido,Bebidas,2,SPAR-Vegueta
TCK-70497,BASK-497,2025-04-18 16:39:26,Patatas fritas bolsa,Snacks,2,HiperDino-SietePalmas
TCK-70497,BASK-497,2025-04-18 16:39:26,Tomates,Verduras,3,HiperDino-SietePalmas
TCK-70497,BASK-497,2025-04-18 16:39:26,Aceite de oliva,Aceites,1,HiperDino-SietePalmas
TCK-70497,BASK-497,2025-04-18 16:39:26,Salsa mexicana,Salsas,1,HiperDino-SietePalmas
TCK-70497,BASK-497,2025-04-18 16:39:26,Mantequilla,Lácteos,3,HiperDino-SietePalmas
TCK-70497,BASK-497,2025-04-18 16:39:26,Leche entera,Lácteos,2,HiperDino-SietePalmas
TCK-70497,BASK-497,2025-04-18 16:39:26,ColaCao,Bebidas,1,HiperDino-SietePalmas
TCK-70498,BASK-498,2025-08-15 13:52:26,Helado de vainilla,Congelados,1,SPAR-Telde
TCK-70498,BASK-498,2025-08-15 13:52:26,Carne picada,Carnicería,2,SPAR-Telde
TCK-70498,BASK-498,2025-08-15 13:52:26,Pañales,Bebé,3,SPAR-Telde
TCK-70498,BASK-498,2025-08-15 13:52:26,Cerveza,Bebidas,2,SPAR-Telde
TCK-70499,BASK-499,2025-07-21 15:38:26,Pizza congelada,Congelados,1,HiperDino-SietePalmas
TCK-70499,BASK-499,2025-07-21 15:38:26,Leche entera,Lácteos,1,HiperDino-SietePalmas
TCK-70499,BASK-499,2025-07-21 15:38:26,ColaCao,Bebidas,2,HiperDino-SietePalmas
TCK-70499,BASK-499,2025-07-21 15:38:26,Aceite de oliva,Aceites,3,HiperDino-SietePalmas
TCK-70500,BASK-500,2025-08-18 22:25:26,Tomates,Verduras,1,SPAR-Telde
TCK-70500,BASK-500,2025-08-18 22:25:26,Aceite de oliva,Aceites,2,SPAR-Telde
TCK-70500,BASK-500,2025-08-18 22:25:26,Salsa mexicana,Salsas,3,SPAR-Telde
TCK-70500,BASK-500,2025-08-18 22:25:26,Lechuga,Verduras,2,SPAR-Telde
TCK-70500,BASK-500,2025-08-18 22:25:26,Arroz,Cereales,2,SPAR-Telde
TCK-70500,BASK-500,2025-08-18 22:25:26,Mantequilla,Lácteos,1,SPAR-Telde
TCK-70500,BASK-500,2025-08-18 22:25:26,Café molido,Bebidas,1,SPAR-Telde
TCK-70500,BASK-500,2025-08-18 22:25:26,Pañales,Bebé,3,SPAR-Telde
TCK-70500,BASK-500,2025-08-18 22:25:26,Pizza congelada,Congelados,2,SPAR-Telde
TCK-70501,BASK-501,2025-11-23 15:02:26,Plátanos,Frutas,1,HiperDino-SietePalmas
TCK-70501,BASK-501,2025-11-23 15:02:26,Lechuga,Verduras,1,HiperDino-SietePalmas
TCK-70501,BASK-501,2025-11-23 15:02:26,Yogur natural,Lácteos,3,HiperDino-SietePalmas
TCK-70501,BASK-501,2025-11-23 15:02:26,Pan de barra,Panadería,3,HiperDino-SietePalmas
TCK-70501,BASK-501,2025-11-23 15:02:26,Leche entera,Lácteos,1,HiperDino-SietePalmas
TCK-70501,BASK-501,2025-11-23 15:02:26,Galletas,Dulces,1,HiperDino-SietePalmas
TCK-70501,BASK-501,2025-11-23 15:02:26,ColaCao,Bebidas,2,HiperDino-SietePalmas
TCK-70501,BASK-501,2025-11-23 15:02:26,Cerveza,Bebidas,2,HiperDino-SietePalmas
TCK-70502,BASK-502,2025-07-11 15:49:26,Pasta,Cereales,3,HiperDino-SietePalmas
TCK-70502,BASK-502,2025-07-11 15:49:26,Guacamole refrigerado,Refrigerados,3,HiperDino-SietePalmas
TCK-70502,BASK-502,2025-07-11 15:49:26,ColaCao,Bebidas,3,HiperDino-SietePalmas
TCK-70502,BASK-502,2025-07-11 15:49:26,Pizza congelada,Congelados,3,HiperDino-SietePalmas
TCK-70503,BASK-503,2025-05-30 14:46:26,Pan de hamburguesa,Panadería,2,SPAR-Telde
TCK-70503,BASK-503,2025-05-30 14:46:26,Mermelada de fresa,Conservas,2,SPAR-Telde
TCK-70503,BASK-503,2025-05-30 14:46:26,Aceite de oliva,Aceites,2,SPAR-Telde
TCK-70503,BASK-503,2025-05-30 14:46:26,Arroz,Cereales,2,SPAR-Telde
TCK-70503,BASK-503,2025-05-30 14:46:26,Pan de barra,Panadería,1,SPAR-Telde
TCK-70503,BASK-503,2025-05-30 14:46:26,Guacamole refrigerado,Refrigerados,2,SPAR-Telde
TCK-70503,BASK-503,2025-05-30 14:46:26,Pan de molde,Panadería,2,SPAR-Telde
TCK-70503,BASK-503,2025-05-30 14:46:26,Cerveza,Bebidas,1,SPAR-Telde
TCK-70504,BASK-504,2025-11-04 20:51:26,Cereal de desayuno,Cereales,2,Mercadona-Triana
TCK-70504,BASK-504,2025-11-04 20:51:26,Pechuga de pollo,Carnicería,2,Mercadona-Triana
TCK-70504,BASK-504,2025-11-04 20:51:26,Mermelada de fresa,Conservas,1,Mercadona-Triana
TCK-70504,BASK-504,2025-11-04 20:51:26,Lechuga,Verduras,3,Mercadona-Triana
TCK-70504,BASK-504,2025-11-04 20:51:26,Pizza congelada,Congelados,1,Mercadona-Triana
TCK-70504,BASK-504,2025-11-04 20:51:26,Queso curado,Lácteos,1,Mercadona-Triana
TCK-70504,BASK-504,2025-11-04 20:51:26,Vino tinto,Bebidas,2,Mercadona-Triana
TCK-70504,BASK-504,2025-11-04 20:51:26,Cerveza,Bebidas,1,Mercadona-Triana
TCK-70505,BASK-505,2024-11-27 13:43:26,Aceite de oliva,Aceites,3,Mercadona-Triana
TCK-70505,BASK-505,2024-11-27 13:43:26,Salsa mexicana,Salsas,3,Mercadona-Triana
TCK-70505,BASK-505,2024-11-27 13:43:26,Arroz,Cereales,1,Mercadona-Triana
TCK-70505,BASK-505,2024-11-27 13:43:26,Helado de vainilla,Congelados,1,Mercadona-Triana
TCK-70505,BASK-505,2024-11-27 13:43:26,Leche entera,Lácteos,1,Mercadona-Triana
TCK-70505,BASK-505,2024-11-27 13:43:26,ColaCao,Bebidas,2,Mercadona-Triana
TCK-70505,BASK-505,2024-11-27 13:43:26,Pañales,Bebé,1,Mercadona-Triana
TCK-70506,BASK-506,2025-10-17 23:45:26,Lechuga,Verduras,2,SPAR-Telde
TCK-70506,BASK-506,2025-10-17 23:45:26,Patatas fritas bolsa,Snacks,2,SPAR-Telde
TCK-70506,BASK-506,2025-10-17 23:45:26,Leche entera,Lácteos,3,SPAR-Telde
TCK-70507,BASK-507,2024-12-18 16:07:26,Patatas fritas bolsa,Snacks,2,Mercadona-Triana
TCK-70507,BASK-507,2024-12-18 16:07:26,Mermelada de fresa,Conservas,3,Mercadona-Triana
TCK-70507,BASK-507,2024-12-18 16:07:26,Aceite de oliva,Aceites,3,Mercadona-Triana
TCK-70507,BASK-507,2024-12-18 16:07:26,Yogur natural,Lácteos,3,Mercadona-Triana
TCK-70507,BASK-507,2024-12-18 16:07:26,Pan de barra,Panadería,3,Mercadona-Triana
TCK-70507,BASK-507,2024-12-18 16:07:26,Huevos,Lácteos,3,Mercadona-Triana
TCK-70507,BASK-507,2024-12-18 16:07:26,Refresco cola,Bebidas,3,Mercadona-Triana
TCK-70507,BASK-507,2024-12-18 16:07:26,Pan de molde,Panadería,2,Mercadona-Triana
TCK-70507,BASK-507,2024-12-18 16:07:26,Cerveza,Bebidas,1,Mercadona-Triana
TCK-70508,BASK-508,2025-11-03 15:55:26,Pasta,Cereales,3,SPAR-Vegueta
TCK-70508,BASK-508,2025-11-03 15:55:26,Manzanas,Frutas,2,SPAR-Vegueta
TCK-70508,BASK-508,2025-11-03 15:55:26,Salsa mexicana,Salsas,3,SPAR-Vegueta
TCK-70508,BASK-508,2025-11-03 15:55:26,Pan de barra,Panadería,1,SPAR-Vegueta
TCK-70508,BASK-508,2025-11-03 15:55:26,Nachos de maíz,Snacks,1,SPAR-Vegueta
TCK-70508,BASK-508,2025-11-03 15:55:26,Guacamole refrigerado,Refrigerados,1,SPAR-Vegueta
TCK-70508,BASK-508,2025-11-03 15:55:26,Café molido,Bebidas,3,SPAR-Vegueta
TCK-70509,BASK-509,2025-02-10 13:24:26,Cereal de desayuno,Cereales,1,HiperDino-SietePalmas
TCK-70509,BASK-509,2025-02-10 13:24:26,Lechuga,Verduras,3,HiperDino-SietePalmas
TCK-70509,BASK-509,2025-02-10 13:24:26,Pan de barra,Panadería,1,HiperDino-SietePalmas
TCK-70509,BASK-509,2025-02-10 13:24:26,Refresco cola,Bebidas,2,HiperDino-SietePalmas
TCK-70509,BASK-509,2025-02-10 13:24:26,Galletas,Dulces,3,HiperDino-SietePalmas
TCK-70509,BASK-509,2025-02-10 13:24:26,Pan de molde,Panadería,1,HiperDino-SietePalmas
TCK-70510,BASK-510,2025-08-21 15:28:26,Pasta,Cereales,1,Mercadona-Triana
TCK-70510,BASK-510,2025-08-21 15:28:26,Cereal de desayuno,Cereales,1,Mercadona-Triana
TCK-70510,BASK-510,2025-08-21 15:28:26,Pan de hamburguesa,Panadería,1,Mercadona-Triana
TCK-70510,BASK-510,2025-08-21 15:28:26,Plátanos,Frutas,1,Mercadona-Triana
TCK-70510,BASK-510,2025-08-21 15:28:26,Mermelada de fresa,Conservas,1,Mercadona-Triana
TCK-70510,BASK-510,2025-08-21 15:28:26,Pañales,Bebé,2,Mercadona-Triana
TCK-70510,BASK-510,2025-08-21 15:28:26,Cerveza,Bebidas,1,Mercadona-Triana
TCK-70511,BASK-511,2024-11-26 21:11:26,Plátanos,Frutas,2,Mercadona-Triana
TCK-70511,BASK-511,2024-11-26 21:11:26,Lechuga,Verduras,3,Mercadona-Triana
TCK-70511,BASK-511,2024-11-26 21:11:26,Arroz,Cereales,2,Mercadona-Triana
TCK-70511,BASK-511,2024-11-26 21:11:26,Leche entera,Lácteos,2,Mercadona-Triana
TCK-70511,BASK-511,2024-11-26 21:11:26,Pan de molde,Panadería,1,Mercadona-Triana
TCK-70512,BASK-512,2025-04-28 13:19:26,Salsa de tomate,Conservas,1,Mercadona-Triana
TCK-70512,BASK-512,2025-04-28 13:19:26,Plátanos,Frutas,2,Mercadona-Triana
TCK-70512,BASK-512,2025-04-28 13:19:26,Lechuga,Verduras,3,Mercadona-Triana
TCK-70512,BASK-512,2025-04-28 13:19:26,Yogur natural,Lácteos,3,Mercadona-Triana
TCK-70512,BASK-512,2025-04-28 13:19:26,Pan de barra,Panadería,2,Mercadona-Triana
TCK-70512,BASK-512,2025-04-28 13:19:26,Helado de vainilla,Congelados,1,Mercadona-Triana
TCK-70512,BASK-512,2025-04-28 13:19:26,Cerveza,Bebidas,1,Mercadona-Triana
TCK-70512,BASK-512,2025-04-28 13:19:26,Pizza congelada,Congelados,2,Mercadona-Triana
TCK-70513,BASK-513,2025-09-19 20:09:26,Cereal de desayuno,Cereales,1,SPAR-Vegueta
TCK-70513,BASK-513,2025-09-19 20:09:26,Salsa de tomate,Conservas,3,SPAR-Vegueta
TCK-70513,BASK-513,2025-09-19 20:09:26,Salsa mexicana,Salsas,3,SPAR-Vegueta
TCK-70513,BASK-513,2025-09-19 20:09:26,Lechuga,Verduras,3,SPAR-Vegueta
TCK-70513,BASK-513,2025-09-19 20:09:26,Helado de vainilla,Congelados,3,SPAR-Vegueta
TCK-70513,BASK-513,2025-09-19 20:09:26,Nachos de maíz,Snacks,2,SPAR-Vegueta
TCK-70513,BASK-513,2025-09-19 20:09:26,Huevos,Lácteos,3,SPAR-Vegueta
TCK-70513,BASK-513,2025-09-19 20:09:26,Refresco cola,Bebidas,2,SPAR-Vegueta
TCK-70513,BASK-513,2025-09-19 20:09:26,Leche entera,Lácteos,1,SPAR-Vegueta
TCK-70514,BASK-514,2025-06-30 13:35:26,Cereal de desayuno,Cereales,3,HiperDino-SietePalmas
TCK-70514,BASK-514,2025-06-30 13:35:26,Pechuga de pollo,Carnicería,3,HiperDino-SietePalmas
TCK-70514,BASK-514,2025-06-30 13:35:26,Pan de hamburguesa,Panadería,2,HiperDino-SietePalmas
TCK-70514,BASK-514,2025-06-30 13:35:26,Arroz,Cereales,2,HiperDino-SietePalmas
TCK-70514,BASK-514,2025-06-30 13:35:26,Café molido,Bebidas,1,HiperDino-SietePalmas
TCK-70514,BASK-514,2025-06-30 13:35:26,Guacamole refrigerado,Refrigerados,3,HiperDino-SietePalmas
TCK-70514,BASK-514,2025-06-30 13:35:26,Leche entera,Lácteos,3,HiperDino-SietePalmas
TCK-70514,BASK-514,2025-06-30 13:35:26,Vino tinto,Bebidas,3,HiperDino-SietePalmas
TCK-70514,BASK-514,2025-06-30 13:35:26,Cerveza,Bebidas,1,HiperDino-SietePalmas
TCK-70515,BASK-515,2025-11-12 22:39:26,Pechuga de pollo,Carnicería,3,HiperDino-SietePalmas
TCK-70515,BASK-515,2025-11-12 22:39:26,Carne picada,Carnicería,2,HiperDino-SietePalmas
TCK-70515,BASK-515,2025-11-12 22:39:26,Salsa de tomate,Conservas,2,HiperDino-SietePalmas
TCK-70515,BASK-515,2025-11-12 22:39:26,Yogur natural,Lácteos,3,HiperDino-SietePalmas
TCK-70515,BASK-515,2025-11-12 22:39:26,Pan de barra,Panadería,2,HiperDino-SietePalmas
TCK-70515,BASK-515,2025-11-12 22:39:26,Mantequilla,Lácteos,2,HiperDino-SietePalmas
TCK-70516,BASK-516,2025-07-04 13:34:26,Pechuga de pollo,Carnicería,3,SPAR-Vegueta
TCK-70516,BASK-516,2025-07-04 13:34:26,Manzanas,Frutas,2,SPAR-Vegueta
TCK-70516,BASK-516,2025-07-04 13:34:26,Mermelada de fresa,Conservas,3,SPAR-Vegueta
TCK-70516,BASK-516,2025-07-04 13:34:26,Aceite de oliva,Aceites,2,SPAR-Vegueta
TCK-70516,BASK-516,2025-07-04 13:34:26,Salsa mexicana,Salsas,3,SPAR-Vegueta
TCK-70516,BASK-516,2025-07-04 13:34:26,Yogur natural,Lácteos,1,SPAR-Vegueta
TCK-70516,BASK-516,2025-07-04 13:34:26,Queso curado,Lácteos,1,SPAR-Vegueta
TCK-70516,BASK-516,2025-07-04 13:34:26,Guacamole refrigerado,Refrigerados,3,SPAR-Vegueta
TCK-70516,BASK-516,2025-07-04 13:34:26,Vino tinto,Bebidas,1,SPAR-Vegueta
TCK-70516,BASK-516,2025-07-04 13:34:26,Pan de molde,Panadería,2,SPAR-Vegueta
TCK-70517,BASK-517,2025-03-05 16:41:26,Pasta,Cereales,1,SPAR-Telde
TCK-70517,BASK-517,2025-03-05 16:41:26,Manzanas,Frutas,3,SPAR-Telde
TCK-70517,BASK-517,2025-03-05 16:41:26,Pan de hamburguesa,Panadería,3,SPAR-Telde
TCK-70517,BASK-517,2025-03-05 16:41:26,Plátanos,Frutas,2,SPAR-Telde
TCK-70517,BASK-517,2025-03-05 16:41:26,Aceite de oliva,Aceites,2,SPAR-Telde
TCK-70517,BASK-517,2025-03-05 16:41:26,Pan de barra,Panadería,3,SPAR-Telde
TCK-70518,BASK-518,2025-08-24 21:00:26,Manzanas,Frutas,2,SPAR-Telde
TCK-70518,BASK-518,2025-08-24 21:00:26,Carne picada,Carnicería,1,SPAR-Telde
TCK-70518,BASK-518,2025-08-24 21:00:26,Pan de hamburguesa,Panadería,2,SPAR-Telde
TCK-70518,BASK-518,2025-08-24 21:00:26,Plátanos,Frutas,3,SPAR-Telde
TCK-70518,BASK-518,2025-08-24 21:00:26,Tomates,Verduras,1,SPAR-Telde
TCK-70518,BASK-518,2025-08-24 21:00:26,Lechuga,Verduras,3,SPAR-Telde
TCK-70518,BASK-518,2025-08-24 21:00:26,Arroz,Cereales,1,SPAR-Telde
TCK-70518,BASK-518,2025-08-24 21:00:26,Yogur natural,Lácteos,2,SPAR-Telde
TCK-70518,BASK-518,2025-08-24 21:00:26,Huevos,Lácteos,1,SPAR-Telde
TCK-70518,BASK-518,2025-08-24 21:00:26,Guacamole refrigerado,Refrigerados,3,SPAR-Telde
TCK-70519,BASK-519,2025-04-29 13:01:26,Pechuga de pollo,Carnicería,2,Mercadona-Triana
TCK-70519,BASK-519,2025-04-29 13:01:26,Patatas fritas bolsa,Snacks,3,Mercadona-Triana
TCK-70519,BASK-519,2025-04-29 13:01:26,Tomates,Verduras,1,Mercadona-Triana
TCK-70519,BASK-519,2025-04-29 13:01:26,Mermelada de fresa,Conservas,3,Mercadona-Triana
TCK-70519,BASK-519,2025-04-29 13:01:26,Arroz,Cereales,1,Mercadona-Triana
TCK-70519,BASK-519,2025-04-29 13:01:26,Mantequilla,Lácteos,2,Mercadona-Triana
TCK-70519,BASK-519,2025-04-29 13:01:26,Helado de vainilla,Congelados,1,Mercadona-Triana
TCK-70519,BASK-519,2025-04-29 13:01:26,Café molido,Bebidas,1,Mercadona-Triana
TCK-70519,BASK-519,2025-04-29 13:01:26,Galletas,Dulces,1,Mercadona-Triana
TCK-70520,BASK-520,2024-12-26 14:42:26,Manzanas,Frutas,1,SPAR-Telde
TCK-70520,BASK-520,2024-12-26 14:42:26,Pechuga de pollo,Carnicería,1,SPAR-Telde
TCK-70520,BASK-520,2024-12-26 14:42:26,Plátanos,Frutas,1,SPAR-Telde
TCK-70520,BASK-520,2024-12-26 14:42:26,Guacamole refrigerado,Refrigerados,1,SPAR-Telde
TCK-70520,BASK-520,2024-12-26 14:42:26,Pan de molde,Panadería,1,SPAR-Telde
TCK-70521,BASK-521,2025-06-10 17:36:26,Pan de hamburguesa,Panadería,1,SPAR-Vegueta
TCK-70521,BASK-521,2025-06-10 17:36:26,Lechuga,Verduras,2,SPAR-Vegueta
TCK-70521,BASK-521,2025-06-10 17:36:26,Salsa mexicana,Salsas,2,SPAR-Vegueta
TCK-70521,BASK-521,2025-06-10 17:36:26,Arroz,Cereales,2,SPAR-Vegueta
TCK-70521,BASK-521,2025-06-10 17:36:26,Yogur natural,Lácteos,1,SPAR-Vegueta
TCK-70521,BASK-521,2025-06-10 17:36:26,Mantequilla,Lácteos,3,SPAR-Vegueta
TCK-70521,BASK-521,2025-06-10 17:36:26,Refresco cola,Bebidas,3,SPAR-Vegueta
TCK-70522,BASK-522,2025-03-25 18:06:26,Helado de vainilla,Congelados,1,HiperDino-SietePalmas
TCK-70522,BASK-522,2025-03-25 18:06:26,Tomates,Verduras,3,HiperDino-SietePalmas
TCK-70522,BASK-522,2025-03-25 18:06:26,Pasta,Cereales,1,HiperDino-SietePalmas
TCK-70522,BASK-522,2025-03-25 18:06:26,Cerveza,Bebidas,1,HiperDino-SietePalmas
TCK-70523,BASK-523,2025-03-30 11:30:26,Manzanas,Frutas,1,HiperDino-SietePalmas
TCK-70523,BASK-523,2025-03-30 11:30:26,Plátanos,Frutas,1,HiperDino-SietePalmas
TCK-70523,BASK-523,2025-03-30 11:30:26,Aceite de oliva,Aceites,3,HiperDino-SietePalmas
TCK-70523,BASK-523,2025-03-30 11:30:26,Lechuga,Verduras,3,HiperDino-SietePalmas
TCK-70523,BASK-523,2025-03-30 11:30:26,Salsa mexicana,Salsas,2,HiperDino-SietePalmas
TCK-70523,BASK-523,2025-03-30 11:30:26,Cerveza,Bebidas,1,HiperDino-SietePalmas
TCK-70524,BASK-524,2025-02-17 17:59:26,Cereal de desayuno,Cereales,1,SPAR-Telde
TCK-70524,BASK-524,2025-02-17 17:59:26,Patatas fritas bolsa,Snacks,3,SPAR-Telde
TCK-70524,BASK-524,2025-02-17 17:59:26,Mermelada de fresa,Conservas,2,SPAR-Telde
TCK-70524,BASK-524,2025-02-17 17:59:26,Leche entera,Lácteos,3,SPAR-Telde
TCK-70524,BASK-524,2025-02-17 17:59:26,Galletas,Dulces,1,SPAR-Telde
TCK-70524,BASK-524,2025-02-17 17:59:26,Pizza congelada,Congelados,2,SPAR-Telde
TCK-70525,BASK-525,2024-12-27 20:35:26,Carne picada,Carnicería,3,Mercadona-Triana
TCK-70525,BASK-525,2024-12-27 20:35:26,Patatas fritas bolsa,Snacks,1,Mercadona-Triana
TCK-70525,BASK-525,2024-12-27 20:35:26,Salsa de tomate,Conservas,1,Mercadona-Triana
TCK-70525,BASK-525,2024-12-27 20:35:26,Salsa mexicana,Salsas,2,Mercadona-Triana
TCK-70525,BASK-525,2024-12-27 20:35:26,Pan de barra,Panadería,2,Mercadona-Triana
TCK-70525,BASK-525,2024-12-27 20:35:26,Huevos,Lácteos,2,Mercadona-Triana
TCK-70525,BASK-525,2024-12-27 20:35:26,Café molido,Bebidas,1,Mercadona-Triana
TCK-70525,BASK-525,2024-12-27 20:35:26,Refresco cola,Bebidas,2,Mercadona-Triana
TCK-70525,BASK-525,2024-12-27 20:35:26,Leche entera,Lácteos,2,Mercadona-Triana
TCK-70525,BASK-525,2024-12-27 20:35:26,ColaCao,Bebidas,1,Mercadona-Triana
TCK-70526,BASK-526,2025-03-01 13:01:26,Cereal de desayuno,Cereales,2,HiperDino-SietePalmas
TCK-70526,BASK-526,2025-03-01 13:01:26,Pasta,Cereales,1,HiperDino-SietePalmas
TCK-70526,BASK-526,2025-03-01 13:01:26,Pan de hamburguesa,Panadería,1,HiperDino-SietePalmas
TCK-70526,BASK-526,2025-03-01 13:01:26,Aceite de oliva,Aceites,1,HiperDino-SietePalmas
TCK-70526,BASK-526,2025-03-01 13:01:26,Yogur natural,Lácteos,3,HiperDino-SietePalmas
TCK-70526,BASK-526,2025-03-01 13:01:26,Galletas,Dulces,1,HiperDino-SietePalmas
TCK-70526,BASK-526,2025-03-01 13:01:26,ColaCao,Bebidas,1,HiperDino-SietePalmas
TCK-70526,BASK-526,2025-03-01 13:01:26,Pañales,Bebé,2,HiperDino-SietePalmas
TCK-70526,BASK-526,2025-03-01 13:01:26,Cerveza,Bebidas,3,HiperDino-SietePalmas
TCK-70527,BASK-527,2025-10-26 19:06:26,Nachos de maíz,Snacks,3,SPAR-Vegueta
TCK-70527,BASK-527,2025-10-26 19:06:26,Huevos,Lácteos,3,SPAR-Vegueta
TCK-70527,BASK-527,2025-10-26 19:06:26,Refresco cola,Bebidas,3,SPAR-Vegueta
TCK-70527,BASK-527,2025-10-26 19:06:26,Cerveza,Bebidas,1,SPAR-Vegueta
TCK-70528,BASK-528,2024-12-27 22:10:26,Arroz,Cereales,3,SPAR-Vegueta
TCK-70528,BASK-528,2024-12-27 22:10:26,Mantequilla,Lácteos,1,SPAR-Vegueta
TCK-70528,BASK-528,2024-12-27 22:10:26,Vino tinto,Bebidas,3,SPAR-Vegueta
TCK-70528,BASK-528,2024-12-27 22:10:26,Pan de molde,Panadería,2,SPAR-Vegueta
TCK-70528,BASK-528,2024-12-27 22:10:26,Pañales,Bebé,1,SPAR-Vegueta
TCK-70529,BASK-529,2025-11-08 12:10:26,Carne picada,Carnicería,1,SPAR-Telde
TCK-70529,BASK-529,2025-11-08 12:10:26,Pan de hamburguesa,Panadería,1,SPAR-Telde
TCK-70529,BASK-529,2025-11-08 12:10:26,Tomates,Verduras,3,SPAR-Telde
TCK-70529,BASK-529,2025-11-08 12:10:26,Aceite de oliva,Aceites,2,SPAR-Telde
TCK-70529,BASK-529,2025-11-08 12:10:26,Salsa mexicana,Salsas,2,SPAR-Telde
TCK-70529,BASK-529,2025-11-08 12:10:26,Nachos de maíz,Snacks,3,SPAR-Telde
TCK-70529,BASK-529,2025-11-08 12:10:26,Pizza congelada,Congelados,2,SPAR-Telde
TCK-70530,BASK-530,2024-12-13 14:11:26,Cereal de desayuno,Cereales,3,SPAR-Telde
TCK-70530,BASK-530,2024-12-13 14:11:26,Patatas fritas bolsa,Snacks,2,SPAR-Telde
TCK-70530,BASK-530,2024-12-13 14:11:26,Mermelada de fresa,Conservas,1,SPAR-Telde
TCK-70530,BASK-530,2024-12-13 14:11:26,Tomates,Verduras,3,SPAR-Telde
TCK-70530,BASK-530,2024-12-13 14:11:26,Lechuga,Verduras,3,SPAR-Telde
TCK-70530,BASK-530,2024-12-13 14:11:26,Arroz,Cereales,1,SPAR-Telde
TCK-70530,BASK-530,2024-12-13 14:11:26,Guacamole refrigerado,Refrigerados,2,SPAR-Telde
TCK-70530,BASK-530,2024-12-13 14:11:26,Pan de molde,Panadería,3,SPAR-Telde
TCK-70530,BASK-530,2024-12-13 14:11:26,Pañales,Bebé,2,SPAR-Telde
TCK-70530,BASK-530,2024-12-13 14:11:26,Cerveza,Bebidas,1,SPAR-Telde
TCK-70531,BASK-531,2025-09-05 19:23:26,Pasta,Cereales,1,SPAR-Vegueta
TCK-70531,BASK-531,2025-09-05 19:23:26,Cereal de desayuno,Cereales,1,SPAR-Vegueta
TCK-70531,BASK-531,2025-09-05 19:23:26,Pan de hamburguesa,Panadería,1,SPAR-Vegueta
TCK-70531,BASK-531,2025-09-05 19:23:26,Salsa de tomate,Conservas,2,SPAR-Vegueta
TCK-70531,BASK-531,2025-09-05 19:23:26,Aceite de oliva,Aceites,3,SPAR-Vegueta
TCK-70531,BASK-531,2025-09-05 19:23:26,Salsa mexicana,Salsas,1,SPAR-Vegueta
TCK-70531,BASK-531,2025-09-05 19:23:26,Queso curado,Lácteos,2,SPAR-Vegueta
TCK-70531,BASK-531,2025-09-05 19:23:26,Nachos de maíz,Snacks,1,SPAR-Vegueta
TCK-70531,BASK-531,2025-09-05 19:23:26,Huevos,Lácteos,2,SPAR-Vegueta
TCK-70531,BASK-531,2025-09-05 19:23:26,Pan de molde,Panadería,1,SPAR-Vegueta
TCK-70532,BASK-532,2025-04-18 15:26:26,Pan de molde,Panadería,1,Mercadona-Triana
TCK-70532,BASK-532,2025-04-18 15:26:26,Carne picada,Carnicería,3,Mercadona-Triana
TCK-70532,BASK-532,2025-04-18 15:26:26,Guacamole refrigerado,Refrigerados,2,Mercadona-Triana
TCK-70532,BASK-532,2025-04-18 15:26:26,Mermelada de fresa,Conservas,1,Mercadona-Triana
TCK-70533,BASK-533,2025-07-29 17:03:26,Patatas fritas bolsa,Snacks,1,Mercadona-Triana
TCK-70533,BASK-533,2025-07-29 17:03:26,Helado de vainilla,Congelados,3,Mercadona-Triana
TCK-70533,BASK-533,2025-07-29 17:03:26,Nachos de maíz,Snacks,3,Mercadona-Triana
TCK-70533,BASK-533,2025-07-29 17:03:26,Guacamole refrigerado,Refrigerados,3,Mercadona-Triana
TCK-70533,BASK-533,2025-07-29 17:03:26,Refresco cola,Bebidas,3,Mercadona-Triana
TCK-70533,BASK-533,2025-07-29 17:03:26,Vino tinto,Bebidas,2,Mercadona-Triana
TCK-70533,BASK-533,2025-07-29 17:03:26,Pan de molde,Panadería,2,Mercadona-Triana
TCK-70533,BASK-533,2025-07-29 17:03:26,Cerveza,Bebidas,2,Mercadona-Triana
TCK-70534,BASK-534,2025-01-21 17:56:26,Pasta,Cereales,2,SPAR-Telde
TCK-70534,BASK-534,2025-01-21 17:56:26,Pan de hamburguesa,Panadería,2,SPAR-Telde
TCK-70534,BASK-534,2025-01-21 17:56:26,Salsa de tomate,Conservas,3,SPAR-Telde
TCK-70534,BASK-534,2025-01-21 17:56:26,Lechuga,Verduras,2,SPAR-Telde
TCK-70534,BASK-534,2025-01-21 17:56:26,ColaCao,Bebidas,1,SPAR-Telde
TCK-70535,BASK-535,2025-04-13 20:37:26,Cereal de desayuno,Cereales,1,SPAR-Telde
TCK-70535,BASK-535,2025-04-13 20:37:26,Manzanas,Frutas,3,SPAR-Telde
TCK-70535,BASK-535,2025-04-13 20:37:26,Carne picada,Carnicería,1,SPAR-Telde
TCK-70535,BASK-535,2025-04-13 20:37:26,Plátanos,Frutas,1,SPAR-Telde
TCK-70535,BASK-535,2025-04-13 20:37:26,Aceite de oliva,Aceites,3,SPAR-Telde
TCK-70535,BASK-535,2025-04-13 20:37:26,Huevos,Lácteos,1,SPAR-Telde
TCK-70535,BASK-535,2025-04-13 20:37:26,Pañales,Bebé,1,SPAR-Telde
TCK-70536,BASK-536,2025-01-11 20:23:26,Pasta,Cereales,3,Mercadona-Triana
TCK-70536,BASK-536,2025-01-11 20:23:26,Salsa de tomate,Conservas,1,Mercadona-Triana
TCK-70536,BASK-536,2025-01-11 20:23:26,Pan de barra,Panadería,1,Mercadona-Triana
TCK-70536,BASK-536,2025-01-11 20:23:26,Leche entera,Lácteos,2,Mercadona-Triana
TCK-70536,BASK-536,2025-01-11 20:23:26,ColaCao,Bebidas,2,Mercadona-Triana
TCK-70536,BASK-536,2025-01-11 20:23:26,Cerveza,Bebidas,2,Mercadona-Triana
TCK-70537,BASK-537,2025-06-09 12:52:26,Patatas fritas bolsa,Snacks,2,SPAR-Telde
TCK-70537,BASK-537,2025-06-09 12:52:26,Salsa de tomate,Conservas,1,SPAR-Telde
TCK-70537,BASK-537,2025-06-09 12:52:26,Aceite de oliva,Aceites,3,SPAR-Telde
TCK-70537,BASK-537,2025-06-09 12:52:26,Yogur natural,Lácteos,2,SPAR-Telde
TCK-70537,BASK-537,2025-06-09 12:52:26,Helado de vainilla,Congelados,3,SPAR-Telde
TCK-70537,BASK-537,2025-06-09 12:52:26,Huevos,Lácteos,2,SPAR-Telde
TCK-70537,BASK-537,2025-06-09 12:52:26,Vino tinto,Bebidas,3,SPAR-Telde
TCK-70537,BASK-537,2025-06-09 12:52:26,Galletas,Dulces,1,SPAR-Telde
TCK-70537,BASK-537,2025-06-09 12:52:26,Leche entera,Lácteos,3,SPAR-Telde
TCK-70538,BASK-538,2025-07-19 13:47:26,Tomates,Verduras,2,HiperDino-SietePalmas
TCK-70538,BASK-538,2025-07-19 13:47:26,Salsa mexicana,Salsas,3,HiperDino-SietePalmas
TCK-70538,BASK-538,2025-07-19 13:47:26,Pan de barra,Panadería,1,HiperDino-SietePalmas
TCK-70538,BASK-538,2025-07-19 13:47:26,Nachos de maíz,Snacks,2,HiperDino-SietePalmas
TCK-70538,BASK-538,2025-07-19 13:47:26,Huevos,Lácteos,1,HiperDino-SietePalmas
TCK-70538,BASK-538,2025-07-19 13:47:26,Guacamole refrigerado,Refrigerados,1,HiperDino-SietePalmas
TCK-70538,BASK-538,2025-07-19 13:47:26,Café molido,Bebidas,2,HiperDino-SietePalmas
TCK-70538,BASK-538,2025-07-19 13:47:26,Refresco cola,Bebidas,2,HiperDino-SietePalmas
TCK-70538,BASK-538,2025-07-19 13:47:26,Galletas,Dulces,3,HiperDino-SietePalmas
TCK-70539,BASK-539,2025-03-09 17:40:26,Pechuga de pollo,Carnicería,2,SPAR-Telde
TCK-70539,BASK-539,2025-03-09 17:40:26,Pan de hamburguesa,Panadería,1,SPAR-Telde
TCK-70539,BASK-539,2025-03-09 17:40:26,Salsa mexicana,Salsas,1,SPAR-Telde
TCK-70539,BASK-539,2025-03-09 17:40:26,Arroz,Cereales,1,SPAR-Telde
TCK-70539,BASK-539,2025-03-09 17:40:26,Refresco cola,Bebidas,1,SPAR-Telde
TCK-70539,BASK-539,2025-03-09 17:40:26,Pañales,Bebé,3,SPAR-Telde
TCK-70540,BASK-540,2025-01-25 12:09:26,Café molido,Bebidas,3,HiperDino-SietePalmas
TCK-70540,BASK-540,2025-01-25 12:09:26,Guacamole refrigerado,Refrigerados,2,HiperDino-SietePalmas
TCK-70540,BASK-540,2025-01-25 12:09:26,Mermelada de fresa,Conservas,3,HiperDino-SietePalmas
TCK-70540,BASK-540,2025-01-25 12:09:26,Tomates,Verduras,3,HiperDino-SietePalmas
TCK-70541,BASK-541,2025-08-08 21:26:26,Pan de hamburguesa,Panadería,1,SPAR-Telde
TCK-70541,BASK-541,2025-08-08 21:26:26,Tomates,Verduras,1,SPAR-Telde
TCK-70541,BASK-541,2025-08-08 21:26:26,Leche entera,Lácteos,1,SPAR-Telde
TCK-70541,BASK-541,2025-08-08 21:26:26,Galletas,Dulces,3,SPAR-Telde
TCK-70541,BASK-541,2025-08-08 21:26:26,ColaCao,Bebidas,3,SPAR-Telde
TCK-70542,BASK-542,2025-04-11 16:10:26,Patatas fritas bolsa,Snacks,3,SPAR-Vegueta
TCK-70542,BASK-542,2025-04-11 16:10:26,Tomates,Verduras,1,SPAR-Vegueta
TCK-70542,BASK-542,2025-04-11 16:10:26,Aceite de oliva,Aceites,3,SPAR-Vegueta
TCK-70542,BASK-542,2025-04-11 16:10:26,Salsa mexicana,Salsas,1,SPAR-Vegueta
TCK-70542,BASK-542,2025-04-11 16:10:26,Lechuga,Verduras,3,SPAR-Vegueta
TCK-70542,BASK-542,2025-04-11 16:10:26,Queso curado,Lácteos,2,SPAR-Vegueta
TCK-70542,BASK-542,2025-04-11 16:10:26,Café molido,Bebidas,1,SPAR-Vegueta
TCK-70542,BASK-542,2025-04-11 16:10:26,Refresco cola,Bebidas,3,SPAR-Vegueta
TCK-70542,BASK-542,2025-04-11 16:10:26,Pizza congelada,Congelados,3,SPAR-Vegueta
TCK-70543,BASK-543,2024-11-28 18:28:26,Pechuga de pollo,Carnicería,3,SPAR-Vegueta
TCK-70543,BASK-543,2024-11-28 18:28:26,Lechuga,Verduras,3,SPAR-Vegueta
TCK-70543,BASK-543,2024-11-28 18:28:26,Arroz,Cereales,3,SPAR-Vegueta
TCK-70543,BASK-543,2024-11-28 18:28:26,Mantequilla,Lácteos,3,SPAR-Vegueta
TCK-70543,BASK-543,2024-11-28 18:28:26,Queso curado,Lácteos,2,SPAR-Vegueta
TCK-70543,BASK-543,2024-11-28 18:28:26,Nachos de maíz,Snacks,2,SPAR-Vegueta
TCK-70543,BASK-543,2024-11-28 18:28:26,Guacamole refrigerado,Refrigerados,3,SPAR-Vegueta
TCK-70543,BASK-543,2024-11-28 18:28:26,Pañales,Bebé,1,SPAR-Vegueta
TCK-70544,BASK-544,2025-08-11 18:12:26,Cereal de desayuno,Cereales,3,SPAR-Vegueta
TCK-70544,BASK-544,2025-08-11 18:12:26,Salsa de tomate,Conservas,1,SPAR-Vegueta
TCK-70544,BASK-544,2025-08-11 18:12:26,Helado de vainilla,Congelados,3,SPAR-Vegueta
TCK-70544,BASK-544,2025-08-11 18:12:26,Nachos de maíz,Snacks,3,SPAR-Vegueta
TCK-70544,BASK-544,2025-08-11 18:12:26,Leche entera,Lácteos,3,SPAR-Vegueta
TCK-70544,BASK-544,2025-08-11 18:12:26,Vino tinto,Bebidas,2,SPAR-Vegueta
TCK-70544,BASK-544,2025-08-11 18:12:26,Pañales,Bebé,1,SPAR-Vegueta
TCK-70544,BASK-544,2025-08-11 18:12:26,Cerveza,Bebidas,3,SPAR-Vegueta
TCK-70545,BASK-545,2025-08-04 22:18:26,Salsa de tomate,Conservas,2,Mercadona-Triana
TCK-70545,BASK-545,2025-08-04 22:18:26,Arroz,Cereales,2,Mercadona-Triana
TCK-70545,BASK-545,2025-08-04 22:18:26,Guacamole refrigerado,Refrigerados,2,Mercadona-Triana
TCK-70545,BASK-545,2025-08-04 22:18:26,Galletas,Dulces,2,Mercadona-Triana
TCK-70545,BASK-545,2025-08-04 22:18:26,Pan de molde,Panadería,3,Mercadona-Triana
TCK-70545,BASK-545,2025-08-04 22:18:26,Cerveza,Bebidas,3,Mercadona-Triana
TCK-70546,BASK-546,2025-01-17 17:28:26,Cereal de desayuno,Cereales,1,SPAR-Telde
TCK-70546,BASK-546,2025-01-17 17:28:26,Pechuga de pollo,Carnicería,3,SPAR-Telde
TCK-70546,BASK-546,2025-01-17 17:28:26,Salsa mexicana,Salsas,2,SPAR-Telde
TCK-70546,BASK-546,2025-01-17 17:28:26,Leche entera,Lácteos,2,SPAR-Telde
TCK-70546,BASK-546,2025-01-17 17:28:26,Cerveza,Bebidas,1,SPAR-Telde
TCK-70547,BASK-547,2025-01-14 23:38:26,Carne picada,Carnicería,3,Mercadona-Triana
TCK-70547,BASK-547,2025-01-14 23:38:26,Tomates,Verduras,1,Mercadona-Triana
TCK-70547,BASK-547,2025-01-14 23:38:26,Mantequilla,Lácteos,2,Mercadona-Triana
TCK-70547,BASK-547,2025-01-14 23:38:26,Queso curado,Lácteos,3,Mercadona-Triana
TCK-70547,BASK-547,2025-01-14 23:38:26,Cerveza,Bebidas,1,Mercadona-Triana
TCK-70548,BASK-548,2025-09-23 15:50:26,Pasta,Cereales,2,SPAR-Telde
TCK-70548,BASK-548,2025-09-23 15:50:26,Aceite de oliva,Aceites,3,SPAR-Telde
TCK-70548,BASK-548,2025-09-23 15:50:26,Lechuga,Verduras,2,SPAR-Telde
TCK-70548,BASK-548,2025-09-23 15:50:26,Arroz,Cereales,3,SPAR-Telde
TCK-70548,BASK-548,2025-09-23 15:50:26,Pizza congelada,Congelados,2,SPAR-Telde
TCK-70549,BASK-549,2025-09-12 12:14:26,Café molido,Bebidas,1,SPAR-Telde
TCK-70549,BASK-549,2025-09-12 12:14:26,Cerveza,Bebidas,3,SPAR-Telde
TCK-70549,BASK-549,2025-09-12 12:14:26,Pizza congelada,Congelados,2,SPAR-Telde
TCK-70550,BASK-550,2025-09-14 18:02:26,Plátanos,Frutas,2,HiperDino-SietePalmas
TCK-70550,BASK-550,2025-09-14 18:02:26,Mermelada de fresa,Conservas,1,HiperDino-SietePalmas
TCK-70550,BASK-550,2025-09-14 18:02:26,Salsa mexicana,Salsas,1,HiperDino-SietePalmas
TCK-70550,BASK-550,2025-09-14 18:02:26,Lechuga,Verduras,2,HiperDino-SietePalmas
TCK-70550,BASK-550,2025-09-14 18:02:26,Mantequilla,Lácteos,2,HiperDino-SietePalmas
TCK-70550,BASK-550,2025-09-14 18:02:26,Helado de vainilla,Congelados,1,HiperDino-SietePalmas
TCK-70550,BASK-550,2025-09-14 18:02:26,Vino tinto,Bebidas,3,HiperDino-SietePalmas
TCK-70550,BASK-550,2025-09-14 18:02:26,Galletas,Dulces,2,HiperDino-SietePalmas
TCK-70550,BASK-550,2025-09-14 18:02:26,Pizza congelada,Congelados,3,HiperDino-SietePalmas
TCK-70551,BASK-551,2025-04-15 16:55:26,Salsa mexicana,Salsas,2,HiperDino-SietePalmas
TCK-70551,BASK-551,2025-04-15 16:55:26,Patatas fritas bolsa,Snacks,3,HiperDino-SietePalmas
TCK-70551,BASK-551,2025-04-15 16:55:26,Refresco cola,Bebidas,2,HiperDino-SietePalmas
TCK-70551,BASK-551,2025-04-15 16:55:26,Aceite de oliva,Aceites,3,HiperDino-SietePalmas
TCK-70552,BASK-552,2025-06-08 17:36:26,Salsa mexicana,Salsas,3,SPAR-Telde
TCK-70552,BASK-552,2025-06-08 17:36:26,Arroz,Cereales,3,SPAR-Telde
TCK-70552,BASK-552,2025-06-08 17:36:26,Mantequilla,Lácteos,2,SPAR-Telde
TCK-70553,BASK-553,2025-09-01 12:16:26,Pechuga de pollo,Carnicería,1,SPAR-Telde
TCK-70553,BASK-553,2025-09-01 12:16:26,Manzanas,Frutas,2,SPAR-Telde
TCK-70553,BASK-553,2025-09-01 12:16:26,Patatas fritas bolsa,Snacks,1,SPAR-Telde
TCK-70553,BASK-553,2025-09-01 12:16:26,Mermelada de fresa,Conservas,2,SPAR-Telde
TCK-70553,BASK-553,2025-09-01 12:16:26,Yogur natural,Lácteos,3,SPAR-Telde
TCK-70553,BASK-553,2025-09-01 12:16:26,Pan de molde,Panadería,3,SPAR-Telde
TCK-70554,BASK-554,2025-09-24 23:50:26,Café molido,Bebidas,3,HiperDino-SietePalmas
TCK-70554,BASK-554,2025-09-24 23:50:26,Patatas fritas bolsa,Snacks,1,HiperDino-SietePalmas
TCK-70554,BASK-554,2025-09-24 23:50:26,Aceite de oliva,Aceites,1,HiperDino-SietePalmas
TCK-70555,BASK-555,2025-08-19 17:35:26,Aceite de oliva,Aceites,1,HiperDino-SietePalmas
TCK-70555,BASK-555,2025-08-19 17:35:26,Salsa mexicana,Salsas,1,HiperDino-SietePalmas
TCK-70555,BASK-555,2025-08-19 17:35:26,Arroz,Cereales,1,HiperDino-SietePalmas
TCK-70555,BASK-555,2025-08-19 17:35:26,Yogur natural,Lácteos,1,HiperDino-SietePalmas
TCK-70555,BASK-555,2025-08-19 17:35:26,Pan de molde,Panadería,3,HiperDino-SietePalmas
TCK-70556,BASK-556,2025-10-17 20:10:26,Manzanas,Frutas,3,SPAR-Vegueta
TCK-70556,BASK-556,2025-10-17 20:10:26,Leche entera,Lácteos,1,SPAR-Vegueta
TCK-70556,BASK-556,2025-10-17 20:10:26,ColaCao,Bebidas,2,SPAR-Vegueta
TCK-70556,BASK-556,2025-10-17 20:10:26,Mantequilla,Lácteos,2,SPAR-Vegueta
TCK-70557,BASK-557,2025-03-03 15:44:26,Pan de hamburguesa,Panadería,2,HiperDino-SietePalmas
TCK-70557,BASK-557,2025-03-03 15:44:26,Tomates,Verduras,1,HiperDino-SietePalmas
TCK-70557,BASK-557,2025-03-03 15:44:26,Salsa mexicana,Salsas,2,HiperDino-SietePalmas
TCK-70557,BASK-557,2025-03-03 15:44:26,Mantequilla,Lácteos,2,HiperDino-SietePalmas
TCK-70557,BASK-557,2025-03-03 15:44:26,Cerveza,Bebidas,3,HiperDino-SietePalmas
TCK-70558,BASK-558,2025-06-15 16:53:26,Pasta,Cereales,3,Mercadona-Triana
TCK-70558,BASK-558,2025-06-15 16:53:26,Carne picada,Carnicería,1,Mercadona-Triana
TCK-70558,BASK-558,2025-06-15 16:53:26,Plátanos,Frutas,2,Mercadona-Triana
TCK-70558,BASK-558,2025-06-15 16:53:26,Patatas fritas bolsa,Snacks,3,Mercadona-Triana
TCK-70558,BASK-558,2025-06-15 16:53:26,Aceite de oliva,Aceites,3,Mercadona-Triana
TCK-70558,BASK-558,2025-06-15 16:53:26,Yogur natural,Lácteos,2,Mercadona-Triana
TCK-70558,BASK-558,2025-06-15 16:53:26,Nachos de maíz,Snacks,2,Mercadona-Triana
TCK-70558,BASK-558,2025-06-15 16:53:26,Refresco cola,Bebidas,1,Mercadona-Triana
TCK-70558,BASK-558,2025-06-15 16:53:26,Pizza congelada,Congelados,2,Mercadona-Triana
TCK-70559,BASK-559,2025-04-18 21:51:26,Cereal de desayuno,Cereales,1,SPAR-Vegueta
TCK-70559,BASK-559,2025-04-18 21:51:26,Pechuga de pollo,Carnicería,2,SPAR-Vegueta
TCK-70559,BASK-559,2025-04-18 21:51:26,Manzanas,Frutas,1,SPAR-Vegueta
TCK-70559,BASK-559,2025-04-18 21:51:26,Arroz,Cereales,1,SPAR-Vegueta
TCK-70559,BASK-559,2025-04-18 21:51:26,Yogur natural,Lácteos,3,SPAR-Vegueta
TCK-70559,BASK-559,2025-04-18 21:51:26,Pan de barra,Panadería,1,SPAR-Vegueta
TCK-70559,BASK-559,2025-04-18 21:51:26,Nachos de maíz,Snacks,2,SPAR-Vegueta
TCK-70559,BASK-559,2025-04-18 21:51:26,Vino tinto,Bebidas,2,SPAR-Vegueta
TCK-70559,BASK-559,2025-04-18 21:51:26,Pizza congelada,Congelados,2,SPAR-Vegueta
TCK-70560,BASK-560,2025-06-10 13:08:26,Pasta,Cereales,2,SPAR-Telde
TCK-70560,BASK-560,2025-06-10 13:08:26,Manzanas,Frutas,1,SPAR-Telde
TCK-70560,BASK-560,2025-06-10 13:08:26,Cereal de desayuno,Cereales,3,SPAR-Telde
TCK-70560,BASK-560,2025-06-10 13:08:26,Salsa de tomate,Conservas,2,SPAR-Telde
TCK-70560,BASK-560,2025-06-10 13:08:26,Aceite de oliva,Aceites,2,SPAR-Telde
TCK-70560,BASK-560,2025-06-10 13:08:26,Arroz,Cereales,3,SPAR-Telde
TCK-70560,BASK-560,2025-06-10 13:08:26,Pan de barra,Panadería,2,SPAR-Telde
TCK-70560,BASK-560,2025-06-10 13:08:26,Guacamole refrigerado,Refrigerados,3,SPAR-Telde
TCK-70560,BASK-560,2025-06-10 13:08:26,Refresco cola,Bebidas,1,SPAR-Telde
TCK-70560,BASK-560,2025-06-10 13:08:26,Pan de molde,Panadería,2,SPAR-Telde
TCK-70561,BASK-561,2025-11-15 11:30:26,Pechuga de pollo,Carnicería,3,HiperDino-SietePalmas
TCK-70561,BASK-561,2025-11-15 11:30:26,Carne picada,Carnicería,2,HiperDino-SietePalmas
TCK-70561,BASK-561,2025-11-15 11:30:26,Pan de hamburguesa,Panadería,2,HiperDino-SietePalmas
TCK-70561,BASK-561,2025-11-15 11:30:26,Patatas fritas bolsa,Snacks,3,HiperDino-SietePalmas
TCK-70561,BASK-561,2025-11-15 11:30:26,Tomates,Verduras,2,HiperDino-SietePalmas
TCK-70561,BASK-561,2025-11-15 11:30:26,Lechuga,Verduras,3,HiperDino-SietePalmas
TCK-70561,BASK-561,2025-11-15 11:30:26,Helado de vainilla,Congelados,1,HiperDino-SietePalmas
TCK-70561,BASK-561,2025-11-15 11:30:26,Guacamole refrigerado,Refrigerados,1,HiperDino-SietePalmas
TCK-70561,BASK-561,2025-11-15 11:30:26,Vino tinto,Bebidas,3,HiperDino-SietePalmas
TCK-70562,BASK-562,2025-01-27 17:17:26,Aceite de oliva,Aceites,3,SPAR-Telde
TCK-70562,BASK-562,2025-01-27 17:17:26,Lechuga,Verduras,2,SPAR-Telde
TCK-70562,BASK-562,2025-01-27 17:17:26,Yogur natural,Lácteos,2,SPAR-Telde
TCK-70562,BASK-562,2025-01-27 17:17:26,Pañales,Bebé,2,SPAR-Telde
TCK-70562,BASK-562,2025-01-27 17:17:26,Cerveza,Bebidas,2,SPAR-Telde
TCK-70563,BASK-563,2025-03-13 19:20:26,Manzanas,Frutas,2,SPAR-Vegueta
TCK-70563,BASK-563,2025-03-13 19:20:26,Salsa de tomate,Conservas,3,SPAR-Vegueta
TCK-70563,BASK-563,2025-03-13 19:20:26,Plátanos,Frutas,1,SPAR-Vegueta
TCK-70563,BASK-563,2025-03-13 19:20:26,Aceite de oliva,Aceites,2,SPAR-Vegueta
TCK-70563,BASK-563,2025-03-13 19:20:26,Yogur natural,Lácteos,2,SPAR-Vegueta
TCK-70563,BASK-563,2025-03-13 19:20:26,Nachos de maíz,Snacks,3,SPAR-Vegueta
TCK-70563,BASK-563,2025-03-13 19:20:26,Vino tinto,Bebidas,2,SPAR-Vegueta
TCK-70563,BASK-563,2025-03-13 19:20:26,Galletas,Dulces,2,SPAR-Vegueta
TCK-70563,BASK-563,2025-03-13 19:20:26,Pan de molde,Panadería,1,SPAR-Vegueta
TCK-70563,BASK-563,2025-03-13 19:20:26,Pañales,Bebé,1,SPAR-Vegueta
TCK-70564,BASK-564,2025-11-15 23:09:26,Pasta,Cereales,1,SPAR-Vegueta
TCK-70564,BASK-564,2025-11-15 23:09:26,Carne picada,Carnicería,3,SPAR-Vegueta
TCK-70564,BASK-564,2025-11-15 23:09:26,Tomates,Verduras,1,SPAR-Vegueta
TCK-70564,BASK-564,2025-11-15 23:09:26,Salsa mexicana,Salsas,1,SPAR-Vegueta
TCK-70564,BASK-564,2025-11-15 23:09:26,Vino tinto,Bebidas,2,SPAR-Vegueta
TCK-70564,BASK-564,2025-11-15 23:09:26,ColaCao,Bebidas,3,SPAR-Vegueta
TCK-70564,BASK-564,2025-11-15 23:09:26,Pizza congelada,Congelados,2,SPAR-Vegueta
TCK-70565,BASK-565,2024-12-13 20:15:26,Manzanas,Frutas,3,Mercadona-Triana
TCK-70565,BASK-565,2024-12-13 20:15:26,Salsa de tomate,Conservas,2,Mercadona-Triana
TCK-70565,BASK-565,2024-12-13 20:15:26,Mermelada de fresa,Conservas,3,Mercadona-Triana
TCK-70565,BASK-565,2024-12-13 20:15:26,Arroz,Cereales,3,Mercadona-Triana
TCK-70565,BASK-565,2024-12-13 20:15:26,Mantequilla,Lácteos,3,Mercadona-Triana
TCK-70565,BASK-565,2024-12-13 20:15:26,Helado de vainilla,Congelados,1,Mercadona-Triana
TCK-70565,BASK-565,2024-12-13 20:15:26,Huevos,Lácteos,3,Mercadona-Triana
TCK-70565,BASK-565,2024-12-13 20:15:26,Vino tinto,Bebidas,2,Mercadona-Triana
TCK-70565,BASK-565,2024-12-13 20:15:26,Pan de molde,Panadería,2,Mercadona-Triana
TCK-70565,BASK-565,2024-12-13 20:15:26,Pizza congelada,Congelados,2,Mercadona-Triana
TCK-70566,BASK-566,2025-01-23 12:31:26,Carne picada,Carnicería,2,SPAR-Telde
TCK-70566,BASK-566,2025-01-23 12:31:26,Salsa de tomate,Conservas,3,SPAR-Telde
TCK-70566,BASK-566,2025-01-23 12:31:26,Plátanos,Frutas,2,SPAR-Telde
TCK-70566,BASK-566,2025-01-23 12:31:26,Salsa mexicana,Salsas,3,SPAR-Telde
TCK-70566,BASK-566,2025-01-23 12:31:26,Queso curado,Lácteos,1,SPAR-Telde
TCK-70566,BASK-566,2025-01-23 12:31:26,Nachos de maíz,Snacks,2,SPAR-Telde
TCK-70566,BASK-566,2025-01-23 12:31:26,Galletas,Dulces,1,SPAR-Telde
TCK-70566,BASK-566,2025-01-23 12:31:26,Pañales,Bebé,1,SPAR-Telde
TCK-70566,BASK-566,2025-01-23 12:31:26,Pizza congelada,Congelados,3,SPAR-Telde
TCK-70567,BASK-567,2025-07-18 23:23:26,Manzanas,Frutas,2,Mercadona-Triana
TCK-70567,BASK-567,2025-07-18 23:23:26,Pechuga de pollo,Carnicería,2,Mercadona-Triana
TCK-70567,BASK-567,2025-07-18 23:23:26,Lechuga,Verduras,2,Mercadona-Triana
TCK-70567,BASK-567,2025-07-18 23:23:26,Helado de vainilla,Congelados,2,Mercadona-Triana
TCK-70567,BASK-567,2025-07-18 23:23:26,Huevos,Lácteos,2,Mercadona-Triana
TCK-70567,BASK-567,2025-07-18 23:23:26,Café molido,Bebidas,1,Mercadona-Triana
TCK-70567,BASK-567,2025-07-18 23:23:26,Vino tinto,Bebidas,1,Mercadona-Triana
TCK-70567,BASK-567,2025-07-18 23:23:26,Pan de molde,Panadería,2,Mercadona-Triana
TCK-70567,BASK-567,2025-07-18 23:23:26,Pañales,Bebé,2,Mercadona-Triana
TCK-70568,BASK-568,2025-01-18 23:45:26,Salsa mexicana,Salsas,2,Mercadona-Triana
TCK-70568,BASK-568,2025-01-18 23:45:26,Huevos,Lácteos,1,Mercadona-Triana
TCK-70568,BASK-568,2025-01-18 23:45:26,Guacamole refrigerado,Refrigerados,2,Mercadona-Triana
TCK-70568,BASK-568,2025-01-18 23:45:26,Galletas,Dulces,2,Mercadona-Triana
TCK-70569,BASK-569,2025-02-02 13:07:26,Pechuga de pollo,Carnicería,3,Mercadona-Triana
TCK-70569,BASK-569,2025-02-02 13:07:26,Mermelada de fresa,Conservas,2,Mercadona-Triana
TCK-70569,BASK-569,2025-02-02 13:07:26,Lechuga,Verduras,3,Mercadona-Triana
TCK-70569,BASK-569,2025-02-02 13:07:26,Yogur natural,Lácteos,2,Mercadona-Triana
TCK-70569,BASK-569,2025-02-02 13:07:26,Queso curado,Lácteos,3,Mercadona-Triana
TCK-70569,BASK-569,2025-02-02 13:07:26,Guacamole refrigerado,Refrigerados,1,Mercadona-Triana
TCK-70569,BASK-569,2025-02-02 13:07:26,Refresco cola,Bebidas,3,Mercadona-Triana
TCK-70569,BASK-569,2025-02-02 13:07:26,Pañales,Bebé,2,Mercadona-Triana
TCK-70570,BASK-570,2025-02-16 00:07:26,Pan de barra,Panadería,1,Mercadona-Triana
TCK-70570,BASK-570,2025-02-16 00:07:26,Queso curado,Lácteos,1,Mercadona-Triana
TCK-70570,BASK-570,2025-02-16 00:07:26,Helado de vainilla,Congelados,2,Mercadona-Triana
TCK-70570,BASK-570,2025-02-16 00:07:26,Vino tinto,Bebidas,2,Mercadona-Triana
TCK-70570,BASK-570,2025-02-16 00:07:26,Galletas,Dulces,2,Mercadona-Triana
TCK-70570,BASK-570,2025-02-16 00:07:26,Pizza congelada,Congelados,3,Mercadona-Triana
TCK-70571,BASK-571,2025-06-08 17:42:26,Cereal de desayuno,Cereales,3,SPAR-Telde
TCK-70571,BASK-571,2025-06-08 17:42:26,Mermelada de fresa,Conservas,3,SPAR-Telde
TCK-70571,BASK-571,2025-06-08 17:42:26,Leche entera,Lácteos,1,SPAR-Telde
TCK-70572,BASK-572,2025-06-22 16:43:26,Cereal de desayuno,Cereales,3,Mercadona-Triana
TCK-70572,BASK-572,2025-06-22 16:43:26,Pan de hamburguesa,Panadería,3,Mercadona-Triana
TCK-70572,BASK-572,2025-06-22 16:43:26,Plátanos,Frutas,3,Mercadona-Triana
TCK-70572,BASK-572,2025-06-22 16:43:26,Yogur natural,Lácteos,1,Mercadona-Triana
TCK-70572,BASK-572,2025-06-22 16:43:26,Pan de barra,Panadería,2,Mercadona-Triana
TCK-70572,BASK-572,2025-06-22 16:43:26,Vino tinto,Bebidas,3,Mercadona-Triana
TCK-70572,BASK-572,2025-06-22 16:43:26,Leche entera,Lácteos,2,Mercadona-Triana
TCK-70572,BASK-572,2025-06-22 16:43:26,Pan de molde,Panadería,3,Mercadona-Triana
TCK-70573,BASK-573,2024-12-13 20:46:26,Plátanos,Frutas,3,Mercadona-Triana
TCK-70573,BASK-573,2024-12-13 20:46:26,Mermelada de fresa,Conservas,3,Mercadona-Triana
TCK-70573,BASK-573,2024-12-13 20:46:26,Lechuga,Verduras,1,Mercadona-Triana
TCK-70573,BASK-573,2024-12-13 20:46:26,Huevos,Lácteos,1,Mercadona-Triana
TCK-70573,BASK-573,2024-12-13 20:46:26,Leche entera,Lácteos,3,Mercadona-Triana
TCK-70573,BASK-573,2024-12-13 20:46:26,Galletas,Dulces,2,Mercadona-Triana
TCK-70574,BASK-574,2025-05-08 18:53:26,Cereal de desayuno,Cereales,1,SPAR-Telde
TCK-70574,BASK-574,2025-05-08 18:53:26,Manzanas,Frutas,2,SPAR-Telde
TCK-70574,BASK-574,2025-05-08 18:53:26,Pan de hamburguesa,Panadería,2,SPAR-Telde
TCK-70574,BASK-574,2025-05-08 18:53:26,Salsa de tomate,Conservas,2,SPAR-Telde
TCK-70574,BASK-574,2025-05-08 18:53:26,Pasta,Cereales,3,SPAR-Telde
TCK-70574,BASK-574,2025-05-08 18:53:26,Lechuga,Verduras,3,SPAR-Telde
TCK-70574,BASK-574,2025-05-08 18:53:26,Pan de barra,Panadería,2,SPAR-Telde
TCK-70574,BASK-574,2025-05-08 18:53:26,Queso curado,Lácteos,3,SPAR-Telde
TCK-70574,BASK-574,2025-05-08 18:53:26,ColaCao,Bebidas,2,SPAR-Telde
TCK-70574,BASK-574,2025-05-08 18:53:26,Pizza congelada,Congelados,1,SPAR-Telde
TCK-70575,BASK-575,2025-03-29 14:48:26,Plátanos,Frutas,3,SPAR-Vegueta
TCK-70575,BASK-575,2025-03-29 14:48:26,Salsa mexicana,Salsas,2,SPAR-Vegueta
TCK-70575,BASK-575,2025-03-29 14:48:26,Arroz,Cereales,2,SPAR-Vegueta
TCK-70575,BASK-575,2025-03-29 14:48:26,Mantequilla,Lácteos,3,SPAR-Vegueta
TCK-70575,BASK-575,2025-03-29 14:48:26,Helado de vainilla,Congelados,3,SPAR-Vegueta
TCK-70575,BASK-575,2025-03-29 14:48:26,Café molido,Bebidas,2,SPAR-Vegueta
TCK-70575,BASK-575,2025-03-29 14:48:26,Refresco cola,Bebidas,1,SPAR-Vegueta
TCK-70575,BASK-575,2025-03-29 14:48:26,ColaCao,Bebidas,3,SPAR-Vegueta
TCK-70576,BASK-576,2025-06-01 12:59:26,Pan de hamburguesa,Panadería,1,HiperDino-SietePalmas
TCK-70576,BASK-576,2025-06-01 12:59:26,Plátanos,Frutas,1,HiperDino-SietePalmas
TCK-70576,BASK-576,2025-06-01 12:59:26,Patatas fritas bolsa,Snacks,2,HiperDino-SietePalmas
TCK-70576,BASK-576,2025-06-01 12:59:26,Tomates,Verduras,2,HiperDino-SietePalmas
TCK-70576,BASK-576,2025-06-01 12:59:26,Salsa mexicana,Salsas,3,HiperDino-SietePalmas
TCK-70576,BASK-576,2025-06-01 12:59:26,Arroz,Cereales,3,HiperDino-SietePalmas
TCK-70576,BASK-576,2025-06-01 12:59:26,Café molido,Bebidas,3,HiperDino-SietePalmas
TCK-70576,BASK-576,2025-06-01 12:59:26,Guacamole refrigerado,Refrigerados,3,HiperDino-SietePalmas
TCK-70576,BASK-576,2025-06-01 12:59:26,Vino tinto,Bebidas,1,HiperDino-SietePalmas
TCK-70576,BASK-576,2025-06-01 12:59:26,Galletas,Dulces,3,HiperDino-SietePalmas
TCK-70577,BASK-577,2025-05-09 18:17:26,Manzanas,Frutas,1,SPAR-Telde
TCK-70577,BASK-577,2025-05-09 18:17:26,Arroz,Cereales,3,SPAR-Telde
TCK-70577,BASK-577,2025-05-09 18:17:26,Guacamole refrigerado,Refrigerados,3,SPAR-Telde
TCK-70577,BASK-577,2025-05-09 18:17:26,Refresco cola,Bebidas,1,SPAR-Telde
TCK-70578,BASK-578,2025-10-17 16:00:26,Lechuga,Verduras,2,HiperDino-SietePalmas
TCK-70578,BASK-578,2025-10-17 16:00:26,Yogur natural,Lácteos,1,HiperDino-SietePalmas
TCK-70578,BASK-578,2025-10-17 16:00:26,Pan de barra,Panadería,2,HiperDino-SietePalmas
TCK-70578,BASK-578,2025-10-17 16:00:26,Queso curado,Lácteos,2,HiperDino-SietePalmas
TCK-70578,BASK-578,2025-10-17 16:00:26,Leche entera,Lácteos,3,HiperDino-SietePalmas
TCK-70578,BASK-578,2025-10-17 16:00:26,Vino tinto,Bebidas,2,HiperDino-SietePalmas
TCK-70578,BASK-578,2025-10-17 16:00:26,Pañales,Bebé,1,HiperDino-SietePalmas
TCK-70578,BASK-578,2025-10-17 16:00:26,Cerveza,Bebidas,2,HiperDino-SietePalmas
TCK-70579,BASK-579,2025-07-15 12:09:26,Plátanos,Frutas,2,HiperDino-SietePalmas
TCK-70579,BASK-579,2025-07-15 12:09:26,Pan de barra,Panadería,3,HiperDino-SietePalmas
TCK-70579,BASK-579,2025-07-15 12:09:26,Mantequilla,Lácteos,2,HiperDino-SietePalmas
TCK-70579,BASK-579,2025-07-15 12:09:26,Huevos,Lácteos,1,HiperDino-SietePalmas
TCK-70579,BASK-579,2025-07-15 12:09:26,Cerveza,Bebidas,3,HiperDino-SietePalmas
TCK-70580,BASK-580,2025-08-20 18:28:26,Cereal de desayuno,Cereales,2,Mercadona-Triana
TCK-70580,BASK-580,2025-08-20 18:28:26,Manzanas,Frutas,1,Mercadona-Triana
TCK-70580,BASK-580,2025-08-20 18:28:26,Carne picada,Carnicería,1,Mercadona-Triana
TCK-70580,BASK-580,2025-08-20 18:28:26,Plátanos,Frutas,2,Mercadona-Triana
TCK-70580,BASK-580,2025-08-20 18:28:26,Salsa de tomate,Conservas,3,Mercadona-Triana
TCK-70580,BASK-580,2025-08-20 18:28:26,Pan de hamburguesa,Panadería,1,Mercadona-Triana
TCK-70580,BASK-580,2025-08-20 18:28:26,Cerveza,Bebidas,3,Mercadona-Triana
TCK-70581,BASK-581,2025-05-15 00:18:26,Salsa mexicana,Salsas,1,Mercadona-Triana
TCK-70581,BASK-581,2025-05-15 00:18:26,Queso curado,Lácteos,1,Mercadona-Triana
TCK-70581,BASK-581,2025-05-15 00:18:26,Galletas,Dulces,2,Mercadona-Triana
TCK-70582,BASK-582,2025-04-22 15:13:26,Cereal de desayuno,Cereales,2,SPAR-Vegueta
TCK-70582,BASK-582,2025-04-22 15:13:26,Tomates,Verduras,2,SPAR-Vegueta
TCK-70582,BASK-582,2025-04-22 15:13:26,Refresco cola,Bebidas,3,SPAR-Vegueta
TCK-70582,BASK-582,2025-04-22 15:13:26,Leche entera,Lácteos,2,SPAR-Vegueta
TCK-70582,BASK-582,2025-04-22 15:13:26,ColaCao,Bebidas,1,SPAR-Vegueta
TCK-70583,BASK-583,2025-06-10 22:20:26,Mermelada de fresa,Conservas,2,Mercadona-Triana
TCK-70583,BASK-583,2025-06-10 22:20:26,Tomates,Verduras,1,Mercadona-Triana
TCK-70583,BASK-583,2025-06-10 22:20:26,Helado de vainilla,Congelados,2,Mercadona-Triana
TCK-70583,BASK-583,2025-06-10 22:20:26,Refresco cola,Bebidas,1,Mercadona-Triana
TCK-70583,BASK-583,2025-06-10 22:20:26,Galletas,Dulces,1,Mercadona-Triana
TCK-70584,BASK-584,2025-02-24 00:13:26,Pasta,Cereales,1,SPAR-Vegueta
TCK-70584,BASK-584,2025-02-24 00:13:26,Pechuga de pollo,Carnicería,1,SPAR-Vegueta
TCK-70584,BASK-584,2025-02-24 00:13:26,Pan de hamburguesa,Panadería,2,SPAR-Vegueta
TCK-70584,BASK-584,2025-02-24 00:13:26,Mermelada de fresa,Conservas,2,SPAR-Vegueta
TCK-70584,BASK-584,2025-02-24 00:13:26,Lechuga,Verduras,1,SPAR-Vegueta
TCK-70584,BASK-584,2025-02-24 00:13:26,Arroz,Cereales,3,SPAR-Vegueta
TCK-70584,BASK-584,2025-02-24 00:13:26,Yogur natural,Lácteos,1,SPAR-Vegueta
TCK-70584,BASK-584,2025-02-24 00:13:26,Nachos de maíz,Snacks,1,SPAR-Vegueta
TCK-70584,BASK-584,2025-02-24 00:13:26,ColaCao,Bebidas,2,SPAR-Vegueta
TCK-70584,BASK-584,2025-02-24 00:13:26,Pizza congelada,Congelados,2,SPAR-Vegueta
TCK-70585,BASK-585,2025-03-30 16:06:26,Pechuga de pollo,Carnicería,1,SPAR-Vegueta
TCK-70585,BASK-585,2025-03-30 16:06:26,Plátanos,Frutas,2,SPAR-Vegueta
TCK-70585,BASK-585,2025-03-30 16:06:26,Patatas fritas bolsa,Snacks,3,SPAR-Vegueta
TCK-70585,BASK-585,2025-03-30 16:06:26,Aceite de oliva,Aceites,3,SPAR-Vegueta
TCK-70585,BASK-585,2025-03-30 16:06:26,Arroz,Cereales,1,SPAR-Vegueta
TCK-70585,BASK-585,2025-03-30 16:06:26,Vino tinto,Bebidas,1,SPAR-Vegueta
TCK-70585,BASK-585,2025-03-30 16:06:26,Pan de molde,Panadería,2,SPAR-Vegueta
TCK-70585,BASK-585,2025-03-30 16:06:26,Pañales,Bebé,1,SPAR-Vegueta
TCK-70585,BASK-585,2025-03-30 16:06:26,Cerveza,Bebidas,2,SPAR-Vegueta
TCK-70586,BASK-586,2025-07-27 15:09:26,Pechuga de pollo,Carnicería,3,Mercadona-Triana
TCK-70586,BASK-586,2025-07-27 15:09:26,Patatas fritas bolsa,Snacks,1,Mercadona-Triana
TCK-70586,BASK-586,2025-07-27 15:09:26,Salsa mexicana,Salsas,1,Mercadona-Triana
TCK-70586,BASK-586,2025-07-27 15:09:26,Lechuga,Verduras,1,Mercadona-Triana
TCK-70586,BASK-586,2025-07-27 15:09:26,Arroz,Cereales,1,Mercadona-Triana
TCK-70586,BASK-586,2025-07-27 15:09:26,Helado de vainilla,Congelados,1,Mercadona-Triana
TCK-70586,BASK-586,2025-07-27 15:09:26,Huevos,Lácteos,2,Mercadona-Triana
TCK-70586,BASK-586,2025-07-27 15:09:26,Refresco cola,Bebidas,3,Mercadona-Triana
TCK-70586,BASK-586,2025-07-27 15:09:26,Vino tinto,Bebidas,1,Mercadona-Triana
TCK-70586,BASK-586,2025-07-27 15:09:26,Pañales,Bebé,2,Mercadona-Triana
TCK-70587,BASK-587,2025-04-02 20:54:26,Salsa mexicana,Salsas,3,HiperDino-SietePalmas
TCK-70587,BASK-587,2025-04-02 20:54:26,Plátanos,Frutas,2,HiperDino-SietePalmas
TCK-70587,BASK-587,2025-04-02 20:54:26,Pañales,Bebé,3,HiperDino-SietePalmas
TCK-70587,BASK-587,2025-04-02 20:54:26,Cerveza,Bebidas,2,HiperDino-SietePalmas
TCK-70588,BASK-588,2025-02-19 23:18:26,Pechuga de pollo,Carnicería,3,SPAR-Vegueta
TCK-70588,BASK-588,2025-02-19 23:18:26,Lechuga,Verduras,1,SPAR-Vegueta
TCK-70588,BASK-588,2025-02-19 23:18:26,Guacamole refrigerado,Refrigerados,1,SPAR-Vegueta
TCK-70588,BASK-588,2025-02-19 23:18:26,Café molido,Bebidas,2,SPAR-Vegueta
TCK-70588,BASK-588,2025-02-19 23:18:26,Pañales,Bebé,2,SPAR-Vegueta
TCK-70589,BASK-589,2025-04-14 23:58:26,Salsa de tomate,Conservas,1,HiperDino-SietePalmas
TCK-70589,BASK-589,2025-04-14 23:58:26,Mermelada de fresa,Conservas,1,HiperDino-SietePalmas
TCK-70589,BASK-589,2025-04-14 23:58:26,Salsa mexicana,Salsas,3,HiperDino-SietePalmas
TCK-70589,BASK-589,2025-04-14 23:58:26,Mantequilla,Lácteos,2,HiperDino-SietePalmas
TCK-70589,BASK-589,2025-04-14 23:58:26,Pan de molde,Panadería,3,HiperDino-SietePalmas
TCK-70589,BASK-589,2025-04-14 23:58:26,Pizza congelada,Congelados,1,HiperDino-SietePalmas
TCK-70590,BASK-590,2025-05-24 11:28:26,Pan de hamburguesa,Panadería,1,SPAR-Telde
TCK-70590,BASK-590,2025-05-24 11:28:26,Plátanos,Frutas,3,SPAR-Telde
TCK-70590,BASK-590,2025-05-24 11:28:26,Mermelada de fresa,Conservas,3,SPAR-Telde
TCK-70590,BASK-590,2025-05-24 11:28:26,Salsa mexicana,Salsas,2,SPAR-Telde
TCK-70590,BASK-590,2025-05-24 11:28:26,Café molido,Bebidas,3,SPAR-Telde
TCK-70590,BASK-590,2025-05-24 11:28:26,Pizza congelada,Congelados,3,SPAR-Telde
TCK-70591,BASK-591,2024-12-18 15:20:26,Pechuga de pollo,Carnicería,1,HiperDino-SietePalmas
TCK-70591,BASK-591,2024-12-18 15:20:26,Carne picada,Carnicería,1,HiperDino-SietePalmas
TCK-70591,BASK-591,2024-12-18 15:20:26,Vino tinto,Bebidas,1,HiperDino-SietePalmas
TCK-70591,BASK-591,2024-12-18 15:20:26,Pañales,Bebé,1,HiperDino-SietePalmas
TCK-70591,BASK-591,2024-12-18 15:20:26,Cerveza,Bebidas,1,HiperDino-SietePalmas
TCK-70592,BASK-592,2025-10-06 19:01:26,Pasta,Cereales,2,Mercadona-Triana
TCK-70592,BASK-592,2025-10-06 19:01:26,Patatas fritas bolsa,Snacks,1,Mercadona-Triana
TCK-70592,BASK-592,2025-10-06 19:01:26,Arroz,Cereales,2,Mercadona-Triana
TCK-70592,BASK-592,2025-10-06 19:01:26,Mantequilla,Lácteos,3,Mercadona-Triana
TCK-70592,BASK-592,2025-10-06 19:01:26,Nachos de maíz,Snacks,2,Mercadona-Triana
TCK-70592,BASK-592,2025-10-06 19:01:26,Vino tinto,Bebidas,1,Mercadona-Triana
TCK-70593,BASK-593,2025-04-14 16:04:26,Cereal de desayuno,Cereales,1,HiperDino-SietePalmas
TCK-70593,BASK-593,2025-04-14 16:04:26,Pechuga de pollo,Carnicería,1,HiperDino-SietePalmas
TCK-70593,BASK-593,2025-04-14 16:04:26,Patatas fritas bolsa,Snacks,3,HiperDino-SietePalmas
TCK-70593,BASK-593,2025-04-14 16:04:26,Aceite de oliva,Aceites,2,HiperDino-SietePalmas
TCK-70593,BASK-593,2025-04-14 16:04:26,Guacamole refrigerado,Refrigerados,3,HiperDino-SietePalmas
TCK-70594,BASK-594,2025-04-14 15:15:26,Pechuga de pollo,Carnicería,1,SPAR-Telde
TCK-70594,BASK-594,2025-04-14 15:15:26,Plátanos,Frutas,3,SPAR-Telde
TCK-70594,BASK-594,2025-04-14 15:15:26,Salsa de tomate,Conservas,2,SPAR-Telde
TCK-70594,BASK-594,2025-04-14 15:15:26,Arroz,Cereales,1,SPAR-Telde
TCK-70594,BASK-594,2025-04-14 15:15:26,Pizza congelada,Congelados,3,SPAR-Telde
TCK-70594,BASK-594,2025-04-14 15:15:26,Guacamole refrigerado,Refrigerados,3,SPAR-Telde
TCK-70594,BASK-594,2025-04-14 15:15:26,Café molido,Bebidas,3,SPAR-Telde
TCK-70594,BASK-594,2025-04-14 15:15:26,Cerveza,Bebidas,1,SPAR-Telde
TCK-70595,BASK-595,2025-03-18 15:52:26,Carne picada,Carnicería,3,Mercadona-Triana
TCK-70595,BASK-595,2025-03-18 15:52:26,Aceite de oliva,Aceites,1,Mercadona-Triana
TCK-70595,BASK-595,2025-03-18 15:52:26,Salsa mexicana,Salsas,2,Mercadona-Triana
TCK-70595,BASK-595,2025-03-18 15:52:26,Arroz,Cereales,2,Mercadona-Triana
TCK-70595,BASK-595,2025-03-18 15:52:26,Refresco cola,Bebidas,3,Mercadona-Triana
TCK-70596,BASK-596,2025-07-20 13:53:26,Manzanas,Frutas,3,SPAR-Telde
TCK-70596,BASK-596,2025-07-20 13:53:26,Yogur natural,Lácteos,2,SPAR-Telde
TCK-70596,BASK-596,2025-07-20 13:53:26,Queso curado,Lácteos,2,SPAR-Telde
TCK-70596,BASK-596,2025-07-20 13:53:26,Leche entera,Lácteos,3,SPAR-Telde
TCK-70596,BASK-596,2025-07-20 13:53:26,Vino tinto,Bebidas,3,SPAR-Telde
TCK-70597,BASK-597,2025-03-30 14:41:26,Patatas fritas bolsa,Snacks,1,SPAR-Telde
TCK-70597,BASK-597,2025-03-30 14:41:26,Pan de barra,Panadería,1,SPAR-Telde
TCK-70597,BASK-597,2025-03-30 14:41:26,Queso curado,Lácteos,1,SPAR-Telde
TCK-70597,BASK-597,2025-03-30 14:41:26,Helado de vainilla,Congelados,1,SPAR-Telde
TCK-70597,BASK-597,2025-03-30 14:41:26,Refresco cola,Bebidas,1,SPAR-Telde
TCK-70597,BASK-597,2025-03-30 14:41:26,Pañales,Bebé,2,SPAR-Telde
TCK-70597,BASK-597,2025-03-30 14:41:26,Cerveza,Bebidas,2,SPAR-Telde
TCK-70598,BASK-598,2025-03-01 14:57:26,Manzanas,Frutas,3,SPAR-Telde
TCK-70598,BASK-598,2025-03-01 14:57:26,Aceite de oliva,Aceites,3,SPAR-Telde
TCK-70598,BASK-598,2025-03-01 14:57:26,Lechuga,Verduras,2,SPAR-Telde
TCK-70598,BASK-598,2025-03-01 14:57:26,Helado de vainilla,Congelados,2,SPAR-Telde
TCK-70598,BASK-598,2025-03-01 14:57:26,Guacamole refrigerado,Refrigerados,3,SPAR-Telde
TCK-70598,BASK-598,2025-03-01 14:57:26,Refresco cola,Bebidas,3,SPAR-Telde
TCK-70599,BASK-599,2025-09-27 17:14:26,Pasta,Cereales,2,SPAR-Telde
TCK-70599,BASK-599,2025-09-27 17:14:26,Pechuga de pollo,Carnicería,1,SPAR-Telde
TCK-70599,BASK-599,2025-09-27 17:14:26,Aceite de oliva,Aceites,1,SPAR-Telde
TCK-70599,BASK-599,2025-09-27 17:14:26,Refresco cola,Bebidas,2,SPAR-Telde
TCK-70599,BASK-599,2025-09-27 17:14:26,Pizza congelada,Congelados,2,SPAR-Telde
TCK-70600,BASK-600,2024-12-22 18:49:26,Pechuga de pollo,Carnicería,3,SPAR-Telde
TCK-70600,BASK-600,2024-12-22 18:49:26,Carne picada,Carnicería,2,SPAR-Telde
TCK-70600,BASK-600,2024-12-22 18:49:26,Pan de hamburguesa,Panadería,3,SPAR-Telde
TCK-70600,BASK-600,2024-12-22 18:49:26,Tomates,Verduras,3,SPAR-Telde
TCK-70600,BASK-600,2024-12-22 18:49:26,Lechuga,Verduras,3,SPAR-Telde
TCK-70600,BASK-600,2024-12-22 18:49:26,Yogur natural,Lácteos,1,SPAR-Telde
TCK-70600,BASK-600,2024-12-22 18:49:26,Café molido,Bebidas,1,SPAR-Telde
TCK-70601,BASK-601,2025-08-10 21:53:26,Pan de hamburguesa,Panadería,3,HiperDino-SietePalmas
TCK-70601,BASK-601,2025-08-10 21:53:26,Guacamole refrigerado,Refrigerados,3,HiperDino-SietePalmas
TCK-70601,BASK-601,2025-08-10 21:53:26,Pañales,Bebé,2,HiperDino-SietePalmas
TCK-70601,BASK-601,2025-08-10 21:53:26,Cerveza,Bebidas,2,HiperDino-SietePalmas
TCK-70602,BASK-602,2024-12-06 21:56:26,Pan de molde,Panadería,3,SPAR-Vegueta
TCK-70602,BASK-602,2024-12-06 21:56:26,Manzanas,Frutas,3,SPAR-Vegueta
TCK-70602,BASK-602,2024-12-06 21:56:26,Cerveza,Bebidas,2,SPAR-Vegueta
TCK-70603,BASK-603,2025-11-20 20:05:26,Arroz,Cereales,3,Mercadona-Triana
TCK-70603,BASK-603,2025-11-20 20:05:26,Pan de barra,Panadería,2,Mercadona-Triana
TCK-70603,BASK-603,2025-11-20 20:05:26,Queso curado,Lácteos,3,Mercadona-Triana
TCK-70603,BASK-603,2025-11-20 20:05:26,Vino tinto,Bebidas,1,Mercadona-Triana
TCK-70603,BASK-603,2025-11-20 20:05:26,Pan de molde,Panadería,3,Mercadona-Triana
TCK-70604,BASK-604,2025-07-21 14:05:26,Pechuga de pollo,Carnicería,3,Mercadona-Triana
TCK-70604,BASK-604,2025-07-21 14:05:26,Carne picada,Carnicería,3,Mercadona-Triana
TCK-70604,BASK-604,2025-07-21 14:05:26,Lechuga,Verduras,1,Mercadona-Triana
TCK-70604,BASK-604,2025-07-21 14:05:26,Salsa mexicana,Salsas,2,Mercadona-Triana
TCK-70604,BASK-604,2025-07-21 14:05:26,Arroz,Cereales,2,Mercadona-Triana
TCK-70604,BASK-604,2025-07-21 14:05:26,Mantequilla,Lácteos,1,Mercadona-Triana
TCK-70604,BASK-604,2025-07-21 14:05:26,Pizza congelada,Congelados,1,Mercadona-Triana
TCK-70605,BASK-605,2025-08-26 12:54:26,Carne picada,Carnicería,3,HiperDino-SietePalmas
TCK-70605,BASK-605,2025-08-26 12:54:26,Pan de hamburguesa,Panadería,3,HiperDino-SietePalmas
TCK-70605,BASK-605,2025-08-26 12:54:26,Tomates,Verduras,2,HiperDino-SietePalmas
TCK-70605,BASK-605,2025-08-26 12:54:26,Lechuga,Verduras,2,HiperDino-SietePalmas
TCK-70605,BASK-605,2025-08-26 12:54:26,Pan de barra,Panadería,2,HiperDino-SietePalmas
TCK-70606,BASK-606,2024-12-26 19:51:26,Manzanas,Frutas,2,SPAR-Telde
TCK-70606,BASK-606,2024-12-26 19:51:26,Pan de hamburguesa,Panadería,3,SPAR-Telde
TCK-70606,BASK-606,2024-12-26 19:51:26,Tomates,Verduras,2,SPAR-Telde
TCK-70606,BASK-606,2024-12-26 19:51:26,Mermelada de fresa,Conservas,3,SPAR-Telde
TCK-70606,BASK-606,2024-12-26 19:51:26,Aceite de oliva,Aceites,3,SPAR-Telde
TCK-70606,BASK-606,2024-12-26 19:51:26,Mantequilla,Lácteos,3,SPAR-Telde
TCK-70606,BASK-606,2024-12-26 19:51:26,Leche entera,Lácteos,2,SPAR-Telde
TCK-70606,BASK-606,2024-12-26 19:51:26,Galletas,Dulces,1,SPAR-Telde
TCK-70606,BASK-606,2024-12-26 19:51:26,Pan de molde,Panadería,3,SPAR-Telde
TCK-70606,BASK-606,2024-12-26 19:51:26,Pañales,Bebé,3,SPAR-Telde
TCK-70607,BASK-607,2025-05-23 13:36:26,Mermelada de fresa,Conservas,1,Mercadona-Triana
TCK-70607,BASK-607,2025-05-23 13:36:26,Leche entera,Lácteos,2,Mercadona-Triana
TCK-70607,BASK-607,2025-05-23 13:36:26,Aceite de oliva,Aceites,3,Mercadona-Triana
TCK-70608,BASK-608,2025-06-20 23:01:26,Pan de hamburguesa,Panadería,3,HiperDino-SietePalmas
TCK-70608,BASK-608,2025-06-20 23:01:26,Patatas fritas bolsa,Snacks,2,HiperDino-SietePalmas
TCK-70608,BASK-608,2025-06-20 23:01:26,Aceite de oliva,Aceites,3,HiperDino-SietePalmas
TCK-70608,BASK-608,2025-06-20 23:01:26,Pan de barra,Panadería,3,HiperDino-SietePalmas
TCK-70608,BASK-608,2025-06-20 23:01:26,Nachos de maíz,Snacks,3,HiperDino-SietePalmas
TCK-70608,BASK-608,2025-06-20 23:01:26,Guacamole refrigerado,Refrigerados,3,HiperDino-SietePalmas
TCK-70608,BASK-608,2025-06-20 23:01:26,Café molido,Bebidas,2,HiperDino-SietePalmas
TCK-70608,BASK-608,2025-06-20 23:01:26,Leche entera,Lácteos,1,HiperDino-SietePalmas
TCK-70608,BASK-608,2025-06-20 23:01:26,Galletas,Dulces,2,HiperDino-SietePalmas
TCK-70608,BASK-608,2025-06-20 23:01:26,Pañales,Bebé,1,HiperDino-SietePalmas
TCK-70609,BASK-609,2025-08-28 20:26:26,Carne picada,Carnicería,1,SPAR-Vegueta
TCK-70609,BASK-609,2025-08-28 20:26:26,Tomates,Verduras,2,SPAR-Vegueta
TCK-70609,BASK-609,2025-08-28 20:26:26,Mermelada de fresa,Conservas,2,SPAR-Vegueta
TCK-70609,BASK-609,2025-08-28 20:26:26,Yogur natural,Lácteos,1,SPAR-Vegueta
TCK-70609,BASK-609,2025-08-28 20:26:26,Pan de barra,Panadería,2,SPAR-Vegueta
TCK-70609,BASK-609,2025-08-28 20:26:26,Pan de molde,Panadería,1,SPAR-Vegueta
TCK-70609,BASK-609,2025-08-28 20:26:26,ColaCao,Bebidas,1,SPAR-Vegueta
TCK-70609,BASK-609,2025-08-28 20:26:26,Cerveza,Bebidas,2,SPAR-Vegueta
TCK-70610,BASK-610,2024-12-04 17:33:26,Carne picada,Carnicería,1,SPAR-Telde
TCK-70610,BASK-610,2024-12-04 17:33:26,Tomates,Verduras,1,SPAR-Telde
TCK-70610,BASK-610,2024-12-04 17:33:26,Lechuga,Verduras,2,SPAR-Telde
TCK-70610,BASK-610,2024-12-04 17:33:26,Mantequilla,Lácteos,1,SPAR-Telde
TCK-70610,BASK-610,2024-12-04 17:33:26,Vino tinto,Bebidas,2,SPAR-Telde
TCK-70610,BASK-610,2024-12-04 17:33:26,Galletas,Dulces,1,SPAR-Telde
TCK-70610,BASK-610,2024-12-04 17:33:26,Pan de molde,Panadería,2,SPAR-Telde
TCK-70611,BASK-611,2025-09-01 21:51:26,Cereal de desayuno,Cereales,2,SPAR-Vegueta
TCK-70611,BASK-611,2025-09-01 21:51:26,Pan de hamburguesa,Panadería,2,SPAR-Vegueta
TCK-70611,BASK-611,2025-09-01 21:51:26,Yogur natural,Lácteos,1,SPAR-Vegueta
TCK-70611,BASK-611,2025-09-01 21:51:26,Pan de barra,Panadería,2,SPAR-Vegueta
TCK-70611,BASK-611,2025-09-01 21:51:26,Huevos,Lácteos,1,SPAR-Vegueta
TCK-70611,BASK-611,2025-09-01 21:51:26,Café molido,Bebidas,1,SPAR-Vegueta
TCK-70611,BASK-611,2025-09-01 21:51:26,Leche entera,Lácteos,2,SPAR-Vegueta
TCK-70611,BASK-611,2025-09-01 21:51:26,Galletas,Dulces,2,SPAR-Vegueta
TCK-70611,BASK-611,2025-09-01 21:51:26,Pan de molde,Panadería,2,SPAR-Vegueta
TCK-70611,BASK-611,2025-09-01 21:51:26,Pizza congelada,Congelados,3,SPAR-Vegueta
TCK-70612,BASK-612,2025-01-24 14:02:26,Cereal de desayuno,Cereales,2,Mercadona-Triana
TCK-70612,BASK-612,2025-01-24 14:02:26,Salsa de tomate,Conservas,2,Mercadona-Triana
TCK-70612,BASK-612,2025-01-24 14:02:26,Patatas fritas bolsa,Snacks,2,Mercadona-Triana
TCK-70612,BASK-612,2025-01-24 14:02:26,Aceite de oliva,Aceites,3,Mercadona-Triana
TCK-70612,BASK-612,2025-01-24 14:02:26,Yogur natural,Lácteos,2,Mercadona-Triana
TCK-70612,BASK-612,2025-01-24 14:02:26,Mantequilla,Lácteos,2,Mercadona-Triana
TCK-70612,BASK-612,2025-01-24 14:02:26,Guacamole refrigerado,Refrigerados,1,Mercadona-Triana
TCK-70612,BASK-612,2025-01-24 14:02:26,Refresco cola,Bebidas,2,Mercadona-Triana
TCK-70612,BASK-612,2025-01-24 14:02:26,Vino tinto,Bebidas,2,Mercadona-Triana
TCK-70613,BASK-613,2025-03-09 13:51:26,Refresco cola,Bebidas,1,Mercadona-Triana
TCK-70613,BASK-613,2025-03-09 13:51:26,Tomates,Verduras,2,Mercadona-Triana
TCK-70613,BASK-613,2025-03-09 13:51:26,Aceite de oliva,Aceites,3,Mercadona-Triana
TCK-70614,BASK-614,2025-01-24 23:28:26,Cereal de desayuno,Cereales,1,HiperDino-SietePalmas
TCK-70614,BASK-614,2025-01-24 23:28:26,Manzanas,Frutas,2,HiperDino-SietePalmas
TCK-70614,BASK-614,2025-01-24 23:28:26,Salsa mexicana,Salsas,3,HiperDino-SietePalmas
TCK-70614,BASK-614,2025-01-24 23:28:26,Queso curado,Lácteos,2,HiperDino-SietePalmas
TCK-70614,BASK-614,2025-01-24 23:28:26,Nachos de maíz,Snacks,1,HiperDino-SietePalmas
TCK-70614,BASK-614,2025-01-24 23:28:26,Guacamole refrigerado,Refrigerados,2,HiperDino-SietePalmas
TCK-70614,BASK-614,2025-01-24 23:28:26,Café molido,Bebidas,1,HiperDino-SietePalmas
TCK-70614,BASK-614,2025-01-24 23:28:26,Leche entera,Lácteos,3,HiperDino-SietePalmas
TCK-70614,BASK-614,2025-01-24 23:28:26,Galletas,Dulces,1,HiperDino-SietePalmas
TCK-70614,BASK-614,2025-01-24 23:28:26,Pan de molde,Panadería,3,HiperDino-SietePalmas
TCK-70615,BASK-615,2025-09-17 18:09:26,Cereal de desayuno,Cereales,1,SPAR-Telde
TCK-70615,BASK-615,2025-09-17 18:09:26,Pan de hamburguesa,Panadería,1,SPAR-Telde
TCK-70615,BASK-615,2025-09-17 18:09:26,Salsa de tomate,Conservas,2,SPAR-Telde
TCK-70615,BASK-615,2025-09-17 18:09:26,Aceite de oliva,Aceites,2,SPAR-Telde
TCK-70615,BASK-615,2025-09-17 18:09:26,Lechuga,Verduras,2,SPAR-Telde
TCK-70615,BASK-615,2025-09-17 18:09:26,Refresco cola,Bebidas,3,SPAR-Telde
TCK-70616,BASK-616,2025-01-13 11:45:26,Pasta,Cereales,3,HiperDino-SietePalmas
TCK-70616,BASK-616,2025-01-13 11:45:26,Mantequilla,Lácteos,2,HiperDino-SietePalmas
TCK-70616,BASK-616,2025-01-13 11:45:26,Queso curado,Lácteos,3,HiperDino-SietePalmas
TCK-70616,BASK-616,2025-01-13 11:45:26,Galletas,Dulces,2,HiperDino-SietePalmas
TCK-70616,BASK-616,2025-01-13 11:45:26,Pan de molde,Panadería,1,HiperDino-SietePalmas
TCK-70616,BASK-616,2025-01-13 11:45:26,Pañales,Bebé,1,HiperDino-SietePalmas
TCK-70617,BASK-617,2025-09-29 11:23:26,Pan de hamburguesa,Panadería,1,SPAR-Telde
TCK-70617,BASK-617,2025-09-29 11:23:26,Tomates,Verduras,3,SPAR-Telde
TCK-70617,BASK-617,2025-09-29 11:23:26,Lechuga,Verduras,2,SPAR-Telde
TCK-70617,BASK-617,2025-09-29 11:23:26,Mantequilla,Lácteos,3,SPAR-Telde
TCK-70617,BASK-617,2025-09-29 11:23:26,Nachos de maíz,Snacks,2,SPAR-Telde
TCK-70617,BASK-617,2025-09-29 11:23:26,Guacamole refrigerado,Refrigerados,2,SPAR-Telde
TCK-70617,BASK-617,2025-09-29 11:23:26,Leche entera,Lácteos,2,SPAR-Telde
TCK-70617,BASK-617,2025-09-29 11:23:26,ColaCao,Bebidas,1,SPAR-Telde
TCK-70617,BASK-617,2025-09-29 11:23:26,Pañales,Bebé,1,SPAR-Telde
TCK-70618,BASK-618,2025-11-08 11:48:26,Cereal de desayuno,Cereales,2,SPAR-Telde
TCK-70618,BASK-618,2025-11-08 11:48:26,Carne picada,Carnicería,1,SPAR-Telde
TCK-70618,BASK-618,2025-11-08 11:48:26,Salsa mexicana,Salsas,2,SPAR-Telde
TCK-70618,BASK-618,2025-11-08 11:48:26,Huevos,Lácteos,3,SPAR-Telde
TCK-70618,BASK-618,2025-11-08 11:48:26,Café molido,Bebidas,3,SPAR-Telde
TCK-70618,BASK-618,2025-11-08 11:48:26,Galletas,Dulces,2,SPAR-Telde
TCK-70619,BASK-619,2025-06-08 21:18:26,Patatas fritas bolsa,Snacks,2,SPAR-Vegueta
TCK-70619,BASK-619,2025-06-08 21:18:26,Lechuga,Verduras,1,SPAR-Vegueta
TCK-70619,BASK-619,2025-06-08 21:18:26,Pizza congelada,Congelados,1,SPAR-Vegueta
TCK-70619,BASK-619,2025-06-08 21:18:26,Huevos,Lácteos,2,SPAR-Vegueta
TCK-70619,BASK-619,2025-06-08 21:18:26,Refresco cola,Bebidas,1,SPAR-Vegueta
TCK-70619,BASK-619,2025-06-08 21:18:26,ColaCao,Bebidas,2,SPAR-Vegueta
TCK-70619,BASK-619,2025-06-08 21:18:26,Cerveza,Bebidas,1,SPAR-Vegueta
TCK-70620,BASK-620,2025-11-18 21:39:26,Pasta,Cereales,2,SPAR-Vegueta
TCK-70620,BASK-620,2025-11-18 21:39:26,Salsa de tomate,Conservas,1,SPAR-Vegueta
TCK-70620,BASK-620,2025-11-18 21:39:26,Tomates,Verduras,3,SPAR-Vegueta
TCK-70620,BASK-620,2025-11-18 21:39:26,Nachos de maíz,Snacks,1,SPAR-Vegueta
TCK-70620,BASK-620,2025-11-18 21:39:26,Leche entera,Lácteos,1,SPAR-Vegueta
TCK-70620,BASK-620,2025-11-18 21:39:26,Pan de molde,Panadería,2,SPAR-Vegueta
TCK-70621,BASK-621,2025-06-27 19:09:26,Salsa de tomate,Conservas,2,SPAR-Telde
TCK-70621,BASK-621,2025-06-27 19:09:26,Plátanos,Frutas,1,SPAR-Telde
TCK-70621,BASK-621,2025-06-27 19:09:26,Queso curado,Lácteos,3,SPAR-Telde
TCK-70621,BASK-621,2025-06-27 19:09:26,Leche entera,Lácteos,1,SPAR-Telde
TCK-70621,BASK-621,2025-06-27 19:09:26,Galletas,Dulces,2,SPAR-Telde
TCK-70621,BASK-621,2025-06-27 19:09:26,Pizza congelada,Congelados,2,SPAR-Telde
TCK-70622,BASK-622,2025-07-13 14:47:26,Cereal de desayuno,Cereales,3,SPAR-Vegueta
TCK-70622,BASK-622,2025-07-13 14:47:26,Huevos,Lácteos,1,SPAR-Vegueta
TCK-70622,BASK-622,2025-07-13 14:47:26,Leche entera,Lácteos,1,SPAR-Vegueta
TCK-70622,BASK-622,2025-07-13 14:47:26,Pan de molde,Panadería,1,SPAR-Vegueta
TCK-70622,BASK-622,2025-07-13 14:47:26,Cerveza,Bebidas,2,SPAR-Vegueta
TCK-70622,BASK-622,2025-07-13 14:47:26,Pizza congelada,Congelados,1,SPAR-Vegueta
TCK-70623,BASK-623,2025-09-27 23:58:26,Salsa de tomate,Conservas,1,HiperDino-SietePalmas
TCK-70623,BASK-623,2025-09-27 23:58:26,Refresco cola,Bebidas,3,HiperDino-SietePalmas
TCK-70623,BASK-623,2025-09-27 23:58:26,Leche entera,Lácteos,1,HiperDino-SietePalmas
TCK-70623,BASK-623,2025-09-27 23:58:26,Pizza congelada,Congelados,1,HiperDino-SietePalmas
TCK-70624,BASK-624,2025-10-25 21:18:26,Cereal de desayuno,Cereales,2,Mercadona-Triana
TCK-70624,BASK-624,2025-10-25 21:18:26,Pan de hamburguesa,Panadería,3,Mercadona-Triana
TCK-70624,BASK-624,2025-10-25 21:18:26,Patatas fritas bolsa,Snacks,1,Mercadona-Triana
TCK-70624,BASK-624,2025-10-25 21:18:26,Yogur natural,Lácteos,1,Mercadona-Triana
TCK-70624,BASK-624,2025-10-25 21:18:26,Vino tinto,Bebidas,2,Mercadona-Triana
TCK-70624,BASK-624,2025-10-25 21:18:26,Galletas,Dulces,2,Mercadona-Triana
TCK-70624,BASK-624,2025-10-25 21:18:26,Pan de molde,Panadería,2,Mercadona-Triana
TCK-70624,BASK-624,2025-10-25 21:18:26,Cerveza,Bebidas,1,Mercadona-Triana
TCK-70624,BASK-624,2025-10-25 21:18:26,Pañales,Bebé,1,Mercadona-Triana
TCK-70624,BASK-624,2025-10-25 21:18:26,Pizza congelada,Congelados,1,Mercadona-Triana
TCK-70625,BASK-625,2025-07-06 23:51:26,Pechuga de pollo,Carnicería,3,SPAR-Vegueta
TCK-70625,BASK-625,2025-07-06 23:51:26,Pan de hamburguesa,Panadería,1,SPAR-Vegueta
TCK-70625,BASK-625,2025-07-06 23:51:26,Patatas fritas bolsa,Snacks,1,SPAR-Vegueta
TCK-70625,BASK-625,2025-07-06 23:51:26,Pan de barra,Panadería,3,SPAR-Vegueta
TCK-70625,BASK-625,2025-07-06 23:51:26,Refresco cola,Bebidas,2,SPAR-Vegueta
TCK-70625,BASK-625,2025-07-06 23:51:26,Leche entera,Lácteos,2,SPAR-Vegueta
TCK-70625,BASK-625,2025-07-06 23:51:26,Pañales,Bebé,3,SPAR-Vegueta
TCK-70626,BASK-626,2025-03-20 14:29:26,Pan de barra,Panadería,1,SPAR-Telde
TCK-70626,BASK-626,2025-03-20 14:29:26,Tomates,Verduras,2,SPAR-Telde
TCK-70626,BASK-626,2025-03-20 14:29:26,Queso curado,Lácteos,1,SPAR-Telde
TCK-70627,BASK-627,2024-11-29 19:19:26,Cereal de desayuno,Cereales,2,HiperDino-SietePalmas
TCK-70627,BASK-627,2024-11-29 19:19:26,Carne picada,Carnicería,2,HiperDino-SietePalmas
TCK-70627,BASK-627,2024-11-29 19:19:26,Mermelada de fresa,Conservas,2,HiperDino-SietePalmas
TCK-70627,BASK-627,2024-11-29 19:19:26,Mantequilla,Lácteos,2,HiperDino-SietePalmas
TCK-70627,BASK-627,2024-11-29 19:19:26,Pan de molde,Panadería,2,HiperDino-SietePalmas
TCK-70628,BASK-628,2025-10-01 19:45:26,Yogur natural,Lácteos,3,SPAR-Telde
TCK-70628,BASK-628,2025-10-01 19:45:26,Pan de barra,Panadería,2,SPAR-Telde
TCK-70628,BASK-628,2025-10-01 19:45:26,Queso curado,Lácteos,2,SPAR-Telde
TCK-70628,BASK-628,2025-10-01 19:45:26,Mantequilla,Lácteos,3,SPAR-Telde
TCK-70628,BASK-628,2025-10-01 19:45:26,Vino tinto,Bebidas,3,SPAR-Telde
TCK-70628,BASK-628,2025-10-01 19:45:26,Pan de molde,Panadería,2,SPAR-Telde
TCK-70628,BASK-628,2025-10-01 19:45:26,Pañales,Bebé,3,SPAR-Telde
TCK-70629,BASK-629,2025-08-11 19:28:26,Cereal de desayuno,Cereales,3,HiperDino-SietePalmas
TCK-70629,BASK-629,2025-08-11 19:28:26,Carne picada,Carnicería,1,HiperDino-SietePalmas
TCK-70629,BASK-629,2025-08-11 19:28:26,Patatas fritas bolsa,Snacks,2,HiperDino-SietePalmas
TCK-70629,BASK-629,2025-08-11 19:28:26,Guacamole refrigerado,Refrigerados,3,HiperDino-SietePalmas
TCK-70629,BASK-629,2025-08-11 19:28:26,Refresco cola,Bebidas,3,HiperDino-SietePalmas
TCK-70629,BASK-629,2025-08-11 19:28:26,ColaCao,Bebidas,2,HiperDino-SietePalmas
TCK-70630,BASK-630,2025-08-21 19:17:26,Pasta,Cereales,3,HiperDino-SietePalmas
TCK-70630,BASK-630,2025-08-21 19:17:26,Cereal de desayuno,Cereales,3,HiperDino-SietePalmas
TCK-70630,BASK-630,2025-08-21 19:17:26,Salsa de tomate,Conservas,2,HiperDino-SietePalmas
TCK-70630,BASK-630,2025-08-21 19:17:26,Aceite de oliva,Aceites,1,HiperDino-SietePalmas
TCK-70630,BASK-630,2025-08-21 19:17:26,Yogur natural,Lácteos,3,HiperDino-SietePalmas
TCK-70630,BASK-630,2025-08-21 19:17:26,Arroz,Cereales,1,HiperDino-SietePalmas
TCK-70630,BASK-630,2025-08-21 19:17:26,Helado de vainilla,Congelados,3,HiperDino-SietePalmas
TCK-70630,BASK-630,2025-08-21 19:17:26,Huevos,Lácteos,1,HiperDino-SietePalmas
TCK-70630,BASK-630,2025-08-21 19:17:26,Refresco cola,Bebidas,2,HiperDino-SietePalmas
TCK-70630,BASK-630,2025-08-21 19:17:26,Galletas,Dulces,3,HiperDino-SietePalmas
TCK-70631,BASK-631,2024-11-27 23:01:26,Aceite de oliva,Aceites,1,HiperDino-SietePalmas
TCK-70631,BASK-631,2024-11-27 23:01:26,Arroz,Cereales,2,HiperDino-SietePalmas
TCK-70631,BASK-631,2024-11-27 23:01:26,Pañales,Bebé,3,HiperDino-SietePalmas
TCK-70631,BASK-631,2024-11-27 23:01:26,Cerveza,Bebidas,2,HiperDino-SietePalmas
TCK-70632,BASK-632,2025-08-24 21:48:26,Manzanas,Frutas,3,Mercadona-Triana
TCK-70632,BASK-632,2025-08-24 21:48:26,Patatas fritas bolsa,Snacks,2,Mercadona-Triana
TCK-70632,BASK-632,2025-08-24 21:48:26,Salsa mexicana,Salsas,2,Mercadona-Triana
TCK-70632,BASK-632,2025-08-24 21:48:26,Mantequilla,Lácteos,2,Mercadona-Triana
TCK-70632,BASK-632,2025-08-24 21:48:26,Helado de vainilla,Congelados,2,Mercadona-Triana
TCK-70632,BASK-632,2025-08-24 21:48:26,Huevos,Lácteos,1,Mercadona-Triana
TCK-70632,BASK-632,2025-08-24 21:48:26,Guacamole refrigerado,Refrigerados,2,Mercadona-Triana
TCK-70632,BASK-632,2025-08-24 21:48:26,Leche entera,Lácteos,3,Mercadona-Triana
TCK-70632,BASK-632,2025-08-24 21:48:26,Cerveza,Bebidas,1,Mercadona-Triana
TCK-70633,BASK-633,2025-01-22 11:44:26,Pan de hamburguesa,Panadería,3,SPAR-Telde
TCK-70633,BASK-633,2025-01-22 11:44:26,Plátanos,Frutas,3,SPAR-Telde
TCK-70633,BASK-633,2025-01-22 11:44:26,Salsa de tomate,Conservas,3,SPAR-Telde
TCK-70633,BASK-633,2025-01-22 11:44:26,Patatas fritas bolsa,Snacks,3,SPAR-Telde
TCK-70633,BASK-633,2025-01-22 11:44:26,Salsa mexicana,Salsas,3,SPAR-Telde
TCK-70633,BASK-633,2025-01-22 11:44:26,Yogur natural,Lácteos,1,SPAR-Telde
TCK-70633,BASK-633,2025-01-22 11:44:26,Mantequilla,Lácteos,3,SPAR-Telde
TCK-70633,BASK-633,2025-01-22 11:44:26,Nachos de maíz,Snacks,1,SPAR-Telde
TCK-70633,BASK-633,2025-01-22 11:44:26,Guacamole refrigerado,Refrigerados,3,SPAR-Telde
TCK-70633,BASK-633,2025-01-22 11:44:26,Vino tinto,Bebidas,3,SPAR-Telde
TCK-70634,BASK-634,2025-01-11 21:07:26,Cereal de desayuno,Cereales,1,SPAR-Vegueta
TCK-70634,BASK-634,2025-01-11 21:07:26,Pan de hamburguesa,Panadería,3,SPAR-Vegueta
TCK-70634,BASK-634,2025-01-11 21:07:26,Arroz,Cereales,2,SPAR-Vegueta
TCK-70634,BASK-634,2025-01-11 21:07:26,Queso curado,Lácteos,1,SPAR-Vegueta
TCK-70634,BASK-634,2025-01-11 21:07:26,Huevos,Lácteos,1,SPAR-Vegueta
TCK-70634,BASK-634,2025-01-11 21:07:26,Vino tinto,Bebidas,2,SPAR-Vegueta
TCK-70634,BASK-634,2025-01-11 21:07:26,Cerveza,Bebidas,3,SPAR-Vegueta
TCK-70635,BASK-635,2025-04-12 20:53:26,Pechuga de pollo,Carnicería,1,HiperDino-SietePalmas
TCK-70635,BASK-635,2025-04-12 20:53:26,Patatas fritas bolsa,Snacks,2,HiperDino-SietePalmas
TCK-70635,BASK-635,2025-04-12 20:53:26,Arroz,Cereales,2,HiperDino-SietePalmas
TCK-70635,BASK-635,2025-04-12 20:53:26,Pan de barra,Panadería,2,HiperDino-SietePalmas
TCK-70635,BASK-635,2025-04-12 20:53:26,Yogur natural,Lácteos,1,HiperDino-SietePalmas
TCK-70635,BASK-635,2025-04-12 20:53:26,Vino tinto,Bebidas,2,HiperDino-SietePalmas
TCK-70635,BASK-635,2025-04-12 20:53:26,Leche entera,Lácteos,1,HiperDino-SietePalmas
TCK-70635,BASK-635,2025-04-12 20:53:26,Galletas,Dulces,3,HiperDino-SietePalmas
TCK-70636,BASK-636,2024-12-17 15:05:26,Pechuga de pollo,Carnicería,2,HiperDino-SietePalmas
TCK-70636,BASK-636,2024-12-17 15:05:26,Aceite de oliva,Aceites,2,HiperDino-SietePalmas
TCK-70636,BASK-636,2024-12-17 15:05:26,Queso curado,Lácteos,2,HiperDino-SietePalmas
TCK-70636,BASK-636,2024-12-17 15:05:26,Huevos,Lácteos,2,HiperDino-SietePalmas
TCK-70636,BASK-636,2024-12-17 15:05:26,Vino tinto,Bebidas,1,HiperDino-SietePalmas
TCK-70636,BASK-636,2024-12-17 15:05:26,Pan de molde,Panadería,1,HiperDino-SietePalmas
TCK-70637,BASK-637,2025-06-24 21:32:26,Pasta,Cereales,3,Mercadona-Triana
TCK-70637,BASK-637,2025-06-24 21:32:26,Cereal de desayuno,Cereales,3,Mercadona-Triana
TCK-70637,BASK-637,2025-06-24 21:32:26,Carne picada,Carnicería,1,Mercadona-Triana
TCK-70637,BASK-637,2025-06-24 21:32:26,Salsa de tomate,Conservas,1,Mercadona-Triana
TCK-70637,BASK-637,2025-06-24 21:32:26,Patatas fritas bolsa,Snacks,3,Mercadona-Triana
TCK-70637,BASK-637,2025-06-24 21:32:26,Aceite de oliva,Aceites,2,Mercadona-Triana
TCK-70637,BASK-637,2025-06-24 21:32:26,Salsa mexicana,Salsas,3,Mercadona-Triana
TCK-70637,BASK-637,2025-06-24 21:32:26,Pan de barra,Panadería,2,Mercadona-Triana
TCK-70637,BASK-637,2025-06-24 21:32:26,Nachos de maíz,Snacks,3,Mercadona-Triana
TCK-70637,BASK-637,2025-06-24 21:32:26,Guacamole refrigerado,Refrigerados,3,Mercadona-Triana
TCK-70638,BASK-638,2025-03-30 22:33:26,Pechuga de pollo,Carnicería,3,HiperDino-SietePalmas
TCK-70638,BASK-638,2025-03-30 22:33:26,Salsa de tomate,Conservas,1,HiperDino-SietePalmas
TCK-70638,BASK-638,2025-03-30 22:33:26,Patatas fritas bolsa,Snacks,2,HiperDino-SietePalmas
TCK-70638,BASK-638,2025-03-30 22:33:26,Mermelada de fresa,Conservas,3,HiperDino-SietePalmas
TCK-70638,BASK-638,2025-03-30 22:33:26,Aceite de oliva,Aceites,1,HiperDino-SietePalmas
TCK-70638,BASK-638,2025-03-30 22:33:26,Pan de barra,Panadería,2,HiperDino-SietePalmas
TCK-70638,BASK-638,2025-03-30 22:33:26,Guacamole refrigerado,Refrigerados,2,HiperDino-SietePalmas
TCK-70638,BASK-638,2025-03-30 22:33:26,Refresco cola,Bebidas,1,HiperDino-SietePalmas
TCK-70638,BASK-638,2025-03-30 22:33:26,ColaCao,Bebidas,1,HiperDino-SietePalmas
TCK-70639,BASK-639,2025-08-04 12:58:26,Pan de molde,Panadería,2,HiperDino-SietePalmas
TCK-70639,BASK-639,2025-08-04 12:58:26,Manzanas,Frutas,3,HiperDino-SietePalmas
TCK-70639,BASK-639,2025-08-04 12:58:26,Plátanos,Frutas,1,HiperDino-SietePalmas
TCK-70639,BASK-639,2025-08-04 12:58:26,Pañales,Bebé,2,HiperDino-SietePalmas
TCK-70640,BASK-640,2025-01-04 17:30:26,Patatas fritas bolsa,Snacks,1,SPAR-Vegueta
TCK-70640,BASK-640,2025-01-04 17:30:26,Tomates,Verduras,1,SPAR-Vegueta
TCK-70640,BASK-640,2025-01-04 17:30:26,Arroz,Cereales,1,SPAR-Vegueta
TCK-70640,BASK-640,2025-01-04 17:30:26,Queso curado,Lácteos,3,SPAR-Vegueta
TCK-70640,BASK-640,2025-01-04 17:30:26,ColaCao,Bebidas,3,SPAR-Vegueta
TCK-70640,BASK-640,2025-01-04 17:30:26,Pañales,Bebé,3,SPAR-Vegueta
TCK-70641,BASK-641,2025-09-30 13:01:26,Lechuga,Verduras,1,HiperDino-SietePalmas
TCK-70641,BASK-641,2025-09-30 13:01:26,Guacamole refrigerado,Refrigerados,1,HiperDino-SietePalmas
TCK-70641,BASK-641,2025-09-30 13:01:26,Refresco cola,Bebidas,1,HiperDino-SietePalmas
TCK-70641,BASK-641,2025-09-30 13:01:26,Pan de barra,Panadería,1,HiperDino-SietePalmas
TCK-70642,BASK-642,2025-08-22 19:48:26,Carne picada,Carnicería,3,Mercadona-Triana
TCK-70642,BASK-642,2025-08-22 19:48:26,Patatas fritas bolsa,Snacks,2,Mercadona-Triana
TCK-70642,BASK-642,2025-08-22 19:48:26,Mantequilla,Lácteos,1,Mercadona-Triana
TCK-70642,BASK-642,2025-08-22 19:48:26,Helado de vainilla,Congelados,2,Mercadona-Triana
TCK-70642,BASK-642,2025-08-22 19:48:26,Café molido,Bebidas,3,Mercadona-Triana
TCK-70642,BASK-642,2025-08-22 19:48:26,Refresco cola,Bebidas,2,Mercadona-Triana
TCK-70642,BASK-642,2025-08-22 19:48:26,ColaCao,Bebidas,1,Mercadona-Triana
TCK-70643,BASK-643,2024-12-12 16:15:26,Pasta,Cereales,3,Mercadona-Triana
TCK-70643,BASK-643,2024-12-12 16:15:26,Pechuga de pollo,Carnicería,1,Mercadona-Triana
TCK-70643,BASK-643,2024-12-12 16:15:26,Carne picada,Carnicería,3,Mercadona-Triana
TCK-70643,BASK-643,2024-12-12 16:15:26,Aceite de oliva,Aceites,2,Mercadona-Triana
TCK-70643,BASK-643,2024-12-12 16:15:26,Lechuga,Verduras,3,Mercadona-Triana
TCK-70643,BASK-643,2024-12-12 16:15:26,Huevos,Lácteos,3,Mercadona-Triana
TCK-70643,BASK-643,2024-12-12 16:15:26,Galletas,Dulces,3,Mercadona-Triana
TCK-70643,BASK-643,2024-12-12 16:15:26,Cerveza,Bebidas,3,Mercadona-Triana
TCK-70643,BASK-643,2024-12-12 16:15:26,Pizza congelada,Congelados,1,Mercadona-Triana
TCK-70644,BASK-644,2024-11-24 20:56:26,Pechuga de pollo,Carnicería,1,HiperDino-SietePalmas
TCK-70644,BASK-644,2024-11-24 20:56:26,Patatas fritas bolsa,Snacks,2,HiperDino-SietePalmas
TCK-70644,BASK-644,2024-11-24 20:56:26,Salsa mexicana,Salsas,3,HiperDino-SietePalmas
TCK-70644,BASK-644,2024-11-24 20:56:26,Huevos,Lácteos,2,HiperDino-SietePalmas
TCK-70644,BASK-644,2024-11-24 20:56:26,Refresco cola,Bebidas,2,HiperDino-SietePalmas
TCK-70644,BASK-644,2024-11-24 20:56:26,Vino tinto,Bebidas,2,HiperDino-SietePalmas
TCK-70644,BASK-644,2024-11-24 20:56:26,Galletas,Dulces,3,HiperDino-SietePalmas
TCK-70644,BASK-644,2024-11-24 20:56:26,Cerveza,Bebidas,1,HiperDino-SietePalmas
TCK-70645,BASK-645,2024-12-25 18:28:26,Salsa de tomate,Conservas,1,SPAR-Vegueta
TCK-70645,BASK-645,2024-12-25 18:28:26,Vino tinto,Bebidas,2,SPAR-Vegueta
TCK-70645,BASK-645,2024-12-25 18:28:26,Queso curado,Lácteos,1,SPAR-Vegueta
TCK-70646,BASK-646,2025-07-06 14:39:26,Cereal de desayuno,Cereales,1,HiperDino-SietePalmas
TCK-70646,BASK-646,2025-07-06 14:39:26,Café molido,Bebidas,3,HiperDino-SietePalmas
TCK-70646,BASK-646,2025-07-06 14:39:26,Leche entera,Lácteos,1,HiperDino-SietePalmas
TCK-70646,BASK-646,2025-07-06 14:39:26,Mantequilla,Lácteos,1,HiperDino-SietePalmas
TCK-70647,BASK-647,2025-06-05 00:18:26,Patatas fritas bolsa,Snacks,3,SPAR-Telde
TCK-70647,BASK-647,2025-06-05 00:18:26,Salsa de tomate,Conservas,3,SPAR-Telde
TCK-70647,BASK-647,2025-06-05 00:18:26,Aceite de oliva,Aceites,3,SPAR-Telde
TCK-70647,BASK-647,2025-06-05 00:18:26,Salsa mexicana,Salsas,2,SPAR-Telde
TCK-70647,BASK-647,2025-06-05 00:18:26,Arroz,Cereales,1,SPAR-Telde
TCK-70647,BASK-647,2025-06-05 00:18:26,Nachos de maíz,Snacks,1,SPAR-Telde
TCK-70647,BASK-647,2025-06-05 00:18:26,Guacamole refrigerado,Refrigerados,2,SPAR-Telde
TCK-70647,BASK-647,2025-06-05 00:18:26,Pañales,Bebé,3,SPAR-Telde
TCK-70648,BASK-648,2025-07-30 00:13:26,Pechuga de pollo,Carnicería,2,HiperDino-SietePalmas
TCK-70648,BASK-648,2025-07-30 00:13:26,Pan de hamburguesa,Panadería,1,HiperDino-SietePalmas
TCK-70648,BASK-648,2025-07-30 00:13:26,Yogur natural,Lácteos,2,HiperDino-SietePalmas
TCK-70648,BASK-648,2025-07-30 00:13:26,Nachos de maíz,Snacks,1,HiperDino-SietePalmas
TCK-70648,BASK-648,2025-07-30 00:13:26,Pan de molde,Panadería,3,HiperDino-SietePalmas
TCK-70649,BASK-649,2025-11-10 12:49:26,Plátanos,Frutas,2,Mercadona-Triana
TCK-70649,BASK-649,2025-11-10 12:49:26,Yogur natural,Lácteos,1,Mercadona-Triana
TCK-70649,BASK-649,2025-11-10 12:49:26,Pan de barra,Panadería,3,Mercadona-Triana
TCK-70649,BASK-649,2025-11-10 12:49:26,Queso curado,Lácteos,3,Mercadona-Triana
TCK-70649,BASK-649,2025-11-10 12:49:26,Refresco cola,Bebidas,2,Mercadona-Triana
TCK-70649,BASK-649,2025-11-10 12:49:26,Leche entera,Lácteos,1,Mercadona-Triana
TCK-70649,BASK-649,2025-11-10 12:49:26,ColaCao,Bebidas,2,Mercadona-Triana
TCK-70649,BASK-649,2025-11-10 12:49:26,Cerveza,Bebidas,2,Mercadona-Triana
TCK-70650,BASK-650,2025-01-06 20:12:26,Carne picada,Carnicería,1,SPAR-Vegueta
TCK-70650,BASK-650,2025-01-06 20:12:26,Aceite de oliva,Aceites,1,SPAR-Vegueta
TCK-70650,BASK-650,2025-01-06 20:12:26,Yogur natural,Lácteos,3,SPAR-Vegueta
TCK-70650,BASK-650,2025-01-06 20:12:26,Pan de barra,Panadería,1,SPAR-Vegueta
TCK-70650,BASK-650,2025-01-06 20:12:26,Huevos,Lácteos,1,SPAR-Vegueta
TCK-70650,BASK-650,2025-01-06 20:12:26,Galletas,Dulces,3,SPAR-Vegueta
TCK-70651,BASK-651,2024-12-12 18:23:26,Pechuga de pollo,Carnicería,3,SPAR-Vegueta
TCK-70651,BASK-651,2024-12-12 18:23:26,Carne picada,Carnicería,2,SPAR-Vegueta
TCK-70651,BASK-651,2024-12-12 18:23:26,Tomates,Verduras,2,SPAR-Vegueta
TCK-70651,BASK-651,2024-12-12 18:23:26,Salsa mexicana,Salsas,3,SPAR-Vegueta
TCK-70651,BASK-651,2024-12-12 18:23:26,Helado de vainilla,Congelados,2,SPAR-Vegueta
TCK-70651,BASK-651,2024-12-12 18:23:26,Nachos de maíz,Snacks,3,SPAR-Vegueta
TCK-70651,BASK-651,2024-12-12 18:23:26,Huevos,Lácteos,2,SPAR-Vegueta
TCK-70651,BASK-651,2024-12-12 18:23:26,Guacamole refrigerado,Refrigerados,3,SPAR-Vegueta
TCK-70651,BASK-651,2024-12-12 18:23:26,ColaCao,Bebidas,2,SPAR-Vegueta
TCK-70652,BASK-652,2025-09-11 18:44:26,Guacamole refrigerado,Refrigerados,2,SPAR-Telde
TCK-70652,BASK-652,2025-09-11 18:44:26,Café molido,Bebidas,3,SPAR-Telde
TCK-70652,BASK-652,2025-09-11 18:44:26,Galletas,Dulces,3,SPAR-Telde
TCK-70653,BASK-653,2025-10-06 23:16:26,Manzanas,Frutas,1,SPAR-Vegueta
TCK-70653,BASK-653,2025-10-06 23:16:26,Queso curado,Lácteos,1,SPAR-Vegueta
TCK-70653,BASK-653,2025-10-06 23:16:26,Huevos,Lácteos,2,SPAR-Vegueta
TCK-70653,BASK-653,2025-10-06 23:16:26,Vino tinto,Bebidas,3,SPAR-Vegueta
TCK-70653,BASK-653,2025-10-06 23:16:26,Pañales,Bebé,1,SPAR-Vegueta
TCK-70653,BASK-653,2025-10-06 23:16:26,Cerveza,Bebidas,3,SPAR-Vegueta
TCK-70654,BASK-654,2025-01-12 15:23:26,Refresco cola,Bebidas,3,SPAR-Telde
TCK-70654,BASK-654,2025-01-12 15:23:26,Pañales,Bebé,1,SPAR-Telde
TCK-70654,BASK-654,2025-01-12 15:23:26,Cerveza,Bebidas,3,SPAR-Telde
TCK-70655,BASK-655,2025-07-11 18:36:26,Carne picada,Carnicería,3,Mercadona-Triana
TCK-70655,BASK-655,2025-07-11 18:36:26,Salsa de tomate,Conservas,3,Mercadona-Triana
TCK-70655,BASK-655,2025-07-11 18:36:26,Lechuga,Verduras,1,Mercadona-Triana
TCK-70655,BASK-655,2025-07-11 18:36:26,Salsa mexicana,Salsas,1,Mercadona-Triana
TCK-70655,BASK-655,2025-07-11 18:36:26,Yogur natural,Lácteos,1,Mercadona-Triana
TCK-70655,BASK-655,2025-07-11 18:36:26,Arroz,Cereales,2,Mercadona-Triana
TCK-70655,BASK-655,2025-07-11 18:36:26,Mantequilla,Lácteos,3,Mercadona-Triana
TCK-70655,BASK-655,2025-07-11 18:36:26,Galletas,Dulces,2,Mercadona-Triana
TCK-70655,BASK-655,2025-07-11 18:36:26,Pan de molde,Panadería,2,Mercadona-Triana
TCK-70655,BASK-655,2025-07-11 18:36:26,Pañales,Bebé,1,Mercadona-Triana
TCK-70656,BASK-656,2025-03-08 17:51:26,Lechuga,Verduras,2,HiperDino-SietePalmas
TCK-70656,BASK-656,2025-03-08 17:51:26,Refresco cola,Bebidas,3,HiperDino-SietePalmas
TCK-70656,BASK-656,2025-03-08 17:51:26,Pan de molde,Panadería,3,HiperDino-SietePalmas
TCK-70657,BASK-657,2025-06-03 11:49:26,Plátanos,Frutas,1,HiperDino-SietePalmas
TCK-70657,BASK-657,2025-06-03 11:49:26,Tomates,Verduras,2,HiperDino-SietePalmas
TCK-70657,BASK-657,2025-06-03 11:49:26,Aceite de oliva,Aceites,3,HiperDino-SietePalmas
TCK-70657,BASK-657,2025-06-03 11:49:26,Arroz,Cereales,2,HiperDino-SietePalmas
TCK-70657,BASK-657,2025-06-03 11:49:26,Pan de barra,Panadería,1,HiperDino-SietePalmas
TCK-70657,BASK-657,2025-06-03 11:49:26,Yogur natural,Lácteos,3,HiperDino-SietePalmas
TCK-70657,BASK-657,2025-06-03 11:49:26,Queso curado,Lácteos,1,HiperDino-SietePalmas
TCK-70657,BASK-657,2025-06-03 11:49:26,Mantequilla,Lácteos,2,HiperDino-SietePalmas
TCK-70657,BASK-657,2025-06-03 11:49:26,Cerveza,Bebidas,3,HiperDino-SietePalmas
TCK-70658,BASK-658,2025-05-31 23:41:26,Cereal de desayuno,Cereales,1,SPAR-Vegueta
TCK-70658,BASK-658,2025-05-31 23:41:26,Carne picada,Carnicería,3,SPAR-Vegueta
TCK-70658,BASK-658,2025-05-31 23:41:26,Helado de vainilla,Congelados,3,SPAR-Vegueta
TCK-70658,BASK-658,2025-05-31 23:41:26,Guacamole refrigerado,Refrigerados,2,SPAR-Vegueta
TCK-70658,BASK-658,2025-05-31 23:41:26,Leche entera,Lácteos,1,SPAR-Vegueta
TCK-70659,BASK-659,2025-04-02 19:03:26,Carne picada,Carnicería,3,HiperDino-SietePalmas
TCK-70659,BASK-659,2025-04-02 19:03:26,Mermelada de fresa,Conservas,1,HiperDino-SietePalmas
TCK-70659,BASK-659,2025-04-02 19:03:26,Pan de barra,Panadería,3,HiperDino-SietePalmas
TCK-70659,BASK-659,2025-04-02 19:03:26,Pañales,Bebé,2,HiperDino-SietePalmas
TCK-70659,BASK-659,2025-04-02 19:03:26,Cerveza,Bebidas,1,HiperDino-SietePalmas
TCK-70660,BASK-660,2025-05-25 16:15:26,Pasta,Cereales,2,SPAR-Telde
TCK-70660,BASK-660,2025-05-25 16:15:26,Pan de hamburguesa,Panadería,2,SPAR-Telde
TCK-70660,BASK-660,2025-05-25 16:15:26,Mermelada de fresa,Conservas,3,SPAR-Telde
TCK-70660,BASK-660,2025-05-25 16:15:26,Mantequilla,Lácteos,1,SPAR-Telde
TCK-70660,BASK-660,2025-05-25 16:15:26,Helado de vainilla,Congelados,2,SPAR-Telde
TCK-70660,BASK-660,2025-05-25 16:15:26,Nachos de maíz,Snacks,2,SPAR-Telde
TCK-70660,BASK-660,2025-05-25 16:15:26,Huevos,Lácteos,1,SPAR-Telde
TCK-70660,BASK-660,2025-05-25 16:15:26,Guacamole refrigerado,Refrigerados,3,SPAR-Telde
TCK-70660,BASK-660,2025-05-25 16:15:26,Refresco cola,Bebidas,2,SPAR-Telde
TCK-70660,BASK-660,2025-05-25 16:15:26,Galletas,Dulces,2,SPAR-Telde
TCK-70661,BASK-661,2025-04-23 15:04:26,Pasta,Cereales,2,HiperDino-SietePalmas
TCK-70661,BASK-661,2025-04-23 15:04:26,Salsa de tomate,Conservas,1,HiperDino-SietePalmas
TCK-70661,BASK-661,2025-04-23 15:04:26,Pizza congelada,Congelados,1,HiperDino-SietePalmas
TCK-70661,BASK-661,2025-04-23 15:04:26,Aceite de oliva,Aceites,3,HiperDino-SietePalmas
TCK-70662,BASK-662,2025-08-01 13:19:26,Arroz,Cereales,3,HiperDino-SietePalmas
TCK-70662,BASK-662,2025-08-01 13:19:26,Tomates,Verduras,2,HiperDino-SietePalmas
TCK-70662,BASK-662,2025-08-01 13:19:26,Aceite de oliva,Aceites,3,HiperDino-SietePalmas
TCK-70663,BASK-663,2025-06-20 19:59:26,Cereal de desayuno,Cereales,3,HiperDino-SietePalmas
TCK-70663,BASK-663,2025-06-20 19:59:26,Pan de hamburguesa,Panadería,1,HiperDino-SietePalmas
TCK-70663,BASK-663,2025-06-20 19:59:26,Patatas fritas bolsa,Snacks,1,HiperDino-SietePalmas
TCK-70663,BASK-663,2025-06-20 19:59:26,Lechuga,Verduras,1,HiperDino-SietePalmas
TCK-70663,BASK-663,2025-06-20 19:59:26,Guacamole refrigerado,Refrigerados,1,HiperDino-SietePalmas
TCK-70663,BASK-663,2025-06-20 19:59:26,Café molido,Bebidas,2,HiperDino-SietePalmas
TCK-70663,BASK-663,2025-06-20 19:59:26,Galletas,Dulces,3,HiperDino-SietePalmas
TCK-70664,BASK-664,2025-08-25 22:37:26,Carne picada,Carnicería,2,HiperDino-SietePalmas
TCK-70664,BASK-664,2025-08-25 22:37:26,Mermelada de fresa,Conservas,3,HiperDino-SietePalmas
TCK-70664,BASK-664,2025-08-25 22:37:26,Mantequilla,Lácteos,1,HiperDino-SietePalmas
TCK-70664,BASK-664,2025-08-25 22:37:26,Leche entera,Lácteos,1,HiperDino-SietePalmas
TCK-70664,BASK-664,2025-08-25 22:37:26,Pan de molde,Panadería,3,HiperDino-SietePalmas
TCK-70664,BASK-664,2025-08-25 22:37:26,ColaCao,Bebidas,2,HiperDino-SietePalmas
TCK-70664,BASK-664,2025-08-25 22:37:26,Pañales,Bebé,2,HiperDino-SietePalmas
TCK-70665,BASK-665,2025-02-04 11:53:26,Cereal de desayuno,Cereales,1,HiperDino-SietePalmas
TCK-70665,BASK-665,2025-02-04 11:53:26,Pasta,Cereales,2,HiperDino-SietePalmas
TCK-70665,BASK-665,2025-02-04 11:53:26,Carne picada,Carnicería,2,HiperDino-SietePalmas
TCK-70665,BASK-665,2025-02-04 11:53:26,Tomates,Verduras,2,HiperDino-SietePalmas
TCK-70665,BASK-665,2025-02-04 11:53:26,Aceite de oliva,Aceites,1,HiperDino-SietePalmas
TCK-70665,BASK-665,2025-02-04 11:53:26,Lechuga,Verduras,2,HiperDino-SietePalmas
TCK-70665,BASK-665,2025-02-04 11:53:26,Queso curado,Lácteos,3,HiperDino-SietePalmas
TCK-70665,BASK-665,2025-02-04 11:53:26,Leche entera,Lácteos,1,HiperDino-SietePalmas
TCK-70665,BASK-665,2025-02-04 11:53:26,Galletas,Dulces,2,HiperDino-SietePalmas
TCK-70665,BASK-665,2025-02-04 11:53:26,Pizza congelada,Congelados,2,HiperDino-SietePalmas
TCK-70666,BASK-666,2024-12-22 21:12:26,Tomates,Verduras,1,Mercadona-Triana
TCK-70666,BASK-666,2024-12-22 21:12:26,Salsa mexicana,Salsas,2,Mercadona-Triana
TCK-70666,BASK-666,2024-12-22 21:12:26,Yogur natural,Lácteos,1,Mercadona-Triana
TCK-70666,BASK-666,2024-12-22 21:12:26,Queso curado,Lácteos,1,Mercadona-Triana
TCK-70666,BASK-666,2024-12-22 21:12:26,Nachos de maíz,Snacks,1,Mercadona-Triana
TCK-70666,BASK-666,2024-12-22 21:12:26,Huevos,Lácteos,2,Mercadona-Triana
TCK-70666,BASK-666,2024-12-22 21:12:26,Guacamole refrigerado,Refrigerados,1,Mercadona-Triana
TCK-70666,BASK-666,2024-12-22 21:12:26,Refresco cola,Bebidas,1,Mercadona-Triana
TCK-70666,BASK-666,2024-12-22 21:12:26,Pañales,Bebé,1,Mercadona-Triana
TCK-70666,BASK-666,2024-12-22 21:12:26,Cerveza,Bebidas,2,Mercadona-Triana
TCK-70667,BASK-667,2025-08-13 12:02:26,Pechuga de pollo,Carnicería,1,SPAR-Vegueta
TCK-70667,BASK-667,2025-08-13 12:02:26,Salsa de tomate,Conservas,1,SPAR-Vegueta
TCK-70667,BASK-667,2025-08-13 12:02:26,Huevos,Lácteos,3,SPAR-Vegueta
TCK-70667,BASK-667,2025-08-13 12:02:26,Refresco cola,Bebidas,2,SPAR-Vegueta
TCK-70667,BASK-667,2025-08-13 12:02:26,Leche entera,Lácteos,3,SPAR-Vegueta
TCK-70667,BASK-667,2025-08-13 12:02:26,Vino tinto,Bebidas,2,SPAR-Vegueta
TCK-70668,BASK-668,2025-11-06 22:41:26,Pasta,Cereales,1,Mercadona-Triana
TCK-70668,BASK-668,2025-11-06 22:41:26,Salsa de tomate,Conservas,1,Mercadona-Triana
TCK-70668,BASK-668,2025-11-06 22:41:26,Refresco cola,Bebidas,3,Mercadona-Triana
TCK-70669,BASK-669,2025-03-14 16:19:26,Pasta,Cereales,3,Mercadona-Triana
TCK-70669,BASK-669,2025-03-14 16:19:26,Mermelada de fresa,Conservas,2,Mercadona-Triana
TCK-70669,BASK-669,2025-03-14 16:19:26,Tomates,Verduras,2,Mercadona-Triana
TCK-70669,BASK-669,2025-03-14 16:19:26,Mantequilla,Lácteos,3,Mercadona-Triana
TCK-70669,BASK-669,2025-03-14 16:19:26,Guacamole refrigerado,Refrigerados,1,Mercadona-Triana
TCK-70669,BASK-669,2025-03-14 16:19:26,Pañales,Bebé,3,Mercadona-Triana
TCK-70669,BASK-669,2025-03-14 16:19:26,Cerveza,Bebidas,2,Mercadona-Triana
TCK-70670,BASK-670,2024-12-13 11:41:26,Carne picada,Carnicería,3,HiperDino-SietePalmas
TCK-70670,BASK-670,2024-12-13 11:41:26,Pan de hamburguesa,Panadería,2,HiperDino-SietePalmas
TCK-70670,BASK-670,2024-12-13 11:41:26,Mermelada de fresa,Conservas,3,HiperDino-SietePalmas
TCK-70670,BASK-670,2024-12-13 11:41:26,Tomates,Verduras,2,HiperDino-SietePalmas
TCK-70671,BASK-671,2025-05-21 13:43:26,Pasta,Cereales,2,SPAR-Telde
TCK-70671,BASK-671,2025-05-21 13:43:26,Cereal de desayuno,Cereales,3,SPAR-Telde
TCK-70671,BASK-671,2025-05-21 13:43:26,Tomates,Verduras,1,SPAR-Telde
TCK-70671,BASK-671,2025-05-21 13:43:26,Salsa mexicana,Salsas,3,SPAR-Telde
TCK-70671,BASK-671,2025-05-21 13:43:26,Pan de barra,Panadería,1,SPAR-Telde
TCK-70671,BASK-671,2025-05-21 13:43:26,Queso curado,Lácteos,3,SPAR-Telde
TCK-70671,BASK-671,2025-05-21 13:43:26,Refresco cola,Bebidas,2,SPAR-Telde
TCK-70671,BASK-671,2025-05-21 13:43:26,Vino tinto,Bebidas,1,SPAR-Telde
TCK-70671,BASK-671,2025-05-21 13:43:26,Pan de molde,Panadería,1,SPAR-Telde
TCK-70671,BASK-671,2025-05-21 13:43:26,Pizza congelada,Congelados,1,SPAR-Telde
TCK-70672,BASK-672,2025-01-27 22:54:26,Pechuga de pollo,Carnicería,3,Mercadona-Triana
TCK-70672,BASK-672,2025-01-27 22:54:26,Salsa de tomate,Conservas,1,Mercadona-Triana
TCK-70672,BASK-672,2025-01-27 22:54:26,Patatas fritas bolsa,Snacks,3,Mercadona-Triana
TCK-70672,BASK-672,2025-01-27 22:54:26,Plátanos,Frutas,2,Mercadona-Triana
TCK-70672,BASK-672,2025-01-27 22:54:26,Salsa mexicana,Salsas,2,Mercadona-Triana
TCK-70672,BASK-672,2025-01-27 22:54:26,Nachos de maíz,Snacks,2,Mercadona-Triana
TCK-70672,BASK-672,2025-01-27 22:54:26,Huevos,Lácteos,2,Mercadona-Triana
TCK-70672,BASK-672,2025-01-27 22:54:26,Leche entera,Lácteos,1,Mercadona-Triana
TCK-70672,BASK-672,2025-01-27 22:54:26,Pan de molde,Panadería,3,Mercadona-Triana
TCK-70672,BASK-672,2025-01-27 22:54:26,ColaCao,Bebidas,3,Mercadona-Triana
TCK-70673,BASK-673,2025-01-13 16:15:26,Pechuga de pollo,Carnicería,1,HiperDino-SietePalmas
TCK-70673,BASK-673,2025-01-13 16:15:26,Carne picada,Carnicería,2,HiperDino-SietePalmas
TCK-70673,BASK-673,2025-01-13 16:15:26,Plátanos,Frutas,1,HiperDino-SietePalmas
TCK-70673,BASK-673,2025-01-13 16:15:26,Manzanas,Frutas,2,HiperDino-SietePalmas
TCK-70673,BASK-673,2025-01-13 16:15:26,Pan de barra,Panadería,1,HiperDino-SietePalmas
TCK-70673,BASK-673,2025-01-13 16:15:26,Mantequilla,Lácteos,1,HiperDino-SietePalmas
TCK-70673,BASK-673,2025-01-13 16:15:26,Nachos de maíz,Snacks,1,HiperDino-SietePalmas
TCK-70673,BASK-673,2025-01-13 16:15:26,Guacamole refrigerado,Refrigerados,1,HiperDino-SietePalmas
TCK-70673,BASK-673,2025-01-13 16:15:26,Leche entera,Lácteos,1,HiperDino-SietePalmas
TCK-70674,BASK-674,2025-02-24 11:37:26,Salsa de tomate,Conservas,1,SPAR-Telde
TCK-70674,BASK-674,2025-02-24 11:37:26,Yogur natural,Lácteos,3,SPAR-Telde
TCK-70674,BASK-674,2025-02-24 11:37:26,Huevos,Lácteos,1,SPAR-Telde
TCK-70674,BASK-674,2025-02-24 11:37:26,Café molido,Bebidas,2,SPAR-Telde
TCK-70674,BASK-674,2025-02-24 11:37:26,Guacamole refrigerado,Refrigerados,2,SPAR-Telde
TCK-70674,BASK-674,2025-02-24 11:37:26,Leche entera,Lácteos,3,SPAR-Telde
TCK-70674,BASK-674,2025-02-24 11:37:26,Vino tinto,Bebidas,2,SPAR-Telde
TCK-70674,BASK-674,2025-02-24 11:37:26,Cerveza,Bebidas,1,SPAR-Telde
TCK-70675,BASK-675,2025-02-27 20:13:26,Manzanas,Frutas,1,SPAR-Vegueta
TCK-70675,BASK-675,2025-02-27 20:13:26,Carne picada,Carnicería,3,SPAR-Vegueta
TCK-70675,BASK-675,2025-02-27 20:13:26,Salsa mexicana,Salsas,2,SPAR-Vegueta
TCK-70675,BASK-675,2025-02-27 20:13:26,Pan de barra,Panadería,2,SPAR-Vegueta
TCK-70675,BASK-675,2025-02-27 20:13:26,Refresco cola,Bebidas,2,SPAR-Vegueta
TCK-70675,BASK-675,2025-02-27 20:13:26,Pizza congelada,Congelados,3,SPAR-Vegueta
TCK-70676,BASK-676,2024-12-15 17:32:26,Pasta,Cereales,3,Mercadona-Triana
TCK-70676,BASK-676,2024-12-15 17:32:26,Carne picada,Carnicería,1,Mercadona-Triana
TCK-70676,BASK-676,2024-12-15 17:32:26,Tomates,Verduras,2,Mercadona-Triana
TCK-70676,BASK-676,2024-12-15 17:32:26,Mermelada de fresa,Conservas,2,Mercadona-Triana
TCK-70676,BASK-676,2024-12-15 17:32:26,Salsa mexicana,Salsas,1,Mercadona-Triana
TCK-70676,BASK-676,2024-12-15 17:32:26,Yogur natural,Lácteos,3,Mercadona-Triana
TCK-70676,BASK-676,2024-12-15 17:32:26,Helado de vainilla,Congelados,3,Mercadona-Triana
TCK-70676,BASK-676,2024-12-15 17:32:26,Nachos de maíz,Snacks,2,Mercadona-Triana
TCK-70676,BASK-676,2024-12-15 17:32:26,Café molido,Bebidas,2,Mercadona-Triana
TCK-70676,BASK-676,2024-12-15 17:32:26,Pan de molde,Panadería,3,Mercadona-Triana
TCK-70677,BASK-677,2025-01-03 18:32:26,Cereal de desayuno,Cereales,3,SPAR-Telde
TCK-70677,BASK-677,2025-01-03 18:32:26,Pechuga de pollo,Carnicería,2,SPAR-Telde
TCK-70677,BASK-677,2025-01-03 18:32:26,Guacamole refrigerado,Refrigerados,1,SPAR-Telde
TCK-70677,BASK-677,2025-01-03 18:32:26,Café molido,Bebidas,2,SPAR-Telde
TCK-70678,BASK-678,2025-09-25 11:43:26,Pechuga de pollo,Carnicería,1,SPAR-Vegueta
TCK-70678,BASK-678,2025-09-25 11:43:26,Manzanas,Frutas,1,SPAR-Vegueta
TCK-70678,BASK-678,2025-09-25 11:43:26,Plátanos,Frutas,1,SPAR-Vegueta
TCK-70678,BASK-678,2025-09-25 11:43:26,Patatas fritas bolsa,Snacks,2,SPAR-Vegueta
TCK-70678,BASK-678,2025-09-25 11:43:26,Tomates,Verduras,3,SPAR-Vegueta
TCK-70678,BASK-678,2025-09-25 11:43:26,Salsa mexicana,Salsas,2,SPAR-Vegueta
TCK-70678,BASK-678,2025-09-25 11:43:26,Arroz,Cereales,3,SPAR-Vegueta
TCK-70678,BASK-678,2025-09-25 11:43:26,Refresco cola,Bebidas,1,SPAR-Vegueta
TCK-70678,BASK-678,2025-09-25 11:43:26,Pañales,Bebé,3,SPAR-Vegueta
TCK-70678,BASK-678,2025-09-25 11:43:26,Pizza congelada,Congelados,1,SPAR-Vegueta
TCK-70679,BASK-679,2025-01-21 17:31:26,Huevos,Lácteos,3,Mercadona-Triana
TCK-70679,BASK-679,2025-01-21 17:31:26,Refresco cola,Bebidas,1,Mercadona-Triana
TCK-70679,BASK-679,2025-01-21 17:31:26,Aceite de oliva,Aceites,2,Mercadona-Triana
TCK-70680,BASK-680,2025-08-20 20:41:26,Patatas fritas bolsa,Snacks,1,HiperDino-SietePalmas
TCK-70680,BASK-680,2025-08-20 20:41:26,Refresco cola,Bebidas,2,HiperDino-SietePalmas
TCK-70680,BASK-680,2025-08-20 20:41:26,Leche entera,Lácteos,2,HiperDino-SietePalmas
TCK-70680,BASK-680,2025-08-20 20:41:26,Cerveza,Bebidas,3,HiperDino-SietePalmas
TCK-70681,BASK-681,2025-06-06 14:25:26,Cereal de desayuno,Cereales,3,Mercadona-Triana
TCK-70681,BASK-681,2025-06-06 14:25:26,Patatas fritas bolsa,Snacks,1,Mercadona-Triana
TCK-70681,BASK-681,2025-06-06 14:25:26,Lechuga,Verduras,3,Mercadona-Triana
TCK-70681,BASK-681,2025-06-06 14:25:26,Mantequilla,Lácteos,2,Mercadona-Triana
TCK-70681,BASK-681,2025-06-06 14:25:26,Helado de vainilla,Congelados,3,Mercadona-Triana
TCK-70681,BASK-681,2025-06-06 14:25:26,Café molido,Bebidas,1,Mercadona-Triana
TCK-70681,BASK-681,2025-06-06 14:25:26,Vino tinto,Bebidas,3,Mercadona-Triana
TCK-70681,BASK-681,2025-06-06 14:25:26,Galletas,Dulces,1,Mercadona-Triana
TCK-70682,BASK-682,2025-05-15 17:10:26,Helado de vainilla,Congelados,2,SPAR-Telde
TCK-70682,BASK-682,2025-05-15 17:10:26,Pañales,Bebé,2,SPAR-Telde
TCK-70682,BASK-682,2025-05-15 17:10:26,Cerveza,Bebidas,1,SPAR-Telde
TCK-70683,BASK-683,2025-01-17 12:08:26,Pechuga de pollo,Carnicería,2,SPAR-Telde
TCK-70683,BASK-683,2025-01-17 12:08:26,Carne picada,Carnicería,2,SPAR-Telde
TCK-70683,BASK-683,2025-01-17 12:08:26,Aceite de oliva,Aceites,3,SPAR-Telde
TCK-70683,BASK-683,2025-01-17 12:08:26,Mantequilla,Lácteos,2,SPAR-Telde
TCK-70683,BASK-683,2025-01-17 12:08:26,Helado de vainilla,Congelados,3,SPAR-Telde
TCK-70683,BASK-683,2025-01-17 12:08:26,Café molido,Bebidas,2,SPAR-Telde
TCK-70684,BASK-684,2025-05-24 15:10:26,Carne picada,Carnicería,1,SPAR-Telde
TCK-70684,BASK-684,2025-05-24 15:10:26,Pan de hamburguesa,Panadería,2,SPAR-Telde
TCK-70684,BASK-684,2025-05-24 15:10:26,Tomates,Verduras,1,SPAR-Telde
TCK-70684,BASK-684,2025-05-24 15:10:26,Lechuga,Verduras,2,SPAR-Telde
TCK-70684,BASK-684,2025-05-24 15:10:26,Mantequilla,Lácteos,1,SPAR-Telde
TCK-70684,BASK-684,2025-05-24 15:10:26,Pan de molde,Panadería,3,SPAR-Telde
TCK-70685,BASK-685,2025-08-09 14:21:26,Cereal de desayuno,Cereales,1,HiperDino-SietePalmas
TCK-70685,BASK-685,2025-08-09 14:21:26,Mermelada de fresa,Conservas,1,HiperDino-SietePalmas
TCK-70685,BASK-685,2025-08-09 14:21:26,Lechuga,Verduras,2,HiperDino-SietePalmas
TCK-70685,BASK-685,2025-08-09 14:21:26,Queso curado,Lácteos,2,HiperDino-SietePalmas
TCK-70685,BASK-685,2025-08-09 14:21:26,Nachos de maíz,Snacks,2,HiperDino-SietePalmas
TCK-70685,BASK-685,2025-08-09 14:21:26,Café molido,Bebidas,1,HiperDino-SietePalmas
TCK-70685,BASK-685,2025-08-09 14:21:26,Vino tinto,Bebidas,2,HiperDino-SietePalmas
TCK-70685,BASK-685,2025-08-09 14:21:26,Galletas,Dulces,2,HiperDino-SietePalmas
TCK-70685,BASK-685,2025-08-09 14:21:26,Pan de molde,Panadería,2,HiperDino-SietePalmas
TCK-70686,BASK-686,2025-06-27 21:48:26,Pechuga de pollo,Carnicería,3,Mercadona-Triana
TCK-70686,BASK-686,2025-06-27 21:48:26,Mermelada de fresa,Conservas,1,Mercadona-Triana
TCK-70686,BASK-686,2025-06-27 21:48:26,Lechuga,Verduras,1,Mercadona-Triana
TCK-70686,BASK-686,2025-06-27 21:48:26,Yogur natural,Lácteos,3,Mercadona-Triana
TCK-70686,BASK-686,2025-06-27 21:48:26,Arroz,Cereales,2,Mercadona-Triana
TCK-70686,BASK-686,2025-06-27 21:48:26,Cerveza,Bebidas,2,Mercadona-Triana
TCK-70687,BASK-687,2025-03-03 22:03:26,Pasta,Cereales,2,SPAR-Telde
TCK-70687,BASK-687,2025-03-03 22:03:26,Plátanos,Frutas,2,SPAR-Telde
TCK-70687,BASK-687,2025-03-03 22:03:26,Aceite de oliva,Aceites,3,SPAR-Telde
TCK-70687,BASK-687,2025-03-03 22:03:26,Salsa mexicana,Salsas,1,SPAR-Telde
TCK-70687,BASK-687,2025-03-03 22:03:26,Pan de barra,Panadería,3,SPAR-Telde
TCK-70687,BASK-687,2025-03-03 22:03:26,Huevos,Lácteos,1,SPAR-Telde
TCK-70687,BASK-687,2025-03-03 22:03:26,Café molido,Bebidas,3,SPAR-Telde
TCK-70687,BASK-687,2025-03-03 22:03:26,Refresco cola,Bebidas,1,SPAR-Telde
TCK-70687,BASK-687,2025-03-03 22:03:26,Vino tinto,Bebidas,3,SPAR-Telde
TCK-70687,BASK-687,2025-03-03 22:03:26,Pañales,Bebé,1,SPAR-Telde
TCK-70688,BASK-688,2025-10-30 11:45:26,Yogur natural,Lácteos,2,SPAR-Telde
TCK-70688,BASK-688,2025-10-30 11:45:26,Patatas fritas bolsa,Snacks,2,SPAR-Telde
TCK-70688,BASK-688,2025-10-30 11:45:26,Refresco cola,Bebidas,1,SPAR-Telde
TCK-70689,BASK-689,2025-06-27 12:17:26,Manzanas,Frutas,3,SPAR-Vegueta
TCK-70689,BASK-689,2025-06-27 12:17:26,Salsa de tomate,Conservas,1,SPAR-Vegueta
TCK-70689,BASK-689,2025-06-27 12:17:26,Mermelada de fresa,Conservas,3,SPAR-Vegueta
TCK-70689,BASK-689,2025-06-27 12:17:26,Queso curado,Lácteos,2,SPAR-Vegueta
TCK-70689,BASK-689,2025-06-27 12:17:26,Guacamole refrigerado,Refrigerados,2,SPAR-Vegueta
TCK-70689,BASK-689,2025-06-27 12:17:26,Leche entera,Lácteos,2,SPAR-Vegueta
TCK-70689,BASK-689,2025-06-27 12:17:26,Vino tinto,Bebidas,2,SPAR-Vegueta
TCK-70689,BASK-689,2025-06-27 12:17:26,Pan de molde,Panadería,3,SPAR-Vegueta
TCK-70690,BASK-690,2025-05-09 20:22:26,Pan de molde,Panadería,3,HiperDino-SietePalmas
TCK-70690,BASK-690,2025-05-09 20:22:26,Guacamole refrigerado,Refrigerados,1,HiperDino-SietePalmas
TCK-70690,BASK-690,2025-05-09 20:22:26,Mantequilla,Lácteos,3,HiperDino-SietePalmas
TCK-70690,BASK-690,2025-05-09 20:22:26,Pizza congelada,Congelados,1,HiperDino-SietePalmas
TCK-70691,BASK-691,2025-10-22 13:05:26,Lechuga,Verduras,1,HiperDino-SietePalmas
TCK-70691,BASK-691,2025-10-22 13:05:26,Salsa de tomate,Conservas,3,HiperDino-SietePalmas
TCK-70691,BASK-691,2025-10-22 13:05:26,Leche entera,Lácteos,1,HiperDino-SietePalmas
TCK-70691,BASK-691,2025-10-22 13:05:26,Patatas fritas bolsa,Snacks,2,HiperDino-SietePalmas
TCK-70692,BASK-692,2025-06-10 12:14:26,Pechuga de pollo,Carnicería,1,HiperDino-SietePalmas
TCK-70692,BASK-692,2025-06-10 12:14:26,Salsa de tomate,Conservas,2,HiperDino-SietePalmas
TCK-70692,BASK-692,2025-06-10 12:14:26,Patatas fritas bolsa,Snacks,1,HiperDino-SietePalmas
TCK-70692,BASK-692,2025-06-10 12:14:26,Mermelada de fresa,Conservas,1,HiperDino-SietePalmas
TCK-70692,BASK-692,2025-06-10 12:14:26,Lechuga,Verduras,1,HiperDino-SietePalmas
TCK-70692,BASK-692,2025-06-10 12:14:26,Arroz,Cereales,2,HiperDino-SietePalmas
TCK-70692,BASK-692,2025-06-10 12:14:26,Yogur natural,Lácteos,2,HiperDino-SietePalmas
TCK-70693,BASK-693,2025-02-22 13:07:26,Salsa de tomate,Conservas,1,HiperDino-SietePalmas
TCK-70693,BASK-693,2025-02-22 13:07:26,Plátanos,Frutas,2,HiperDino-SietePalmas
TCK-70693,BASK-693,2025-02-22 13:07:26,Leche entera,Lácteos,2,HiperDino-SietePalmas
TCK-70693,BASK-693,2025-02-22 13:07:26,Vino tinto,Bebidas,1,HiperDino-SietePalmas
TCK-70693,BASK-693,2025-02-22 13:07:26,Pizza congelada,Congelados,3,HiperDino-SietePalmas
TCK-70694,BASK-694,2025-05-28 17:34:26,Salsa de tomate,Conservas,1,SPAR-Vegueta
TCK-70694,BASK-694,2025-05-28 17:34:26,Patatas fritas bolsa,Snacks,3,SPAR-Vegueta
TCK-70694,BASK-694,2025-05-28 17:34:26,Tomates,Verduras,2,SPAR-Vegueta
TCK-70694,BASK-694,2025-05-28 17:34:26,Nachos de maíz,Snacks,1,SPAR-Vegueta
TCK-70694,BASK-694,2025-05-28 17:34:26,Pizza congelada,Congelados,1,SPAR-Vegueta
TCK-70695,BASK-695,2025-07-09 19:36:26,Pasta,Cereales,2,HiperDino-SietePalmas
TCK-70695,BASK-695,2025-07-09 19:36:26,Manzanas,Frutas,3,HiperDino-SietePalmas
TCK-70695,BASK-695,2025-07-09 19:36:26,Aceite de oliva,Aceites,3,HiperDino-SietePalmas
TCK-70696,BASK-696,2024-12-05 12:10:26,Patatas fritas bolsa,Snacks,1,Mercadona-Triana
TCK-70696,BASK-696,2024-12-05 12:10:26,Mermelada de fresa,Conservas,3,Mercadona-Triana
TCK-70696,BASK-696,2024-12-05 12:10:26,Tomates,Verduras,1,Mercadona-Triana
TCK-70696,BASK-696,2024-12-05 12:10:26,Aceite de oliva,Aceites,1,Mercadona-Triana
TCK-70696,BASK-696,2024-12-05 12:10:26,Queso curado,Lácteos,1,Mercadona-Triana
TCK-70696,BASK-696,2024-12-05 12:10:26,Café molido,Bebidas,3,Mercadona-Triana
TCK-70696,BASK-696,2024-12-05 12:10:26,Leche entera,Lácteos,1,Mercadona-Triana
TCK-70696,BASK-696,2024-12-05 12:10:26,Pan de molde,Panadería,1,Mercadona-Triana
TCK-70697,BASK-697,2025-01-09 18:48:26,Manzanas,Frutas,1,Mercadona-Triana
TCK-70697,BASK-697,2025-01-09 18:48:26,Salsa de tomate,Conservas,2,Mercadona-Triana
TCK-70697,BASK-697,2025-01-09 18:48:26,Mermelada de fresa,Conservas,3,Mercadona-Triana
TCK-70697,BASK-697,2025-01-09 18:48:26,Aceite de oliva,Aceites,2,Mercadona-Triana
TCK-70697,BASK-697,2025-01-09 18:48:26,Salsa mexicana,Salsas,1,Mercadona-Triana
TCK-70697,BASK-697,2025-01-09 18:48:26,Pan de barra,Panadería,3,Mercadona-Triana
TCK-70697,BASK-697,2025-01-09 18:48:26,Helado de vainilla,Congelados,2,Mercadona-Triana
TCK-70697,BASK-697,2025-01-09 18:48:26,Nachos de maíz,Snacks,2,Mercadona-Triana
TCK-70697,BASK-697,2025-01-09 18:48:26,Leche entera,Lácteos,2,Mercadona-Triana
TCK-70697,BASK-697,2025-01-09 18:48:26,Vino tinto,Bebidas,1,Mercadona-Triana
TCK-70698,BASK-698,2025-04-16 21:13:26,Cereal de desayuno,Cereales,2,HiperDino-SietePalmas
TCK-70698,BASK-698,2025-04-16 21:13:26,Salsa de tomate,Conservas,1,HiperDino-SietePalmas
TCK-70698,BASK-698,2025-04-16 21:13:26,Nachos de maíz,Snacks,3,HiperDino-SietePalmas
TCK-70698,BASK-698,2025-04-16 21:13:26,Refresco cola,Bebidas,3,HiperDino-SietePalmas
TCK-70698,BASK-698,2025-04-16 21:13:26,Cerveza,Bebidas,3,HiperDino-SietePalmas
TCK-70699,BASK-699,2025-06-13 19:34:26,Patatas fritas bolsa,Snacks,3,SPAR-Vegueta
TCK-70699,BASK-699,2025-06-13 19:34:26,Mermelada de fresa,Conservas,1,SPAR-Vegueta
TCK-70699,BASK-699,2025-06-13 19:34:26,Tomates,Verduras,1,SPAR-Vegueta
TCK-70699,BASK-699,2025-06-13 19:34:26,Helado de vainilla,Congelados,3,SPAR-Vegueta
TCK-70699,BASK-699,2025-06-13 19:34:26,Café molido,Bebidas,3,SPAR-Vegueta
TCK-70699,BASK-699,2025-06-13 19:34:26,Refresco cola,Bebidas,2,SPAR-Vegueta
TCK-70699,BASK-699,2025-06-13 19:34:26,Pan de molde,Panadería,1,SPAR-Vegueta
TCK-70699,BASK-699,2025-06-13 19:34:26,Pañales,Bebé,3,SPAR-Vegueta
TCK-70700,BASK-700,2025-09-02 13:21:26,Lechuga,Verduras,1,HiperDino-SietePalmas
TCK-70700,BASK-700,2025-09-02 13:21:26,Yogur natural,Lácteos,3,HiperDino-SietePalmas
TCK-70700,BASK-700,2025-09-02 13:21:26,Mantequilla,Lácteos,2,HiperDino-SietePalmas
TCK-70701,BASK-701,2025-03-16 22:11:26,Salsa de tomate,Conservas,2,SPAR-Vegueta
TCK-70701,BASK-701,2025-03-16 22:11:26,Patatas fritas bolsa,Snacks,1,SPAR-Vegueta
TCK-70701,BASK-701,2025-03-16 22:11:26,Pan de barra,Panadería,1,SPAR-Vegueta
TCK-70701,BASK-701,2025-03-16 22:11:26,Queso curado,Lácteos,3,SPAR-Vegueta
TCK-70701,BASK-701,2025-03-16 22:11:26,Huevos,Lácteos,3,SPAR-Vegueta
TCK-70701,BASK-701,2025-03-16 22:11:26,Guacamole refrigerado,Refrigerados,2,SPAR-Vegueta
TCK-70702,BASK-702,2025-02-18 23:17:26,Cereal de desayuno,Cereales,3,SPAR-Vegueta
TCK-70702,BASK-702,2025-02-18 23:17:26,Salsa de tomate,Conservas,3,SPAR-Vegueta
TCK-70702,BASK-702,2025-02-18 23:17:26,Leche entera,Lácteos,1,SPAR-Vegueta
TCK-70703,BASK-703,2025-11-02 16:28:26,Pan de hamburguesa,Panadería,2,SPAR-Telde
TCK-70703,BASK-703,2025-11-02 16:28:26,Vino tinto,Bebidas,2,SPAR-Telde
TCK-70703,BASK-703,2025-11-02 16:28:26,Galletas,Dulces,3,SPAR-Telde
TCK-70703,BASK-703,2025-11-02 16:28:26,Pañales,Bebé,2,SPAR-Telde
TCK-70703,BASK-703,2025-11-02 16:28:26,Cerveza,Bebidas,3,SPAR-Telde
TCK-70704,BASK-704,2025-07-24 21:08:26,Plátanos,Frutas,2,SPAR-Vegueta
TCK-70704,BASK-704,2025-07-24 21:08:26,Café molido,Bebidas,3,SPAR-Vegueta
TCK-70704,BASK-704,2025-07-24 21:08:26,Vino tinto,Bebidas,3,SPAR-Vegueta
TCK-70704,BASK-704,2025-07-24 21:08:26,Galletas,Dulces,2,SPAR-Vegueta
TCK-70705,BASK-705,2025-08-21 21:16:26,Tomates,Verduras,3,Mercadona-Triana
TCK-70705,BASK-705,2025-08-21 21:16:26,Lechuga,Verduras,1,Mercadona-Triana
TCK-70705,BASK-705,2025-08-21 21:16:26,Salsa mexicana,Salsas,1,Mercadona-Triana
TCK-70705,BASK-705,2025-08-21 21:16:26,Pan de barra,Panadería,2,Mercadona-Triana
TCK-70705,BASK-705,2025-08-21 21:16:26,Nachos de maíz,Snacks,3,Mercadona-Triana
TCK-70705,BASK-705,2025-08-21 21:16:26,Huevos,Lácteos,2,Mercadona-Triana
TCK-70705,BASK-705,2025-08-21 21:16:26,Guacamole refrigerado,Refrigerados,2,Mercadona-Triana
TCK-70705,BASK-705,2025-08-21 21:16:26,Refresco cola,Bebidas,2,Mercadona-Triana
TCK-70706,BASK-706,2025-05-02 22:29:26,Mermelada de fresa,Conservas,3,HiperDino-SietePalmas
TCK-70706,BASK-706,2025-05-02 22:29:26,Café molido,Bebidas,2,HiperDino-SietePalmas
TCK-70706,BASK-706,2025-05-02 22:29:26,Refresco cola,Bebidas,1,HiperDino-SietePalmas
TCK-70706,BASK-706,2025-05-02 22:29:26,Tomates,Verduras,1,HiperDino-SietePalmas
TCK-70707,BASK-707,2025-03-22 22:20:26,Pechuga de pollo,Carnicería,1,HiperDino-SietePalmas
TCK-70707,BASK-707,2025-03-22 22:20:26,Patatas fritas bolsa,Snacks,3,HiperDino-SietePalmas
TCK-70707,BASK-707,2025-03-22 22:20:26,Tomates,Verduras,3,HiperDino-SietePalmas
TCK-70707,BASK-707,2025-03-22 22:20:26,Queso curado,Lácteos,1,HiperDino-SietePalmas
TCK-70707,BASK-707,2025-03-22 22:20:26,Cerveza,Bebidas,2,HiperDino-SietePalmas
TCK-70708,BASK-708,2024-12-26 21:12:26,Manzanas,Frutas,1,SPAR-Telde
TCK-70708,BASK-708,2024-12-26 21:12:26,Salsa de tomate,Conservas,2,SPAR-Telde
TCK-70708,BASK-708,2024-12-26 21:12:26,Salsa mexicana,Salsas,2,SPAR-Telde
TCK-70708,BASK-708,2024-12-26 21:12:26,Lechuga,Verduras,1,SPAR-Telde
TCK-70708,BASK-708,2024-12-26 21:12:26,Arroz,Cereales,1,SPAR-Telde
TCK-70708,BASK-708,2024-12-26 21:12:26,Pizza congelada,Congelados,3,SPAR-Telde
TCK-70709,BASK-709,2025-08-08 21:09:26,Cereal de desayuno,Cereales,1,SPAR-Telde
TCK-70709,BASK-709,2025-08-08 21:09:26,Pechuga de pollo,Carnicería,2,SPAR-Telde
TCK-70709,BASK-709,2025-08-08 21:09:26,Plátanos,Frutas,2,SPAR-Telde
TCK-70709,BASK-709,2025-08-08 21:09:26,Leche entera,Lácteos,3,SPAR-Telde
TCK-70709,BASK-709,2025-08-08 21:09:26,ColaCao,Bebidas,2,SPAR-Telde
TCK-70710,BASK-710,2025-03-19 19:28:26,Pechuga de pollo,Carnicería,2,Mercadona-Triana
TCK-70710,BASK-710,2025-03-19 19:28:26,Manzanas,Frutas,3,Mercadona-Triana
TCK-70710,BASK-710,2025-03-19 19:28:26,Carne picada,Carnicería,3,Mercadona-Triana
TCK-70710,BASK-710,2025-03-19 19:28:26,Plátanos,Frutas,2,Mercadona-Triana
TCK-70710,BASK-710,2025-03-19 19:28:26,Aceite de oliva,Aceites,2,Mercadona-Triana
TCK-70711,BASK-711,2025-07-07 15:49:26,Tomates,Verduras,3,HiperDino-SietePalmas
TCK-70711,BASK-711,2025-07-07 15:49:26,Mantequilla,Lácteos,1,HiperDino-SietePalmas
TCK-70711,BASK-711,2025-07-07 15:49:26,Café molido,Bebidas,2,HiperDino-SietePalmas
TCK-70711,BASK-711,2025-07-07 15:49:26,Galletas,Dulces,3,HiperDino-SietePalmas
TCK-70711,BASK-711,2025-07-07 15:49:26,Pan de molde,Panadería,3,HiperDino-SietePalmas
TCK-70712,BASK-712,2025-10-04 16:16:26,Salsa mexicana,Salsas,2,SPAR-Vegueta
TCK-70712,BASK-712,2025-10-04 16:16:26,Queso curado,Lácteos,2,SPAR-Vegueta
TCK-70712,BASK-712,2025-10-04 16:16:26,Mantequilla,Lácteos,1,SPAR-Vegueta
TCK-70712,BASK-712,2025-10-04 16:16:26,Helado de vainilla,Congelados,3,SPAR-Vegueta
TCK-70712,BASK-712,2025-10-04 16:16:26,Nachos de maíz,Snacks,1,SPAR-Vegueta
TCK-70712,BASK-712,2025-10-04 16:16:26,Pan de molde,Panadería,1,SPAR-Vegueta
TCK-70712,BASK-712,2025-10-04 16:16:26,ColaCao,Bebidas,2,SPAR-Vegueta
TCK-70712,BASK-712,2025-10-04 16:16:26,Pizza congelada,Congelados,1,SPAR-Vegueta
TCK-70713,BASK-713,2025-09-01 20:01:26,Arroz,Cereales,2,SPAR-Vegueta
TCK-70713,BASK-713,2025-09-01 20:01:26,Vino tinto,Bebidas,2,SPAR-Vegueta
TCK-70713,BASK-713,2025-09-01 20:01:26,Queso curado,Lácteos,3,SPAR-Vegueta
TCK-70714,BASK-714,2025-06-24 17:44:26,Pechuga de pollo,Carnicería,1,Mercadona-Triana
TCK-70714,BASK-714,2025-06-24 17:44:26,Pan de hamburguesa,Panadería,1,Mercadona-Triana
TCK-70714,BASK-714,2025-06-24 17:44:26,Lechuga,Verduras,3,Mercadona-Triana
TCK-70714,BASK-714,2025-06-24 17:44:26,Arroz,Cereales,3,Mercadona-Triana
TCK-70714,BASK-714,2025-06-24 17:44:26,Yogur natural,Lácteos,2,Mercadona-Triana
TCK-70714,BASK-714,2025-06-24 17:44:26,Café molido,Bebidas,1,Mercadona-Triana
TCK-70714,BASK-714,2025-06-24 17:44:26,Refresco cola,Bebidas,1,Mercadona-Triana
TCK-70714,BASK-714,2025-06-24 17:44:26,Leche entera,Lácteos,2,Mercadona-Triana
TCK-70715,BASK-715,2025-07-01 00:07:26,Salsa mexicana,Salsas,3,SPAR-Vegueta
TCK-70715,BASK-715,2025-07-01 00:07:26,Arroz,Cereales,3,SPAR-Vegueta
TCK-70715,BASK-715,2025-07-01 00:07:26,Plátanos,Frutas,2,SPAR-Vegueta
TCK-70716,BASK-716,2025-06-14 19:10:26,Salsa de tomate,Conservas,2,SPAR-Telde
TCK-70716,BASK-716,2025-06-14 19:10:26,Tomates,Verduras,1,SPAR-Telde
TCK-70716,BASK-716,2025-06-14 19:10:26,Salsa mexicana,Salsas,2,SPAR-Telde
TCK-70716,BASK-716,2025-06-14 19:10:26,Queso curado,Lácteos,2,SPAR-Telde
TCK-70716,BASK-716,2025-06-14 19:10:26,Nachos de maíz,Snacks,1,SPAR-Telde
TCK-70716,BASK-716,2025-06-14 19:10:26,Guacamole refrigerado,Refrigerados,1,SPAR-Telde
TCK-70716,BASK-716,2025-06-14 19:10:26,Refresco cola,Bebidas,3,SPAR-Telde
TCK-70716,BASK-716,2025-06-14 19:10:26,Vino tinto,Bebidas,2,SPAR-Telde
TCK-70716,BASK-716,2025-06-14 19:10:26,Pañales,Bebé,1,SPAR-Telde
TCK-70716,BASK-716,2025-06-14 19:10:26,Cerveza,Bebidas,2,SPAR-Telde
TCK-70717,BASK-717,2025-01-06 13:10:26,Yogur natural,Lácteos,1,SPAR-Vegueta
TCK-70717,BASK-717,2025-01-06 13:10:26,Pañales,Bebé,2,SPAR-Vegueta
TCK-70717,BASK-717,2025-01-06 13:10:26,Cerveza,Bebidas,1,SPAR-Vegueta
TCK-70718,BASK-718,2025-01-31 19:59:26,Carne picada,Carnicería,2,SPAR-Vegueta
TCK-70718,BASK-718,2025-01-31 19:59:26,Salsa de tomate,Conservas,1,SPAR-Vegueta
TCK-70718,BASK-718,2025-01-31 19:59:26,Mermelada de fresa,Conservas,1,SPAR-Vegueta
TCK-70718,BASK-718,2025-01-31 19:59:26,Tomates,Verduras,1,SPAR-Vegueta
TCK-70718,BASK-718,2025-01-31 19:59:26,Arroz,Cereales,3,SPAR-Vegueta
TCK-70718,BASK-718,2025-01-31 19:59:26,Helado de vainilla,Congelados,3,SPAR-Vegueta
TCK-70718,BASK-718,2025-01-31 19:59:26,Nachos de maíz,Snacks,3,SPAR-Vegueta
TCK-70718,BASK-718,2025-01-31 19:59:26,Huevos,Lácteos,2,SPAR-Vegueta
TCK-70718,BASK-718,2025-01-31 19:59:26,Guacamole refrigerado,Refrigerados,2,SPAR-Vegueta
TCK-70718,BASK-718,2025-01-31 19:59:26,Cerveza,Bebidas,2,SPAR-Vegueta
TCK-70719,BASK-719,2025-02-11 19:19:26,Pasta,Cereales,1,SPAR-Vegueta
TCK-70719,BASK-719,2025-02-11 19:19:26,Manzanas,Frutas,3,SPAR-Vegueta
TCK-70719,BASK-719,2025-02-11 19:19:26,Pechuga de pollo,Carnicería,3,SPAR-Vegueta
TCK-70719,BASK-719,2025-02-11 19:19:26,Patatas fritas bolsa,Snacks,1,SPAR-Vegueta
TCK-70719,BASK-719,2025-02-11 19:19:26,Lechuga,Verduras,3,SPAR-Vegueta
TCK-70719,BASK-719,2025-02-11 19:19:26,Yogur natural,Lácteos,2,SPAR-Vegueta
TCK-70719,BASK-719,2025-02-11 19:19:26,Café molido,Bebidas,3,SPAR-Vegueta
TCK-70719,BASK-719,2025-02-11 19:19:26,Leche entera,Lácteos,2,SPAR-Vegueta
TCK-70719,BASK-719,2025-02-11 19:19:26,Vino tinto,Bebidas,1,SPAR-Vegueta
TCK-70720,BASK-720,2025-01-17 20:43:26,Helado de vainilla,Congelados,3,HiperDino-SietePalmas
TCK-70720,BASK-720,2025-01-17 20:43:26,Galletas,Dulces,3,HiperDino-SietePalmas
TCK-70720,BASK-720,2025-01-17 20:43:26,Pan de molde,Panadería,1,HiperDino-SietePalmas
TCK-70720,BASK-720,2025-01-17 20:43:26,ColaCao,Bebidas,1,HiperDino-SietePalmas
TCK-70720,BASK-720,2025-01-17 20:43:26,Pañales,Bebé,2,HiperDino-SietePalmas
TCK-70720,BASK-720,2025-01-17 20:43:26,Cerveza,Bebidas,2,HiperDino-SietePalmas
TCK-70721,BASK-721,2025-09-27 22:39:26,Pechuga de pollo,Carnicería,2,Mercadona-Triana
TCK-70721,BASK-721,2025-09-27 22:39:26,Mermelada de fresa,Conservas,3,Mercadona-Triana
TCK-70721,BASK-721,2025-09-27 22:39:26,Lechuga,Verduras,3,Mercadona-Triana
TCK-70721,BASK-721,2025-09-27 22:39:26,Mantequilla,Lácteos,2,Mercadona-Triana
TCK-70721,BASK-721,2025-09-27 22:39:26,Café molido,Bebidas,2,Mercadona-Triana
TCK-70721,BASK-721,2025-09-27 22:39:26,Refresco cola,Bebidas,3,Mercadona-Triana
TCK-70721,BASK-721,2025-09-27 22:39:26,Leche entera,Lácteos,3,Mercadona-Triana
TCK-70721,BASK-721,2025-09-27 22:39:26,Pan de molde,Panadería,2,Mercadona-Triana
TCK-70722,BASK-722,2025-09-12 12:03:26,Pechuga de pollo,Carnicería,2,SPAR-Telde
TCK-70722,BASK-722,2025-09-12 12:03:26,Arroz,Cereales,3,SPAR-Telde
TCK-70722,BASK-722,2025-09-12 12:03:26,Helado de vainilla,Congelados,3,SPAR-Telde
TCK-70722,BASK-722,2025-09-12 12:03:26,Café molido,Bebidas,3,SPAR-Telde
TCK-70722,BASK-722,2025-09-12 12:03:26,ColaCao,Bebidas,2,SPAR-Telde
TCK-70723,BASK-723,2025-02-25 12:22:26,Salsa mexicana,Salsas,2,SPAR-Telde
TCK-70723,BASK-723,2025-02-25 12:22:26,Yogur natural,Lácteos,3,SPAR-Telde
TCK-70723,BASK-723,2025-02-25 12:22:26,Pan de barra,Panadería,3,SPAR-Telde
TCK-70723,BASK-723,2025-02-25 12:22:26,Queso curado,Lácteos,2,SPAR-Telde
TCK-70723,BASK-723,2025-02-25 12:22:26,Helado de vainilla,Congelados,1,SPAR-Telde
TCK-70723,BASK-723,2025-02-25 12:22:26,Huevos,Lácteos,1,SPAR-Telde
TCK-70723,BASK-723,2025-02-25 12:22:26,Vino tinto,Bebidas,1,SPAR-Telde
TCK-70723,BASK-723,2025-02-25 12:22:26,Galletas,Dulces,3,SPAR-Telde
TCK-70723,BASK-723,2025-02-25 12:22:26,Pañales,Bebé,2,SPAR-Telde
TCK-70723,BASK-723,2025-02-25 12:22:26,Pizza congelada,Congelados,1,SPAR-Telde
TCK-70724,BASK-724,2025-01-19 17:59:26,Carne picada,Carnicería,1,SPAR-Telde
TCK-70724,BASK-724,2025-01-19 17:59:26,Tomates,Verduras,3,SPAR-Telde
TCK-70724,BASK-724,2025-01-19 17:59:26,Mantequilla,Lácteos,2,SPAR-Telde
TCK-70724,BASK-724,2025-01-19 17:59:26,Refresco cola,Bebidas,1,SPAR-Telde
TCK-70724,BASK-724,2025-01-19 17:59:26,Cerveza,Bebidas,1,SPAR-Telde
TCK-70724,BASK-724,2025-01-19 17:59:26,Pizza congelada,Congelados,3,SPAR-Telde
TCK-70725,BASK-725,2025-03-04 16:11:26,Cereal de desayuno,Cereales,3,SPAR-Vegueta
TCK-70725,BASK-725,2025-03-04 16:11:26,Tomates,Verduras,3,SPAR-Vegueta
TCK-70725,BASK-725,2025-03-04 16:11:26,Aceite de oliva,Aceites,2,SPAR-Vegueta
TCK-70725,BASK-725,2025-03-04 16:11:26,Queso curado,Lácteos,2,SPAR-Vegueta
TCK-70725,BASK-725,2025-03-04 16:11:26,Helado de vainilla,Congelados,2,SPAR-Vegueta
TCK-70725,BASK-725,2025-03-04 16:11:26,Vino tinto,Bebidas,2,SPAR-Vegueta
TCK-70725,BASK-725,2025-03-04 16:11:26,Galletas,Dulces,3,SPAR-Vegueta
TCK-70725,BASK-725,2025-03-04 16:11:26,Pañales,Bebé,2,SPAR-Vegueta
TCK-70725,BASK-725,2025-03-04 16:11:26,Pizza congelada,Congelados,2,SPAR-Vegueta
TCK-70726,BASK-726,2025-10-26 18:37:26,Pechuga de pollo,Carnicería,1,SPAR-Telde
TCK-70726,BASK-726,2025-10-26 18:37:26,Salsa de tomate,Conservas,3,SPAR-Telde
TCK-70726,BASK-726,2025-10-26 18:37:26,Queso curado,Lácteos,3,SPAR-Telde
TCK-70726,BASK-726,2025-10-26 18:37:26,Refresco cola,Bebidas,2,SPAR-Telde
TCK-70726,BASK-726,2025-10-26 18:37:26,Vino tinto,Bebidas,3,SPAR-Telde
TCK-70726,BASK-726,2025-10-26 18:37:26,Pan de molde,Panadería,3,SPAR-Telde
TCK-70727,BASK-727,2025-05-01 11:38:26,Pasta,Cereales,3,SPAR-Telde
TCK-70727,BASK-727,2025-05-01 11:38:26,Pañales,Bebé,1,SPAR-Telde
TCK-70727,BASK-727,2025-05-01 11:38:26,Cerveza,Bebidas,1,SPAR-Telde
TCK-70728,BASK-728,2025-08-23 22:18:26,Cereal de desayuno,Cereales,2,SPAR-Telde
TCK-70728,BASK-728,2025-08-23 22:18:26,Patatas fritas bolsa,Snacks,1,SPAR-Telde
TCK-70728,BASK-728,2025-08-23 22:18:26,Lechuga,Verduras,3,SPAR-Telde
TCK-70728,BASK-728,2025-08-23 22:18:26,Guacamole refrigerado,Refrigerados,3,SPAR-Telde
TCK-70728,BASK-728,2025-08-23 22:18:26,Refresco cola,Bebidas,3,SPAR-Telde
TCK-70728,BASK-728,2025-08-23 22:18:26,Pañales,Bebé,2,SPAR-Telde
TCK-70728,BASK-728,2025-08-23 22:18:26,Cerveza,Bebidas,2,SPAR-Telde
TCK-70729,BASK-729,2025-11-19 12:01:26,Pasta,Cereales,3,SPAR-Vegueta
TCK-70729,BASK-729,2025-11-19 12:01:26,Pan de hamburguesa,Panadería,2,SPAR-Vegueta
TCK-70729,BASK-729,2025-11-19 12:01:26,Aceite de oliva,Aceites,3,SPAR-Vegueta
TCK-70729,BASK-729,2025-11-19 12:01:26,Queso curado,Lácteos,2,SPAR-Vegueta
TCK-70729,BASK-729,2025-11-19 12:01:26,Huevos,Lácteos,1,SPAR-Vegueta
TCK-70729,BASK-729,2025-11-19 12:01:26,Guacamole refrigerado,Refrigerados,2,SPAR-Vegueta
TCK-70729,BASK-729,2025-11-19 12:01:26,Refresco cola,Bebidas,2,SPAR-Vegueta
TCK-70729,BASK-729,2025-11-19 12:01:26,Leche entera,Lácteos,3,SPAR-Vegueta
TCK-70729,BASK-729,2025-11-19 12:01:26,ColaCao,Bebidas,3,SPAR-Vegueta
TCK-70730,BASK-730,2025-05-08 23:41:26,Carne picada,Carnicería,2,HiperDino-SietePalmas
TCK-70730,BASK-730,2025-05-08 23:41:26,Plátanos,Frutas,3,HiperDino-SietePalmas
TCK-70730,BASK-730,2025-05-08 23:41:26,Tomates,Verduras,1,HiperDino-SietePalmas
TCK-70730,BASK-730,2025-05-08 23:41:26,Yogur natural,Lácteos,1,HiperDino-SietePalmas
TCK-70730,BASK-730,2025-05-08 23:41:26,Café molido,Bebidas,2,HiperDino-SietePalmas
TCK-70730,BASK-730,2025-05-08 23:41:26,Guacamole refrigerado,Refrigerados,3,HiperDino-SietePalmas
TCK-70730,BASK-730,2025-05-08 23:41:26,Galletas,Dulces,3,HiperDino-SietePalmas
TCK-70730,BASK-730,2025-05-08 23:41:26,ColaCao,Bebidas,3,HiperDino-SietePalmas
TCK-70731,BASK-731,2025-04-12 17:39:26,Mermelada de fresa,Conservas,1,SPAR-Vegueta
TCK-70731,BASK-731,2025-04-12 17:39:26,Aceite de oliva,Aceites,3,SPAR-Vegueta
TCK-70731,BASK-731,2025-04-12 17:39:26,Café molido,Bebidas,3,SPAR-Vegueta
TCK-70731,BASK-731,2025-04-12 17:39:26,Leche entera,Lácteos,1,SPAR-Vegueta
TCK-70731,BASK-731,2025-04-12 17:39:26,Pan de molde,Panadería,2,SPAR-Vegueta
TCK-70731,BASK-731,2025-04-12 17:39:26,Pañales,Bebé,3,SPAR-Vegueta
TCK-70731,BASK-731,2025-04-12 17:39:26,Cerveza,Bebidas,2,SPAR-Vegueta
TCK-70732,BASK-732,2025-06-03 16:22:26,Pan de hamburguesa,Panadería,2,HiperDino-SietePalmas
TCK-70732,BASK-732,2025-06-03 16:22:26,Plátanos,Frutas,2,HiperDino-SietePalmas
TCK-70732,BASK-732,2025-06-03 16:22:26,Patatas fritas bolsa,Snacks,2,HiperDino-SietePalmas
TCK-70732,BASK-732,2025-06-03 16:22:26,Aceite de oliva,Aceites,3,HiperDino-SietePalmas
TCK-70732,BASK-732,2025-06-03 16:22:26,Arroz,Cereales,3,HiperDino-SietePalmas
TCK-70732,BASK-732,2025-06-03 16:22:26,Leche entera,Lácteos,2,HiperDino-SietePalmas
TCK-70732,BASK-732,2025-06-03 16:22:26,ColaCao,Bebidas,3,HiperDino-SietePalmas
TCK-70733,BASK-733,2025-02-17 15:09:26,Salsa de tomate,Conservas,1,SPAR-Telde
TCK-70733,BASK-733,2025-02-17 15:09:26,Queso curado,Lácteos,3,SPAR-Telde
TCK-70733,BASK-733,2025-02-17 15:09:26,Helado de vainilla,Congelados,1,SPAR-Telde
TCK-70733,BASK-733,2025-02-17 15:09:26,Guacamole refrigerado,Refrigerados,2,SPAR-Telde
TCK-70733,BASK-733,2025-02-17 15:09:26,Leche entera,Lácteos,2,SPAR-Telde
TCK-70734,BASK-734,2025-02-02 18:13:26,Carne picada,Carnicería,3,HiperDino-SietePalmas
TCK-70734,BASK-734,2025-02-02 18:13:26,Tomates,Verduras,1,HiperDino-SietePalmas
TCK-70734,BASK-734,2025-02-02 18:13:26,Lechuga,Verduras,1,HiperDino-SietePalmas
TCK-70734,BASK-734,2025-02-02 18:13:26,Leche entera,Lácteos,2,HiperDino-SietePalmas
TCK-70734,BASK-734,2025-02-02 18:13:26,ColaCao,Bebidas,1,HiperDino-SietePalmas
TCK-70735,BASK-735,2024-12-17 12:25:26,Aceite de oliva,Aceites,2,Mercadona-Triana
TCK-70735,BASK-735,2024-12-17 12:25:26,Salsa mexicana,Salsas,1,Mercadona-Triana
TCK-70735,BASK-735,2024-12-17 12:25:26,Mantequilla,Lácteos,3,Mercadona-Triana
TCK-70735,BASK-735,2024-12-17 12:25:26,Helado de vainilla,Congelados,1,Mercadona-Triana
TCK-70735,BASK-735,2024-12-17 12:25:26,Nachos de maíz,Snacks,3,Mercadona-Triana
TCK-70735,BASK-735,2024-12-17 12:25:26,Galletas,Dulces,3,Mercadona-Triana
TCK-70736,BASK-736,2024-11-27 16:53:26,Cereal de desayuno,Cereales,1,SPAR-Vegueta
TCK-70736,BASK-736,2024-11-27 16:53:26,Carne picada,Carnicería,1,SPAR-Vegueta
TCK-70736,BASK-736,2024-11-27 16:53:26,Plátanos,Frutas,3,SPAR-Vegueta
TCK-70736,BASK-736,2024-11-27 16:53:26,Helado de vainilla,Congelados,2,SPAR-Vegueta
TCK-70736,BASK-736,2024-11-27 16:53:26,Huevos,Lácteos,2,SPAR-Vegueta
TCK-70736,BASK-736,2024-11-27 16:53:26,ColaCao,Bebidas,1,SPAR-Vegueta
TCK-70736,BASK-736,2024-11-27 16:53:26,Cerveza,Bebidas,2,SPAR-Vegueta
TCK-70737,BASK-737,2025-01-10 16:16:26,Manzanas,Frutas,2,SPAR-Vegueta
TCK-70737,BASK-737,2025-01-10 16:16:26,Carne picada,Carnicería,1,SPAR-Vegueta
TCK-70737,BASK-737,2025-01-10 16:16:26,Pechuga de pollo,Carnicería,2,SPAR-Vegueta
TCK-70737,BASK-737,2025-01-10 16:16:26,Yogur natural,Lácteos,1,SPAR-Vegueta
TCK-70737,BASK-737,2025-01-10 16:16:26,Pan de barra,Panadería,1,SPAR-Vegueta
TCK-70737,BASK-737,2025-01-10 16:16:26,Queso curado,Lácteos,3,SPAR-Vegueta
TCK-70737,BASK-737,2025-01-10 16:16:26,Helado de vainilla,Congelados,3,SPAR-Vegueta
TCK-70737,BASK-737,2025-01-10 16:16:26,Vino tinto,Bebidas,2,SPAR-Vegueta
TCK-70738,BASK-738,2025-02-12 13:18:26,Queso curado,Lácteos,2,Mercadona-Triana
TCK-70738,BASK-738,2025-02-12 13:18:26,Huevos,Lácteos,2,Mercadona-Triana
TCK-70738,BASK-738,2025-02-12 13:18:26,Guacamole refrigerado,Refrigerados,3,Mercadona-Triana
TCK-70738,BASK-738,2025-02-12 13:18:26,Leche entera,Lácteos,3,Mercadona-Triana
TCK-70738,BASK-738,2025-02-12 13:18:26,Galletas,Dulces,1,Mercadona-Triana
TCK-70738,BASK-738,2025-02-12 13:18:26,ColaCao,Bebidas,1,Mercadona-Triana
TCK-70738,BASK-738,2025-02-12 13:18:26,Pañales,Bebé,2,Mercadona-Triana
TCK-70739,BASK-739,2025-05-23 23:22:26,Carne picada,Carnicería,1,SPAR-Vegueta
TCK-70739,BASK-739,2025-05-23 23:22:26,Salsa de tomate,Conservas,2,SPAR-Vegueta
TCK-70739,BASK-739,2025-05-23 23:22:26,Mermelada de fresa,Conservas,1,SPAR-Vegueta
TCK-70739,BASK-739,2025-05-23 23:22:26,Aceite de oliva,Aceites,3,SPAR-Vegueta
TCK-70739,BASK-739,2025-05-23 23:22:26,Salsa mexicana,Salsas,3,SPAR-Vegueta
TCK-70739,BASK-739,2025-05-23 23:22:26,Huevos,Lácteos,3,SPAR-Vegueta
TCK-70739,BASK-739,2025-05-23 23:22:26,Vino tinto,Bebidas,1,SPAR-Vegueta
TCK-70739,BASK-739,2025-05-23 23:22:26,Galletas,Dulces,3,SPAR-Vegueta
TCK-70739,BASK-739,2025-05-23 23:22:26,Pañales,Bebé,1,SPAR-Vegueta
TCK-70740,BASK-740,2025-01-08 22:03:26,Pechuga de pollo,Carnicería,1,HiperDino-SietePalmas
TCK-70740,BASK-740,2025-01-08 22:03:26,Pan de hamburguesa,Panadería,2,HiperDino-SietePalmas
TCK-70740,BASK-740,2025-01-08 22:03:26,Salsa mexicana,Salsas,2,HiperDino-SietePalmas
TCK-70740,BASK-740,2025-01-08 22:03:26,Yogur natural,Lácteos,2,HiperDino-SietePalmas
TCK-70740,BASK-740,2025-01-08 22:03:26,Arroz,Cereales,3,HiperDino-SietePalmas
TCK-70740,BASK-740,2025-01-08 22:03:26,Café molido,Bebidas,2,HiperDino-SietePalmas
TCK-70740,BASK-740,2025-01-08 22:03:26,Galletas,Dulces,1,HiperDino-SietePalmas
TCK-70741,BASK-741,2024-11-25 20:20:26,Pan de hamburguesa,Panadería,2,SPAR-Telde
TCK-70741,BASK-741,2024-11-25 20:20:26,Mermelada de fresa,Conservas,3,SPAR-Telde
TCK-70741,BASK-741,2024-11-25 20:20:26,Salsa mexicana,Salsas,3,SPAR-Telde
TCK-70741,BASK-741,2024-11-25 20:20:26,Queso curado,Lácteos,3,SPAR-Telde
TCK-70741,BASK-741,2024-11-25 20:20:26,Refresco cola,Bebidas,3,SPAR-Telde
TCK-70741,BASK-741,2024-11-25 20:20:26,Galletas,Dulces,1,SPAR-Telde
TCK-70741,BASK-741,2024-11-25 20:20:26,Pan de molde,Panadería,3,SPAR-Telde
TCK-70741,BASK-741,2024-11-25 20:20:26,Pizza congelada,Congelados,2,SPAR-Telde
TCK-70742,BASK-742,2025-05-03 20:10:26,Pechuga de pollo,Carnicería,1,Mercadona-Triana
TCK-70742,BASK-742,2025-05-03 20:10:26,Huevos,Lácteos,2,Mercadona-Triana
TCK-70742,BASK-742,2025-05-03 20:10:26,Pizza congelada,Congelados,3,Mercadona-Triana
TCK-70743,BASK-743,2025-06-25 16:22:26,Manzanas,Frutas,2,HiperDino-SietePalmas
TCK-70743,BASK-743,2025-06-25 16:22:26,Pan de hamburguesa,Panadería,3,HiperDino-SietePalmas
TCK-70743,BASK-743,2025-06-25 16:22:26,Mermelada de fresa,Conservas,3,HiperDino-SietePalmas
TCK-70743,BASK-743,2025-06-25 16:22:26,Lechuga,Verduras,3,HiperDino-SietePalmas
TCK-70743,BASK-743,2025-06-25 16:22:26,Pizza congelada,Congelados,3,HiperDino-SietePalmas
TCK-70743,BASK-743,2025-06-25 16:22:26,Helado de vainilla,Congelados,2,HiperDino-SietePalmas
TCK-70743,BASK-743,2025-06-25 16:22:26,Refresco cola,Bebidas,1,HiperDino-SietePalmas
TCK-70743,BASK-743,2025-06-25 16:22:26,Leche entera,Lácteos,3,HiperDino-SietePalmas
TCK-70743,BASK-743,2025-06-25 16:22:26,Cerveza,Bebidas,1,HiperDino-SietePalmas
TCK-70744,BASK-744,2025-11-01 18:27:26,Salsa de tomate,Conservas,3,HiperDino-SietePalmas
TCK-70744,BASK-744,2025-11-01 18:27:26,ColaCao,Bebidas,3,HiperDino-SietePalmas
TCK-70744,BASK-744,2025-11-01 18:27:26,Pizza congelada,Congelados,3,HiperDino-SietePalmas
TCK-70745,BASK-745,2024-12-31 11:37:26,Pasta,Cereales,3,Mercadona-Triana
TCK-70745,BASK-745,2024-12-31 11:37:26,Pechuga de pollo,Carnicería,1,Mercadona-Triana
TCK-70745,BASK-745,2024-12-31 11:37:26,Salsa de tomate,Conservas,2,Mercadona-Triana
TCK-70745,BASK-745,2024-12-31 11:37:26,Tomates,Verduras,2,Mercadona-Triana
TCK-70745,BASK-745,2024-12-31 11:37:26,Leche entera,Lácteos,2,Mercadona-Triana
TCK-70746,BASK-746,2025-02-11 18:03:26,Cereal de desayuno,Cereales,1,SPAR-Vegueta
TCK-70746,BASK-746,2025-02-11 18:03:26,Leche entera,Lácteos,1,SPAR-Vegueta
TCK-70746,BASK-746,2025-02-11 18:03:26,Queso curado,Lácteos,1,SPAR-Vegueta
TCK-70747,BASK-747,2025-11-08 14:31:26,Pechuga de pollo,Carnicería,2,SPAR-Telde
TCK-70747,BASK-747,2025-11-08 14:31:26,Yogur natural,Lácteos,1,SPAR-Telde
TCK-70747,BASK-747,2025-11-08 14:31:26,Pan de barra,Panadería,2,SPAR-Telde
TCK-70747,BASK-747,2025-11-08 14:31:26,Nachos de maíz,Snacks,2,SPAR-Telde
TCK-70747,BASK-747,2025-11-08 14:31:26,Guacamole refrigerado,Refrigerados,3,SPAR-Telde
TCK-70747,BASK-747,2025-11-08 14:31:26,Leche entera,Lácteos,3,SPAR-Telde
TCK-70747,BASK-747,2025-11-08 14:31:26,Pan de molde,Panadería,2,SPAR-Telde
TCK-70748,BASK-748,2025-05-05 18:49:26,Carne picada,Carnicería,3,Mercadona-Triana
TCK-70748,BASK-748,2025-05-05 18:49:26,Salsa de tomate,Conservas,1,Mercadona-Triana
TCK-70748,BASK-748,2025-05-05 18:49:26,Mermelada de fresa,Conservas,3,Mercadona-Triana
TCK-70748,BASK-748,2025-05-05 18:49:26,Aceite de oliva,Aceites,1,Mercadona-Triana
TCK-70748,BASK-748,2025-05-05 18:49:26,Salsa mexicana,Salsas,3,Mercadona-Triana
TCK-70748,BASK-748,2025-05-05 18:49:26,Queso curado,Lácteos,2,Mercadona-Triana
TCK-70748,BASK-748,2025-05-05 18:49:26,Refresco cola,Bebidas,1,Mercadona-Triana
TCK-70749,BASK-749,2025-03-20 17:52:26,Manzanas,Frutas,3,SPAR-Telde
TCK-70749,BASK-749,2025-03-20 17:52:26,Tomates,Verduras,3,SPAR-Telde
TCK-70749,BASK-749,2025-03-20 17:52:26,Pan de barra,Panadería,3,SPAR-Telde
TCK-70749,BASK-749,2025-03-20 17:52:26,Mantequilla,Lácteos,1,SPAR-Telde
TCK-70749,BASK-749,2025-03-20 17:52:26,Queso curado,Lácteos,3,SPAR-Telde
TCK-70749,BASK-749,2025-03-20 17:52:26,Leche entera,Lácteos,1,SPAR-Telde
TCK-70749,BASK-749,2025-03-20 17:52:26,Pan de molde,Panadería,1,SPAR-Telde
TCK-70749,BASK-749,2025-03-20 17:52:26,Cerveza,Bebidas,3,SPAR-Telde
TCK-70750,BASK-750,2025-02-17 13:10:26,Pechuga de pollo,Carnicería,1,Mercadona-Triana
TCK-70750,BASK-750,2025-02-17 13:10:26,Manzanas,Frutas,3,Mercadona-Triana
TCK-70750,BASK-750,2025-02-17 13:10:26,Plátanos,Frutas,1,Mercadona-Triana
TCK-70750,BASK-750,2025-02-17 13:10:26,Patatas fritas bolsa,Snacks,1,Mercadona-Triana
TCK-70750,BASK-750,2025-02-17 13:10:26,Salsa mexicana,Salsas,1,Mercadona-Triana
TCK-70750,BASK-750,2025-02-17 13:10:26,Café molido,Bebidas,1,Mercadona-Triana
TCK-70750,BASK-750,2025-02-17 13:10:26,Leche entera,Lácteos,3,Mercadona-Triana
TCK-70750,BASK-750,2025-02-17 13:10:26,Pizza congelada,Congelados,2,Mercadona-Triana
TCK-70751,BASK-751,2025-07-01 21:18:26,Pechuga de pollo,Carnicería,1,HiperDino-SietePalmas
TCK-70751,BASK-751,2025-07-01 21:18:26,Manzanas,Frutas,3,HiperDino-SietePalmas
TCK-70751,BASK-751,2025-07-01 21:18:26,Patatas fritas bolsa,Snacks,3,HiperDino-SietePalmas
TCK-70751,BASK-751,2025-07-01 21:18:26,Carne picada,Carnicería,1,HiperDino-SietePalmas
TCK-70751,BASK-751,2025-07-01 21:18:26,Lechuga,Verduras,3,HiperDino-SietePalmas
TCK-70751,BASK-751,2025-07-01 21:18:26,Café molido,Bebidas,1,HiperDino-SietePalmas
TCK-70752,BASK-752,2025-06-01 16:03:26,Manzanas,Frutas,3,SPAR-Telde
TCK-70752,BASK-752,2025-06-01 16:03:26,Tomates,Verduras,2,SPAR-Telde
TCK-70752,BASK-752,2025-06-01 16:03:26,Arroz,Cereales,1,SPAR-Telde
TCK-70752,BASK-752,2025-06-01 16:03:26,Queso curado,Lácteos,2,SPAR-Telde
TCK-70752,BASK-752,2025-06-01 16:03:26,Vino tinto,Bebidas,1,SPAR-Telde
TCK-70752,BASK-752,2025-06-01 16:03:26,Pan de molde,Panadería,2,SPAR-Telde
TCK-70753,BASK-753,2024-12-08 22:44:26,Pasta,Cereales,1,SPAR-Telde
TCK-70753,BASK-753,2024-12-08 22:44:26,Arroz,Cereales,3,SPAR-Telde
TCK-70753,BASK-753,2024-12-08 22:44:26,Mantequilla,Lácteos,1,SPAR-Telde
TCK-70753,BASK-753,2024-12-08 22:44:26,Huevos,Lácteos,2,SPAR-Telde
TCK-70753,BASK-753,2024-12-08 22:44:26,Café molido,Bebidas,2,SPAR-Telde
TCK-70753,BASK-753,2024-12-08 22:44:26,Galletas,Dulces,1,SPAR-Telde
TCK-70753,BASK-753,2024-12-08 22:44:26,Pan de molde,Panadería,1,SPAR-Telde
TCK-70753,BASK-753,2024-12-08 22:44:26,Pañales,Bebé,2,SPAR-Telde
TCK-70754,BASK-754,2025-07-20 17:40:26,Cereal de desayuno,Cereales,3,Mercadona-Triana
TCK-70754,BASK-754,2025-07-20 17:40:26,Pechuga de pollo,Carnicería,1,Mercadona-Triana
TCK-70754,BASK-754,2025-07-20 17:40:26,Lechuga,Verduras,3,Mercadona-Triana
TCK-70754,BASK-754,2025-07-20 17:40:26,Arroz,Cereales,2,Mercadona-Triana
TCK-70754,BASK-754,2025-07-20 17:40:26,Mantequilla,Lácteos,2,Mercadona-Triana
TCK-70754,BASK-754,2025-07-20 17:40:26,Queso curado,Lácteos,2,Mercadona-Triana
TCK-70754,BASK-754,2025-07-20 17:40:26,Helado de vainilla,Congelados,1,Mercadona-Triana
TCK-70754,BASK-754,2025-07-20 17:40:26,Refresco cola,Bebidas,3,Mercadona-Triana
TCK-70754,BASK-754,2025-07-20 17:40:26,Pan de molde,Panadería,1,Mercadona-Triana
TCK-70754,BASK-754,2025-07-20 17:40:26,Pizza congelada,Congelados,1,Mercadona-Triana
TCK-70755,BASK-755,2025-10-11 17:02:26,Cereal de desayuno,Cereales,3,SPAR-Vegueta
TCK-70755,BASK-755,2025-10-11 17:02:26,Pasta,Cereales,2,SPAR-Vegueta
TCK-70755,BASK-755,2025-10-11 17:02:26,Plátanos,Frutas,3,SPAR-Vegueta
TCK-70755,BASK-755,2025-10-11 17:02:26,Leche entera,Lácteos,1,SPAR-Vegueta
TCK-70755,BASK-755,2025-10-11 17:02:26,Cerveza,Bebidas,1,SPAR-Vegueta
TCK-70756,BASK-756,2025-11-20 21:02:26,Pasta,Cereales,3,SPAR-Vegueta
TCK-70756,BASK-756,2025-11-20 21:02:26,Carne picada,Carnicería,3,SPAR-Vegueta
TCK-70756,BASK-756,2025-11-20 21:02:26,Patatas fritas bolsa,Snacks,1,SPAR-Vegueta
TCK-70756,BASK-756,2025-11-20 21:02:26,Mermelada de fresa,Conservas,2,SPAR-Vegueta
TCK-70756,BASK-756,2025-11-20 21:02:26,Lechuga,Verduras,2,SPAR-Vegueta
TCK-70756,BASK-756,2025-11-20 21:02:26,Queso curado,Lácteos,3,SPAR-Vegueta
TCK-70756,BASK-756,2025-11-20 21:02:26,Galletas,Dulces,1,SPAR-Vegueta
TCK-70756,BASK-756,2025-11-20 21:02:26,Cerveza,Bebidas,3,SPAR-Vegueta
TCK-70757,BASK-757,2025-05-08 18:06:26,Pasta,Cereales,3,HiperDino-SietePalmas
TCK-70757,BASK-757,2025-05-08 18:06:26,Manzanas,Frutas,1,HiperDino-SietePalmas
TCK-70757,BASK-757,2025-05-08 18:06:26,Salsa de tomate,Conservas,2,HiperDino-SietePalmas
TCK-70757,BASK-757,2025-05-08 18:06:26,Aceite de oliva,Aceites,3,HiperDino-SietePalmas
TCK-70757,BASK-757,2025-05-08 18:06:26,Mantequilla,Lácteos,2,HiperDino-SietePalmas
TCK-70757,BASK-757,2025-05-08 18:06:26,Pan de molde,Panadería,2,HiperDino-SietePalmas
TCK-70758,BASK-758,2025-04-24 15:02:26,Carne picada,Carnicería,1,SPAR-Vegueta
TCK-70758,BASK-758,2025-04-24 15:02:26,Plátanos,Frutas,2,SPAR-Vegueta
TCK-70758,BASK-758,2025-04-24 15:02:26,Tomates,Verduras,3,SPAR-Vegueta
TCK-70758,BASK-758,2025-04-24 15:02:26,Mermelada de fresa,Conservas,3,SPAR-Vegueta
TCK-70758,BASK-758,2025-04-24 15:02:26,Aceite de oliva,Aceites,3,SPAR-Vegueta
TCK-70758,BASK-758,2025-04-24 15:02:26,Mantequilla,Lácteos,3,SPAR-Vegueta
TCK-70758,BASK-758,2025-04-24 15:02:26,Nachos de maíz,Snacks,2,SPAR-Vegueta
TCK-70758,BASK-758,2025-04-24 15:02:26,Huevos,Lácteos,1,SPAR-Vegueta
TCK-70758,BASK-758,2025-04-24 15:02:26,Pan de molde,Panadería,1,SPAR-Vegueta
TCK-70758,BASK-758,2025-04-24 15:02:26,ColaCao,Bebidas,1,SPAR-Vegueta
TCK-70759,BASK-759,2024-12-14 13:56:26,Carne picada,Carnicería,1,SPAR-Telde
TCK-70759,BASK-759,2024-12-14 13:56:26,Salsa de tomate,Conservas,3,SPAR-Telde
TCK-70759,BASK-759,2024-12-14 13:56:26,Queso curado,Lácteos,3,SPAR-Telde
TCK-70759,BASK-759,2024-12-14 13:56:26,Guacamole refrigerado,Refrigerados,3,SPAR-Telde
TCK-70759,BASK-759,2024-12-14 13:56:26,Galletas,Dulces,3,SPAR-Telde
TCK-70759,BASK-759,2024-12-14 13:56:26,Pan de molde,Panadería,1,SPAR-Telde
TCK-70760,BASK-760,2025-10-08 21:09:26,Manzanas,Frutas,1,Mercadona-Triana
TCK-70760,BASK-760,2025-10-08 21:09:26,Salsa de tomate,Conservas,1,Mercadona-Triana
TCK-70760,BASK-760,2025-10-08 21:09:26,Queso curado,Lácteos,1,Mercadona-Triana
TCK-70761,BASK-761,2025-07-31 14:35:26,Carne picada,Carnicería,2,HiperDino-SietePalmas
TCK-70761,BASK-761,2025-07-31 14:35:26,Pan de barra,Panadería,3,HiperDino-SietePalmas
TCK-70761,BASK-761,2025-07-31 14:35:26,Pizza congelada,Congelados,1,HiperDino-SietePalmas
TCK-70761,BASK-761,2025-07-31 14:35:26,Queso curado,Lácteos,3,HiperDino-SietePalmas
TCK-70761,BASK-761,2025-07-31 14:35:26,Guacamole refrigerado,Refrigerados,3,HiperDino-SietePalmas
TCK-70761,BASK-761,2025-07-31 14:35:26,Cerveza,Bebidas,2,HiperDino-SietePalmas
TCK-70762,BASK-762,2025-07-13 21:45:26,Manzanas,Frutas,3,SPAR-Vegueta
TCK-70762,BASK-762,2025-07-13 21:45:26,Carne picada,Carnicería,3,SPAR-Vegueta
TCK-70762,BASK-762,2025-07-13 21:45:26,Salsa de tomate,Conservas,3,SPAR-Vegueta
TCK-70762,BASK-762,2025-07-13 21:45:26,Yogur natural,Lácteos,3,SPAR-Vegueta
TCK-70762,BASK-762,2025-07-13 21:45:26,Helado de vainilla,Congelados,2,SPAR-Vegueta
TCK-70762,BASK-762,2025-07-13 21:45:26,Huevos,Lácteos,1,SPAR-Vegueta
TCK-70762,BASK-762,2025-07-13 21:45:26,Refresco cola,Bebidas,2,SPAR-Vegueta
TCK-70762,BASK-762,2025-07-13 21:45:26,Leche entera,Lácteos,1,SPAR-Vegueta
TCK-70763,BASK-763,2025-10-27 15:34:26,Patatas fritas bolsa,Snacks,2,SPAR-Telde
TCK-70763,BASK-763,2025-10-27 15:34:26,Salsa de tomate,Conservas,2,SPAR-Telde
TCK-70763,BASK-763,2025-10-27 15:34:26,Aceite de oliva,Aceites,1,SPAR-Telde
TCK-70763,BASK-763,2025-10-27 15:34:26,Lechuga,Verduras,1,SPAR-Telde
TCK-70763,BASK-763,2025-10-27 15:34:26,Café molido,Bebidas,2,SPAR-Telde
TCK-70763,BASK-763,2025-10-27 15:34:26,Galletas,Dulces,2,SPAR-Telde
TCK-70763,BASK-763,2025-10-27 15:34:26,Cerveza,Bebidas,1,SPAR-Telde
TCK-70764,BASK-764,2025-09-30 12:03:26,Pasta,Cereales,3,SPAR-Telde
TCK-70764,BASK-764,2025-09-30 12:03:26,Pechuga de pollo,Carnicería,3,SPAR-Telde
TCK-70764,BASK-764,2025-09-30 12:03:26,Carne picada,Carnicería,3,SPAR-Telde
TCK-70764,BASK-764,2025-09-30 12:03:26,Salsa de tomate,Conservas,3,SPAR-Telde
TCK-70764,BASK-764,2025-09-30 12:03:26,Refresco cola,Bebidas,2,SPAR-Telde
TCK-70764,BASK-764,2025-09-30 12:03:26,Leche entera,Lácteos,1,SPAR-Telde
TCK-70765,BASK-765,2025-11-15 22:26:26,Pasta,Cereales,1,Mercadona-Triana
TCK-70765,BASK-765,2025-11-15 22:26:26,Pechuga de pollo,Carnicería,1,Mercadona-Triana
TCK-70765,BASK-765,2025-11-15 22:26:26,Carne picada,Carnicería,3,Mercadona-Triana
TCK-70765,BASK-765,2025-11-15 22:26:26,Tomates,Verduras,3,Mercadona-Triana
TCK-70765,BASK-765,2025-11-15 22:26:26,Nachos de maíz,Snacks,2,Mercadona-Triana
TCK-70765,BASK-765,2025-11-15 22:26:26,Huevos,Lácteos,2,Mercadona-Triana
TCK-70765,BASK-765,2025-11-15 22:26:26,Pan de molde,Panadería,2,Mercadona-Triana
TCK-70765,BASK-765,2025-11-15 22:26:26,Pañales,Bebé,2,Mercadona-Triana
TCK-70766,BASK-766,2024-12-26 20:47:26,Salsa mexicana,Salsas,3,Mercadona-Triana
TCK-70766,BASK-766,2024-12-26 20:47:26,Cereal de desayuno,Cereales,3,Mercadona-Triana
TCK-70766,BASK-766,2024-12-26 20:47:26,Mantequilla,Lácteos,2,Mercadona-Triana
TCK-70767,BASK-767,2025-05-04 19:26:26,Pasta,Cereales,2,SPAR-Vegueta
TCK-70767,BASK-767,2025-05-04 19:26:26,Carne picada,Carnicería,3,SPAR-Vegueta
TCK-70767,BASK-767,2025-05-04 19:26:26,Tomates,Verduras,1,SPAR-Vegueta
TCK-70767,BASK-767,2025-05-04 19:26:26,Café molido,Bebidas,2,SPAR-Vegueta
TCK-70767,BASK-767,2025-05-04 19:26:26,Refresco cola,Bebidas,2,SPAR-Vegueta
TCK-70767,BASK-767,2025-05-04 19:26:26,Leche entera,Lácteos,2,SPAR-Vegueta
TCK-70767,BASK-767,2025-05-04 19:26:26,Galletas,Dulces,1,SPAR-Vegueta
TCK-70767,BASK-767,2025-05-04 19:26:26,Vino tinto,Bebidas,2,SPAR-Vegueta
TCK-70767,BASK-767,2025-05-04 19:26:26,ColaCao,Bebidas,2,SPAR-Vegueta
TCK-70767,BASK-767,2025-05-04 19:26:26,Pañales,Bebé,2,SPAR-Vegueta
TCK-70768,BASK-768,2025-11-11 21:31:26,Manzanas,Frutas,3,SPAR-Telde
TCK-70768,BASK-768,2025-11-11 21:31:26,Aceite de oliva,Aceites,2,SPAR-Telde
TCK-70768,BASK-768,2025-11-11 21:31:26,Lechuga,Verduras,1,SPAR-Telde
TCK-70768,BASK-768,2025-11-11 21:31:26,Nachos de maíz,Snacks,1,SPAR-Telde
TCK-70768,BASK-768,2025-11-11 21:31:26,Galletas,Dulces,3,SPAR-Telde
TCK-70769,BASK-769,2025-10-06 14:35:26,Pasta,Cereales,1,SPAR-Vegueta
TCK-70769,BASK-769,2025-10-06 14:35:26,Manzanas,Frutas,3,SPAR-Vegueta
TCK-70769,BASK-769,2025-10-06 14:35:26,Salsa de tomate,Conservas,1,SPAR-Vegueta
TCK-70769,BASK-769,2025-10-06 14:35:26,Mermelada de fresa,Conservas,2,SPAR-Vegueta
TCK-70769,BASK-769,2025-10-06 14:35:26,Tomates,Verduras,3,SPAR-Vegueta
TCK-70769,BASK-769,2025-10-06 14:35:26,Lechuga,Verduras,2,SPAR-Vegueta
TCK-70769,BASK-769,2025-10-06 14:35:26,ColaCao,Bebidas,2,SPAR-Vegueta
TCK-70769,BASK-769,2025-10-06 14:35:26,Pañales,Bebé,2,SPAR-Vegueta
TCK-70770,BASK-770,2025-03-29 16:55:26,Cereal de desayuno,Cereales,1,Mercadona-Triana
TCK-70770,BASK-770,2025-03-29 16:55:26,Carne picada,Carnicería,1,Mercadona-Triana
TCK-70770,BASK-770,2025-03-29 16:55:26,Aceite de oliva,Aceites,3,Mercadona-Triana
TCK-70770,BASK-770,2025-03-29 16:55:26,Lechuga,Verduras,1,Mercadona-Triana
TCK-70770,BASK-770,2025-03-29 16:55:26,Huevos,Lácteos,2,Mercadona-Triana
TCK-70770,BASK-770,2025-03-29 16:55:26,Pan de molde,Panadería,2,Mercadona-Triana
TCK-70770,BASK-770,2025-03-29 16:55:26,Pañales,Bebé,3,Mercadona-Triana
TCK-70771,BASK-771,2025-08-12 17:35:26,Mermelada de fresa,Conservas,3,Mercadona-Triana
TCK-70771,BASK-771,2025-08-12 17:35:26,Tomates,Verduras,1,Mercadona-Triana
TCK-70771,BASK-771,2025-08-12 17:35:26,Galletas,Dulces,2,Mercadona-Triana
TCK-70772,BASK-772,2025-09-21 23:05:26,Helado de vainilla,Congelados,2,HiperDino-SietePalmas
TCK-70772,BASK-772,2025-09-21 23:05:26,Leche entera,Lácteos,2,HiperDino-SietePalmas
TCK-70772,BASK-772,2025-09-21 23:05:26,Vino tinto,Bebidas,3,HiperDino-SietePalmas
TCK-70772,BASK-772,2025-09-21 23:05:26,Pan de molde,Panadería,3,HiperDino-SietePalmas
TCK-70772,BASK-772,2025-09-21 23:05:26,Pañales,Bebé,1,HiperDino-SietePalmas
TCK-70773,BASK-773,2025-04-23 17:44:26,Pechuga de pollo,Carnicería,2,HiperDino-SietePalmas
TCK-70773,BASK-773,2025-04-23 17:44:26,Aceite de oliva,Aceites,2,HiperDino-SietePalmas
TCK-70773,BASK-773,2025-04-23 17:44:26,Salsa mexicana,Salsas,1,HiperDino-SietePalmas
TCK-70773,BASK-773,2025-04-23 17:44:26,Helado de vainilla,Congelados,1,HiperDino-SietePalmas
TCK-70773,BASK-773,2025-04-23 17:44:26,Guacamole refrigerado,Refrigerados,1,HiperDino-SietePalmas
TCK-70773,BASK-773,2025-04-23 17:44:26,Refresco cola,Bebidas,1,HiperDino-SietePalmas
TCK-70773,BASK-773,2025-04-23 17:44:26,Pañales,Bebé,2,HiperDino-SietePalmas
TCK-70773,BASK-773,2025-04-23 17:44:26,Cerveza,Bebidas,3,HiperDino-SietePalmas
TCK-70774,BASK-774,2025-01-29 18:57:26,Carne picada,Carnicería,3,HiperDino-SietePalmas
TCK-70774,BASK-774,2025-01-29 18:57:26,Salsa de tomate,Conservas,1,HiperDino-SietePalmas
TCK-70774,BASK-774,2025-01-29 18:57:26,Tomates,Verduras,3,HiperDino-SietePalmas
TCK-70774,BASK-774,2025-01-29 18:57:26,Lechuga,Verduras,2,HiperDino-SietePalmas
TCK-70774,BASK-774,2025-01-29 18:57:26,Nachos de maíz,Snacks,3,HiperDino-SietePalmas
TCK-70774,BASK-774,2025-01-29 18:57:26,Huevos,Lácteos,1,HiperDino-SietePalmas
TCK-70774,BASK-774,2025-01-29 18:57:26,Refresco cola,Bebidas,2,HiperDino-SietePalmas
TCK-70774,BASK-774,2025-01-29 18:57:26,Leche entera,Lácteos,1,HiperDino-SietePalmas
TCK-70774,BASK-774,2025-01-29 18:57:26,ColaCao,Bebidas,3,HiperDino-SietePalmas
TCK-70774,BASK-774,2025-01-29 18:57:26,Pizza congelada,Congelados,1,HiperDino-SietePalmas
TCK-70775,BASK-775,2024-12-05 21:09:26,Patatas fritas bolsa,Snacks,2,SPAR-Vegueta
TCK-70775,BASK-775,2024-12-05 21:09:26,Salsa mexicana,Salsas,3,SPAR-Vegueta
TCK-70775,BASK-775,2024-12-05 21:09:26,Helado de vainilla,Congelados,2,SPAR-Vegueta
TCK-70775,BASK-775,2024-12-05 21:09:26,Nachos de maíz,Snacks,2,SPAR-Vegueta
TCK-70775,BASK-775,2024-12-05 21:09:26,Café molido,Bebidas,3,SPAR-Vegueta
TCK-70775,BASK-775,2024-12-05 21:09:26,Cerveza,Bebidas,3,SPAR-Vegueta
TCK-70776,BASK-776,2025-09-12 16:48:26,Cereal de desayuno,Cereales,2,HiperDino-SietePalmas
TCK-70776,BASK-776,2025-09-12 16:48:26,Pan de hamburguesa,Panadería,3,HiperDino-SietePalmas
TCK-70776,BASK-776,2025-09-12 16:48:26,Carne picada,Carnicería,2,HiperDino-SietePalmas
TCK-70776,BASK-776,2025-09-12 16:48:26,Helado de vainilla,Congelados,1,HiperDino-SietePalmas
TCK-70776,BASK-776,2025-09-12 16:48:26,Nachos de maíz,Snacks,2,HiperDino-SietePalmas
TCK-70776,BASK-776,2025-09-12 16:48:26,Café molido,Bebidas,1,HiperDino-SietePalmas
TCK-70776,BASK-776,2025-09-12 16:48:26,Refresco cola,Bebidas,3,HiperDino-SietePalmas
TCK-70776,BASK-776,2025-09-12 16:48:26,Vino tinto,Bebidas,3,HiperDino-SietePalmas
TCK-70776,BASK-776,2025-09-12 16:48:26,Pañales,Bebé,3,HiperDino-SietePalmas
TCK-70776,BASK-776,2025-09-12 16:48:26,Pizza congelada,Congelados,1,HiperDino-SietePalmas
TCK-70777,BASK-777,2025-10-20 15:48:26,Carne picada,Carnicería,3,Mercadona-Triana
TCK-70777,BASK-777,2025-10-20 15:48:26,Plátanos,Frutas,2,Mercadona-Triana
TCK-70777,BASK-777,2025-10-20 15:48:26,Salsa de tomate,Conservas,2,Mercadona-Triana
TCK-70777,BASK-777,2025-10-20 15:48:26,Arroz,Cereales,2,Mercadona-Triana
TCK-70777,BASK-777,2025-10-20 15:48:26,Pan de barra,Panadería,1,Mercadona-Triana
TCK-70777,BASK-777,2025-10-20 15:48:26,Helado de vainilla,Congelados,3,Mercadona-Triana
TCK-70777,BASK-777,2025-10-20 15:48:26,Refresco cola,Bebidas,2,Mercadona-Triana
TCK-70778,BASK-778,2024-11-28 23:31:26,Pan de hamburguesa,Panadería,1,HiperDino-SietePalmas
TCK-70778,BASK-778,2024-11-28 23:31:26,Mantequilla,Lácteos,1,HiperDino-SietePalmas
TCK-70778,BASK-778,2024-11-28 23:31:26,Vino tinto,Bebidas,2,HiperDino-SietePalmas
TCK-70778,BASK-778,2024-11-28 23:31:26,Queso curado,Lácteos,2,HiperDino-SietePalmas
TCK-70779,BASK-779,2025-06-22 18:03:26,Pasta,Cereales,1,SPAR-Telde
TCK-70779,BASK-779,2025-06-22 18:03:26,Pechuga de pollo,Carnicería,3,SPAR-Telde
TCK-70779,BASK-779,2025-06-22 18:03:26,Plátanos,Frutas,2,SPAR-Telde
TCK-70779,BASK-779,2025-06-22 18:03:26,Patatas fritas bolsa,Snacks,1,SPAR-Telde
TCK-70779,BASK-779,2025-06-22 18:03:26,Lechuga,Verduras,2,SPAR-Telde
TCK-70779,BASK-779,2025-06-22 18:03:26,Yogur natural,Lácteos,2,SPAR-Telde
TCK-70779,BASK-779,2025-06-22 18:03:26,Guacamole refrigerado,Refrigerados,3,SPAR-Telde
TCK-70779,BASK-779,2025-06-22 18:03:26,Refresco cola,Bebidas,1,SPAR-Telde
TCK-70779,BASK-779,2025-06-22 18:03:26,ColaCao,Bebidas,2,SPAR-Telde
TCK-70779,BASK-779,2025-06-22 18:03:26,Cerveza,Bebidas,2,SPAR-Telde
TCK-70780,BASK-780,2025-05-01 13:05:26,Pasta,Cereales,3,HiperDino-SietePalmas
TCK-70780,BASK-780,2025-05-01 13:05:26,Patatas fritas bolsa,Snacks,1,HiperDino-SietePalmas
TCK-70780,BASK-780,2025-05-01 13:05:26,Yogur natural,Lácteos,3,HiperDino-SietePalmas
TCK-70780,BASK-780,2025-05-01 13:05:26,Helado de vainilla,Congelados,1,HiperDino-SietePalmas
TCK-70780,BASK-780,2025-05-01 13:05:26,Café molido,Bebidas,1,HiperDino-SietePalmas
TCK-70780,BASK-780,2025-05-01 13:05:26,Vino tinto,Bebidas,1,HiperDino-SietePalmas
TCK-70780,BASK-780,2025-05-01 13:05:26,Cerveza,Bebidas,1,HiperDino-SietePalmas
TCK-70780,BASK-780,2025-05-01 13:05:26,Pañales,Bebé,1,HiperDino-SietePalmas
TCK-70780,BASK-780,2025-05-01 13:05:26,Pizza congelada,Congelados,3,HiperDino-SietePalmas
TCK-70781,BASK-781,2024-12-23 23:19:26,Plátanos,Frutas,3,SPAR-Telde
TCK-70781,BASK-781,2024-12-23 23:19:26,Lechuga,Verduras,3,SPAR-Telde
TCK-70781,BASK-781,2024-12-23 23:19:26,Arroz,Cereales,2,SPAR-Telde
TCK-70781,BASK-781,2024-12-23 23:19:26,Mantequilla,Lácteos,3,SPAR-Telde
TCK-70781,BASK-781,2024-12-23 23:19:26,Vino tinto,Bebidas,2,SPAR-Telde
TCK-70781,BASK-781,2024-12-23 23:19:26,Galletas,Dulces,1,SPAR-Telde
TCK-70782,BASK-782,2025-01-04 15:26:26,Pechuga de pollo,Carnicería,3,SPAR-Vegueta
TCK-70782,BASK-782,2025-01-04 15:26:26,Salsa de tomate,Conservas,2,SPAR-Vegueta
TCK-70782,BASK-782,2025-01-04 15:26:26,Salsa mexicana,Salsas,2,SPAR-Vegueta
TCK-70782,BASK-782,2025-01-04 15:26:26,Guacamole refrigerado,Refrigerados,3,SPAR-Vegueta
TCK-70782,BASK-782,2025-01-04 15:26:26,Pizza congelada,Congelados,3,SPAR-Vegueta
TCK-70783,BASK-783,2025-11-04 17:24:26,Carne picada,Carnicería,1,SPAR-Telde
TCK-70783,BASK-783,2025-11-04 17:24:26,Salsa de tomate,Conservas,1,SPAR-Telde
TCK-70783,BASK-783,2025-11-04 17:24:26,Aceite de oliva,Aceites,3,SPAR-Telde
TCK-70783,BASK-783,2025-11-04 17:24:26,Salsa mexicana,Salsas,1,SPAR-Telde
TCK-70783,BASK-783,2025-11-04 17:24:26,Pan de barra,Panadería,1,SPAR-Telde
TCK-70783,BASK-783,2025-11-04 17:24:26,Nachos de maíz,Snacks,2,SPAR-Telde
TCK-70783,BASK-783,2025-11-04 17:24:26,Pan de molde,Panadería,3,SPAR-Telde
TCK-70783,BASK-783,2025-11-04 17:24:26,ColaCao,Bebidas,1,SPAR-Telde
TCK-70784,BASK-784,2025-06-04 18:37:26,Pasta,Cereales,3,SPAR-Vegueta
TCK-70784,BASK-784,2025-06-04 18:37:26,Manzanas,Frutas,3,SPAR-Vegueta
TCK-70784,BASK-784,2025-06-04 18:37:26,Plátanos,Frutas,2,SPAR-Vegueta
TCK-70784,BASK-784,2025-06-04 18:37:26,Helado de vainilla,Congelados,3,SPAR-Vegueta
TCK-70784,BASK-784,2025-06-04 18:37:26,Huevos,Lácteos,2,SPAR-Vegueta
TCK-70784,BASK-784,2025-06-04 18:37:26,Pañales,Bebé,2,SPAR-Vegueta
TCK-70784,BASK-784,2025-06-04 18:37:26,Pizza congelada,Congelados,3,SPAR-Vegueta
TCK-70785,BASK-785,2024-12-14 18:30:26,Salsa de tomate,Conservas,3,SPAR-Telde
TCK-70785,BASK-785,2024-12-14 18:30:26,Patatas fritas bolsa,Snacks,3,SPAR-Telde
TCK-70785,BASK-785,2024-12-14 18:30:26,Mermelada de fresa,Conservas,3,SPAR-Telde
TCK-70785,BASK-785,2024-12-14 18:30:26,Salsa mexicana,Salsas,2,SPAR-Telde
TCK-70785,BASK-785,2024-12-14 18:30:26,Lechuga,Verduras,1,SPAR-Telde
TCK-70785,BASK-785,2024-12-14 18:30:26,Yogur natural,Lácteos,2,SPAR-Telde
TCK-70785,BASK-785,2024-12-14 18:30:26,Arroz,Cereales,1,SPAR-Telde
TCK-70785,BASK-785,2024-12-14 18:30:26,Pizza congelada,Congelados,2,SPAR-Telde
TCK-70785,BASK-785,2024-12-14 18:30:26,Helado de vainilla,Congelados,1,SPAR-Telde
TCK-70785,BASK-785,2024-12-14 18:30:26,Cerveza,Bebidas,3,SPAR-Telde
TCK-70786,BASK-786,2025-07-10 00:06:26,Cereal de desayuno,Cereales,3,SPAR-Vegueta
TCK-70786,BASK-786,2025-07-10 00:06:26,Manzanas,Frutas,1,SPAR-Vegueta
TCK-70786,BASK-786,2025-07-10 00:06:26,Tomates,Verduras,3,SPAR-Vegueta
TCK-70786,BASK-786,2025-07-10 00:06:26,Mantequilla,Lácteos,2,SPAR-Vegueta
TCK-70786,BASK-786,2025-07-10 00:06:26,Leche entera,Lácteos,1,SPAR-Vegueta
TCK-70787,BASK-787,2025-01-24 12:41:26,Patatas fritas bolsa,Snacks,3,SPAR-Vegueta
TCK-70787,BASK-787,2025-01-24 12:41:26,Salsa mexicana,Salsas,1,SPAR-Vegueta
TCK-70787,BASK-787,2025-01-24 12:41:26,Nachos de maíz,Snacks,1,SPAR-Vegueta
TCK-70787,BASK-787,2025-01-24 12:41:26,Guacamole refrigerado,Refrigerados,2,SPAR-Vegueta
TCK-70787,BASK-787,2025-01-24 12:41:26,Café molido,Bebidas,1,SPAR-Vegueta
TCK-70787,BASK-787,2025-01-24 12:41:26,Leche entera,Lácteos,1,SPAR-Vegueta
TCK-70787,BASK-787,2025-01-24 12:41:26,Refresco cola,Bebidas,2,SPAR-Vegueta
TCK-70787,BASK-787,2025-01-24 12:41:26,ColaCao,Bebidas,2,SPAR-Vegueta
TCK-70788,BASK-788,2025-08-30 14:25:26,Manzanas,Frutas,3,Mercadona-Triana
TCK-70788,BASK-788,2025-08-30 14:25:26,Plátanos,Frutas,2,Mercadona-Triana
TCK-70788,BASK-788,2025-08-30 14:25:26,Salsa de tomate,Conservas,3,Mercadona-Triana
TCK-70788,BASK-788,2025-08-30 14:25:26,Salsa mexicana,Salsas,3,Mercadona-Triana
TCK-70788,BASK-788,2025-08-30 14:25:26,Pizza congelada,Congelados,1,Mercadona-Triana
TCK-70788,BASK-788,2025-08-30 14:25:26,Helado de vainilla,Congelados,2,Mercadona-Triana
TCK-70788,BASK-788,2025-08-30 14:25:26,Nachos de maíz,Snacks,3,Mercadona-Triana
TCK-70788,BASK-788,2025-08-30 14:25:26,Vino tinto,Bebidas,1,Mercadona-Triana
TCK-70788,BASK-788,2025-08-30 14:25:26,Pañales,Bebé,2,Mercadona-Triana
TCK-70788,BASK-788,2025-08-30 14:25:26,Cerveza,Bebidas,1,Mercadona-Triana
TCK-70789,BASK-789,2025-01-20 15:15:26,Pasta,Cereales,2,SPAR-Telde
TCK-70789,BASK-789,2025-01-20 15:15:26,Pan de hamburguesa,Panadería,3,SPAR-Telde
TCK-70789,BASK-789,2025-01-20 15:15:26,Mantequilla,Lácteos,3,SPAR-Telde
TCK-70789,BASK-789,2025-01-20 15:15:26,Queso curado,Lácteos,3,SPAR-Telde
TCK-70789,BASK-789,2025-01-20 15:15:26,Nachos de maíz,Snacks,3,SPAR-Telde
TCK-70789,BASK-789,2025-01-20 15:15:26,Leche entera,Lácteos,3,SPAR-Telde
TCK-70790,BASK-790,2025-08-11 18:46:26,Pechuga de pollo,Carnicería,2,SPAR-Vegueta
TCK-70790,BASK-790,2025-08-11 18:46:26,Huevos,Lácteos,3,SPAR-Vegueta
TCK-70790,BASK-790,2025-08-11 18:46:26,ColaCao,Bebidas,2,SPAR-Vegueta
TCK-70790,BASK-790,2025-08-11 18:46:26,Queso curado,Lácteos,1,SPAR-Vegueta
TCK-70791,BASK-791,2025-08-14 18:32:26,Plátanos,Frutas,2,SPAR-Telde
TCK-70791,BASK-791,2025-08-14 18:32:26,Café molido,Bebidas,3,SPAR-Telde
TCK-70791,BASK-791,2025-08-14 18:32:26,Galletas,Dulces,1,SPAR-Telde
TCK-70791,BASK-791,2025-08-14 18:32:26,ColaCao,Bebidas,2,SPAR-Telde
TCK-70791,BASK-791,2025-08-14 18:32:26,Pizza congelada,Congelados,2,SPAR-Telde
TCK-70792,BASK-792,2025-08-24 23:15:26,Salsa de tomate,Conservas,2,SPAR-Telde
TCK-70792,BASK-792,2025-08-24 23:15:26,Tomates,Verduras,1,SPAR-Telde
TCK-70792,BASK-792,2025-08-24 23:15:26,Salsa mexicana,Salsas,2,SPAR-Telde
TCK-70792,BASK-792,2025-08-24 23:15:26,Arroz,Cereales,1,SPAR-Telde
TCK-70792,BASK-792,2025-08-24 23:15:26,Helado de vainilla,Congelados,1,SPAR-Telde
TCK-70792,BASK-792,2025-08-24 23:15:26,Nachos de maíz,Snacks,2,SPAR-Telde
TCK-70792,BASK-792,2025-08-24 23:15:26,Guacamole refrigerado,Refrigerados,3,SPAR-Telde
TCK-70792,BASK-792,2025-08-24 23:15:26,Café molido,Bebidas,3,SPAR-Telde
TCK-70792,BASK-792,2025-08-24 23:15:26,Pan de molde,Panadería,3,SPAR-Telde
TCK-70792,BASK-792,2025-08-24 23:15:26,Cerveza,Bebidas,2,SPAR-Telde
TCK-70793,BASK-793,2025-04-12 19:53:26,Pasta,Cereales,1,SPAR-Vegueta
TCK-70793,BASK-793,2025-04-12 19:53:26,Pan de hamburguesa,Panadería,3,SPAR-Vegueta
TCK-70793,BASK-793,2025-04-12 19:53:26,Mermelada de fresa,Conservas,1,SPAR-Vegueta
TCK-70793,BASK-793,2025-04-12 19:53:26,Aceite de oliva,Aceites,3,SPAR-Vegueta
TCK-70793,BASK-793,2025-04-12 19:53:26,Pan de barra,Panadería,2,SPAR-Vegueta
TCK-70793,BASK-793,2025-04-12 19:53:26,Queso curado,Lácteos,3,SPAR-Vegueta
TCK-70793,BASK-793,2025-04-12 19:53:26,Huevos,Lácteos,2,SPAR-Vegueta
TCK-70793,BASK-793,2025-04-12 19:53:26,Vino tinto,Bebidas,1,SPAR-Vegueta
TCK-70793,BASK-793,2025-04-12 19:53:26,Galletas,Dulces,2,SPAR-Vegueta
TCK-70793,BASK-793,2025-04-12 19:53:26,ColaCao,Bebidas,2,SPAR-Vegueta
TCK-70794,BASK-794,2025-02-13 13:59:26,Aceite de oliva,Aceites,1,HiperDino-SietePalmas
TCK-70794,BASK-794,2025-02-13 13:59:26,Arroz,Cereales,3,HiperDino-SietePalmas
TCK-70794,BASK-794,2025-02-13 13:59:26,Pan de barra,Panadería,2,HiperDino-SietePalmas
TCK-70794,BASK-794,2025-02-13 13:59:26,Nachos de maíz,Snacks,1,HiperDino-SietePalmas
TCK-70794,BASK-794,2025-02-13 13:59:26,Refresco cola,Bebidas,3,HiperDino-SietePalmas
TCK-70795,BASK-795,2025-05-20 14:29:26,Salsa de tomate,Conservas,3,HiperDino-SietePalmas
TCK-70795,BASK-795,2025-05-20 14:29:26,Patatas fritas bolsa,Snacks,3,HiperDino-SietePalmas
TCK-70795,BASK-795,2025-05-20 14:29:26,Arroz,Cereales,1,HiperDino-SietePalmas
TCK-70795,BASK-795,2025-05-20 14:29:26,Queso curado,Lácteos,3,HiperDino-SietePalmas
TCK-70795,BASK-795,2025-05-20 14:29:26,Nachos de maíz,Snacks,2,HiperDino-SietePalmas
TCK-70795,BASK-795,2025-05-20 14:29:26,Huevos,Lácteos,3,HiperDino-SietePalmas
TCK-70795,BASK-795,2025-05-20 14:29:26,Galletas,Dulces,1,HiperDino-SietePalmas
TCK-70796,BASK-796,2025-01-21 16:53:26,Pechuga de pollo,Carnicería,1,Mercadona-Triana
TCK-70796,BASK-796,2025-01-21 16:53:26,Tomates,Verduras,1,Mercadona-Triana
TCK-70796,BASK-796,2025-01-21 16:53:26,Arroz,Cereales,2,Mercadona-Triana
TCK-70796,BASK-796,2025-01-21 16:53:26,Pan de barra,Panadería,1,Mercadona-Triana
TCK-70796,BASK-796,2025-01-21 16:53:26,Helado de vainilla,Congelados,1,Mercadona-Triana
TCK-70796,BASK-796,2025-01-21 16:53:26,Huevos,Lácteos,3,Mercadona-Triana
TCK-70796,BASK-796,2025-01-21 16:53:26,Café molido,Bebidas,1,Mercadona-Triana
TCK-70796,BASK-796,2025-01-21 16:53:26,Refresco cola,Bebidas,1,Mercadona-Triana
TCK-70796,BASK-796,2025-01-21 16:53:26,Leche entera,Lácteos,2,Mercadona-Triana
TCK-70797,BASK-797,2025-03-12 22:44:26,Cereal de desayuno,Cereales,1,Mercadona-Triana
TCK-70797,BASK-797,2025-03-12 22:44:26,Aceite de oliva,Aceites,3,Mercadona-Triana
TCK-70797,BASK-797,2025-03-12 22:44:26,Salsa mexicana,Salsas,3,Mercadona-Triana
TCK-70797,BASK-797,2025-03-12 22:44:26,Yogur natural,Lácteos,1,Mercadona-Triana
TCK-70797,BASK-797,2025-03-12 22:44:26,Mantequilla,Lácteos,2,Mercadona-Triana
TCK-70797,BASK-797,2025-03-12 22:44:26,ColaCao,Bebidas,2,Mercadona-Triana
TCK-70798,BASK-798,2025-08-02 19:33:26,Carne picada,Carnicería,2,Mercadona-Triana
TCK-70798,BASK-798,2025-08-02 19:33:26,Salsa de tomate,Conservas,1,Mercadona-Triana
TCK-70798,BASK-798,2025-08-02 19:33:26,Pan de hamburguesa,Panadería,3,Mercadona-Triana
TCK-70798,BASK-798,2025-08-02 19:33:26,Lechuga,Verduras,1,Mercadona-Triana
TCK-70798,BASK-798,2025-08-02 19:33:26,Refresco cola,Bebidas,1,Mercadona-Triana
TCK-70798,BASK-798,2025-08-02 19:33:26,Pañales,Bebé,1,Mercadona-Triana
TCK-70798,BASK-798,2025-08-02 19:33:26,Cerveza,Bebidas,1,Mercadona-Triana
TCK-70799,BASK-799,2024-12-09 19:17:26,Pechuga de pollo,Carnicería,1,Mercadona-Triana
TCK-70799,BASK-799,2024-12-09 19:17:26,Carne picada,Carnicería,1,Mercadona-Triana
TCK-70799,BASK-799,2024-12-09 19:17:26,Salsa de tomate,Conservas,1,Mercadona-Triana
TCK-70799,BASK-799,2024-12-09 19:17:26,Patatas fritas bolsa,Snacks,3,Mercadona-Triana
TCK-70799,BASK-799,2024-12-09 19:17:26,Arroz,Cereales,2,Mercadona-Triana
TCK-70799,BASK-799,2024-12-09 19:17:26,ColaCao,Bebidas,2,Mercadona-Triana
TCK-70800,BASK-800,2025-10-14 17:44:26,Manzanas,Frutas,2,SPAR-Telde
TCK-70800,BASK-800,2025-10-14 17:44:26,Plátanos,Frutas,2,SPAR-Telde
TCK-70800,BASK-800,2025-10-14 17:44:26,Cerveza,Bebidas,3,SPAR-Telde
TCK-70801,BASK-801,2024-12-26 16:12:26,Pan de hamburguesa,Panadería,3,Mercadona-Triana
TCK-70801,BASK-801,2024-12-26 16:12:26,Plátanos,Frutas,3,Mercadona-Triana
TCK-70801,BASK-801,2024-12-26 16:12:26,Mermelada de fresa,Conservas,1,Mercadona-Triana
TCK-70801,BASK-801,2024-12-26 16:12:26,Tomates,Verduras,1,Mercadona-Triana
TCK-70801,BASK-801,2024-12-26 16:12:26,Yogur natural,Lácteos,1,Mercadona-Triana
TCK-70801,BASK-801,2024-12-26 16:12:26,Helado de vainilla,Congelados,2,Mercadona-Triana
TCK-70801,BASK-801,2024-12-26 16:12:26,Guacamole refrigerado,Refrigerados,3,Mercadona-Triana
TCK-70801,BASK-801,2024-12-26 16:12:26,Vino tinto,Bebidas,1,Mercadona-Triana
TCK-70801,BASK-801,2024-12-26 16:12:26,Pan de molde,Panadería,2,Mercadona-Triana
TCK-70802,BASK-802,2025-06-02 23:17:26,Carne picada,Carnicería,1,SPAR-Vegueta
TCK-70802,BASK-802,2025-06-02 23:17:26,Salsa de tomate,Conservas,3,SPAR-Vegueta
TCK-70802,BASK-802,2025-06-02 23:17:26,Patatas fritas bolsa,Snacks,1,SPAR-Vegueta
TCK-70802,BASK-802,2025-06-02 23:17:26,Tomates,Verduras,1,SPAR-Vegueta
TCK-70802,BASK-802,2025-06-02 23:17:26,Lechuga,Verduras,1,SPAR-Vegueta
TCK-70802,BASK-802,2025-06-02 23:17:26,Arroz,Cereales,2,SPAR-Vegueta
TCK-70802,BASK-802,2025-06-02 23:17:26,Helado de vainilla,Congelados,2,SPAR-Vegueta
TCK-70802,BASK-802,2025-06-02 23:17:26,Leche entera,Lácteos,3,SPAR-Vegueta
TCK-70802,BASK-802,2025-06-02 23:17:26,Pañales,Bebé,3,SPAR-Vegueta
TCK-70803,BASK-803,2025-10-05 20:01:26,Manzanas,Frutas,1,SPAR-Telde
TCK-70803,BASK-803,2025-10-05 20:01:26,Carne picada,Carnicería,3,SPAR-Telde
TCK-70803,BASK-803,2025-10-05 20:01:26,Mermelada de fresa,Conservas,2,SPAR-Telde
TCK-70803,BASK-803,2025-10-05 20:01:26,Aceite de oliva,Aceites,2,SPAR-Telde
TCK-70803,BASK-803,2025-10-05 20:01:26,Yogur natural,Lácteos,3,SPAR-Telde
TCK-70803,BASK-803,2025-10-05 20:01:26,Arroz,Cereales,3,SPAR-Telde
TCK-70803,BASK-803,2025-10-05 20:01:26,Nachos de maíz,Snacks,1,SPAR-Telde
TCK-70803,BASK-803,2025-10-05 20:01:26,Cerveza,Bebidas,3,SPAR-Telde
TCK-70804,BASK-804,2025-01-05 15:11:26,Pasta,Cereales,1,SPAR-Vegueta
TCK-70804,BASK-804,2025-01-05 15:11:26,Plátanos,Frutas,1,SPAR-Vegueta
TCK-70804,BASK-804,2025-01-05 15:11:26,Mermelada de fresa,Conservas,2,SPAR-Vegueta
TCK-70804,BASK-804,2025-01-05 15:11:26,Tomates,Verduras,2,SPAR-Vegueta
TCK-70804,BASK-804,2025-01-05 15:11:26,Arroz,Cereales,1,SPAR-Vegueta
TCK-70804,BASK-804,2025-01-05 15:11:26,Mantequilla,Lácteos,1,SPAR-Vegueta
TCK-70804,BASK-804,2025-01-05 15:11:26,Nachos de maíz,Snacks,3,SPAR-Vegueta
TCK-70804,BASK-804,2025-01-05 15:11:26,Guacamole refrigerado,Refrigerados,2,SPAR-Vegueta
TCK-70804,BASK-804,2025-01-05 15:11:26,Vino tinto,Bebidas,2,SPAR-Vegueta
TCK-70804,BASK-804,2025-01-05 15:11:26,Pan de molde,Panadería,3,SPAR-Vegueta
TCK-70805,BASK-805,2025-05-18 12:09:26,Mermelada de fresa,Conservas,3,HiperDino-SietePalmas
TCK-70805,BASK-805,2025-05-18 12:09:26,Galletas,Dulces,1,HiperDino-SietePalmas
TCK-70805,BASK-805,2025-05-18 12:09:26,Cerveza,Bebidas,2,HiperDino-SietePalmas
TCK-70806,BASK-806,2025-10-01 22:46:26,Cereal de desayuno,Cereales,3,Mercadona-Triana
TCK-70806,BASK-806,2025-10-01 22:46:26,Patatas fritas bolsa,Snacks,1,Mercadona-Triana
TCK-70806,BASK-806,2025-10-01 22:46:26,Plátanos,Frutas,1,Mercadona-Triana
TCK-70806,BASK-806,2025-10-01 22:46:26,Tomates,Verduras,3,Mercadona-Triana
TCK-70806,BASK-806,2025-10-01 22:46:26,Pan de barra,Panadería,1,Mercadona-Triana
TCK-70806,BASK-806,2025-10-01 22:46:26,Mantequilla,Lácteos,1,Mercadona-Triana
TCK-70806,BASK-806,2025-10-01 22:46:26,Queso curado,Lácteos,2,Mercadona-Triana
TCK-70806,BASK-806,2025-10-01 22:46:26,Vino tinto,Bebidas,3,Mercadona-Triana
TCK-70807,BASK-807,2025-03-05 17:10:26,Plátanos,Frutas,1,SPAR-Vegueta
TCK-70807,BASK-807,2025-03-05 17:10:26,Salsa mexicana,Salsas,3,SPAR-Vegueta
TCK-70807,BASK-807,2025-03-05 17:10:26,Queso curado,Lácteos,3,SPAR-Vegueta
TCK-70807,BASK-807,2025-03-05 17:10:26,Mantequilla,Lácteos,2,SPAR-Vegueta
TCK-70807,BASK-807,2025-03-05 17:10:26,Guacamole refrigerado,Refrigerados,1,SPAR-Vegueta
TCK-70808,BASK-808,2025-01-28 23:24:26,Manzanas,Frutas,3,SPAR-Telde
TCK-70808,BASK-808,2025-01-28 23:24:26,Pan de hamburguesa,Panadería,2,SPAR-Telde
TCK-70808,BASK-808,2025-01-28 23:24:26,Patatas fritas bolsa,Snacks,1,SPAR-Telde
TCK-70808,BASK-808,2025-01-28 23:24:26,Aceite de oliva,Aceites,3,SPAR-Telde
TCK-70808,BASK-808,2025-01-28 23:24:26,Lechuga,Verduras,2,SPAR-Telde
TCK-70808,BASK-808,2025-01-28 23:24:26,Mantequilla,Lácteos,1,SPAR-Telde
TCK-70808,BASK-808,2025-01-28 23:24:26,Nachos de maíz,Snacks,1,SPAR-Telde
TCK-70808,BASK-808,2025-01-28 23:24:26,Huevos,Lácteos,1,SPAR-Telde
TCK-70808,BASK-808,2025-01-28 23:24:26,Leche entera,Lácteos,2,SPAR-Telde
TCK-70808,BASK-808,2025-01-28 23:24:26,Galletas,Dulces,2,SPAR-Telde
TCK-70809,BASK-809,2025-07-09 21:36:26,Pasta,Cereales,3,HiperDino-SietePalmas
TCK-70809,BASK-809,2025-07-09 21:36:26,Aceite de oliva,Aceites,3,HiperDino-SietePalmas
TCK-70809,BASK-809,2025-07-09 21:36:26,Queso curado,Lácteos,2,HiperDino-SietePalmas
TCK-70809,BASK-809,2025-07-09 21:36:26,Mantequilla,Lácteos,2,HiperDino-SietePalmas
TCK-70809,BASK-809,2025-07-09 21:36:26,Café molido,Bebidas,1,HiperDino-SietePalmas
TCK-70809,BASK-809,2025-07-09 21:36:26,Leche entera,Lácteos,1,HiperDino-SietePalmas
TCK-70810,BASK-810,2024-12-10 21:28:26,Pasta,Cereales,2,SPAR-Telde
TCK-70810,BASK-810,2024-12-10 21:28:26,Salsa de tomate,Conservas,1,SPAR-Telde
TCK-70810,BASK-810,2024-12-10 21:28:26,Aceite de oliva,Aceites,3,SPAR-Telde
TCK-70810,BASK-810,2024-12-10 21:28:26,Lechuga,Verduras,1,SPAR-Telde
TCK-70810,BASK-810,2024-12-10 21:28:26,Yogur natural,Lácteos,1,SPAR-Telde
TCK-70810,BASK-810,2024-12-10 21:28:26,Café molido,Bebidas,1,SPAR-Telde
TCK-70810,BASK-810,2024-12-10 21:28:26,ColaCao,Bebidas,3,SPAR-Telde
TCK-70811,BASK-811,2025-02-13 23:56:26,Tomates,Verduras,2,Mercadona-Triana
TCK-70811,BASK-811,2025-02-13 23:56:26,Mermelada de fresa,Conservas,1,Mercadona-Triana
TCK-70811,BASK-811,2025-02-13 23:56:26,Salsa mexicana,Salsas,1,Mercadona-Triana
TCK-70811,BASK-811,2025-02-13 23:56:26,Lechuga,Verduras,2,Mercadona-Triana
TCK-70811,BASK-811,2025-02-13 23:56:26,Pan de barra,Panadería,3,Mercadona-Triana
TCK-70811,BASK-811,2025-02-13 23:56:26,Helado de vainilla,Congelados,3,Mercadona-Triana
TCK-70812,BASK-812,2025-07-20 14:04:26,Pasta,Cereales,2,SPAR-Vegueta
TCK-70812,BASK-812,2025-07-20 14:04:26,Salsa de tomate,Conservas,3,SPAR-Vegueta
TCK-70812,BASK-812,2025-07-20 14:04:26,Leche entera,Lácteos,1,SPAR-Vegueta
TCK-70812,BASK-812,2025-07-20 14:04:26,Queso curado,Lácteos,3,SPAR-Vegueta
TCK-70813,BASK-813,2025-01-18 19:59:26,Guacamole refrigerado,Refrigerados,1,SPAR-Telde
TCK-70813,BASK-813,2025-01-18 19:59:26,Salsa de tomate,Conservas,3,SPAR-Telde
TCK-70813,BASK-813,2025-01-18 19:59:26,Refresco cola,Bebidas,3,SPAR-Telde
TCK-70813,BASK-813,2025-01-18 19:59:26,Pizza congelada,Congelados,1,SPAR-Telde
TCK-70814,BASK-814,2025-01-28 13:37:26,Pechuga de pollo,Carnicería,1,Mercadona-Triana
TCK-70814,BASK-814,2025-01-28 13:37:26,Patatas fritas bolsa,Snacks,1,Mercadona-Triana
TCK-70814,BASK-814,2025-01-28 13:37:26,Lechuga,Verduras,1,Mercadona-Triana
TCK-70814,BASK-814,2025-01-28 13:37:26,Nachos de maíz,Snacks,3,Mercadona-Triana
TCK-70814,BASK-814,2025-01-28 13:37:26,Guacamole refrigerado,Refrigerados,2,Mercadona-Triana
TCK-70814,BASK-814,2025-01-28 13:37:26,Refresco cola,Bebidas,3,Mercadona-Triana
TCK-70815,BASK-815,2025-08-27 12:06:26,Pan de hamburguesa,Panadería,2,Mercadona-Triana
TCK-70815,BASK-815,2025-08-27 12:06:26,Salsa de tomate,Conservas,3,Mercadona-Triana
TCK-70815,BASK-815,2025-08-27 12:06:26,ColaCao,Bebidas,3,Mercadona-Triana
TCK-70816,BASK-816,2025-11-21 18:41:26,Pan de molde,Panadería,3,SPAR-Vegueta
TCK-70816,BASK-816,2025-11-21 18:41:26,Manzanas,Frutas,3,SPAR-Vegueta
TCK-70816,BASK-816,2025-11-21 18:41:26,Mantequilla,Lácteos,2,SPAR-Vegueta
TCK-70817,BASK-817,2025-11-13 00:19:26,Pañales,Bebé,3,SPAR-Vegueta
TCK-70817,BASK-817,2025-11-13 00:19:26,Leche entera,Lácteos,1,SPAR-Vegueta
TCK-70817,BASK-817,2025-11-13 00:19:26,Mantequilla,Lácteos,3,SPAR-Vegueta
TCK-70818,BASK-818,2025-06-16 11:53:26,Salsa de tomate,Conservas,1,Mercadona-Triana
TCK-70818,BASK-818,2025-06-16 11:53:26,Patatas fritas bolsa,Snacks,1,Mercadona-Triana
TCK-70818,BASK-818,2025-06-16 11:53:26,Mermelada de fresa,Conservas,2,Mercadona-Triana
TCK-70818,BASK-818,2025-06-16 11:53:26,Lechuga,Verduras,3,Mercadona-Triana
TCK-70818,BASK-818,2025-06-16 11:53:26,Queso curado,Lácteos,2,Mercadona-Triana
TCK-70818,BASK-818,2025-06-16 11:53:26,Nachos de maíz,Snacks,2,Mercadona-Triana
TCK-70818,BASK-818,2025-06-16 11:53:26,Huevos,Lácteos,3,Mercadona-Triana
TCK-70818,BASK-818,2025-06-16 11:53:26,Café molido,Bebidas,2,Mercadona-Triana
TCK-70818,BASK-818,2025-06-16 11:53:26,Leche entera,Lácteos,3,Mercadona-Triana
TCK-70818,BASK-818,2025-06-16 11:53:26,Galletas,Dulces,2,Mercadona-Triana
TCK-70819,BASK-819,2025-09-07 14:47:26,Carne picada,Carnicería,1,Mercadona-Triana
TCK-70819,BASK-819,2025-09-07 14:47:26,Yogur natural,Lácteos,2,Mercadona-Triana
TCK-70819,BASK-819,2025-09-07 14:47:26,Tomates,Verduras,1,Mercadona-Triana
TCK-70819,BASK-819,2025-09-07 14:47:26,Queso curado,Lácteos,1,Mercadona-Triana
TCK-70820,BASK-820,2024-12-06 22:07:26,Cereal de desayuno,Cereales,2,SPAR-Telde
TCK-70820,BASK-820,2024-12-06 22:07:26,Manzanas,Frutas,3,SPAR-Telde
TCK-70820,BASK-820,2024-12-06 22:07:26,Patatas fritas bolsa,Snacks,3,SPAR-Telde
TCK-70820,BASK-820,2024-12-06 22:07:26,Leche entera,Lácteos,2,SPAR-Telde
TCK-70820,BASK-820,2024-12-06 22:07:26,ColaCao,Bebidas,3,SPAR-Telde
TCK-70820,BASK-820,2024-12-06 22:07:26,Pizza congelada,Congelados,1,SPAR-Telde
TCK-70821,BASK-821,2025-09-05 18:34:26,Refresco cola,Bebidas,2,SPAR-Vegueta
TCK-70821,BASK-821,2025-09-05 18:34:26,Mantequilla,Lácteos,1,SPAR-Vegueta
TCK-70821,BASK-821,2025-09-05 18:34:26,Aceite de oliva,Aceites,2,SPAR-Vegueta
TCK-70822,BASK-822,2025-03-25 14:01:26,Pechuga de pollo,Carnicería,2,SPAR-Telde
TCK-70822,BASK-822,2025-03-25 14:01:26,Pan de hamburguesa,Panadería,3,SPAR-Telde
TCK-70822,BASK-822,2025-03-25 14:01:26,Patatas fritas bolsa,Snacks,3,SPAR-Telde
TCK-70822,BASK-822,2025-03-25 14:01:26,Manzanas,Frutas,3,SPAR-Telde
TCK-70822,BASK-822,2025-03-25 14:01:26,Aceite de oliva,Aceites,2,SPAR-Telde
TCK-70822,BASK-822,2025-03-25 14:01:26,Yogur natural,Lácteos,2,SPAR-Telde
TCK-70822,BASK-822,2025-03-25 14:01:26,Arroz,Cereales,3,SPAR-Telde
TCK-70822,BASK-822,2025-03-25 14:01:26,Mantequilla,Lácteos,2,SPAR-Telde
TCK-70822,BASK-822,2025-03-25 14:01:26,Leche entera,Lácteos,3,SPAR-Telde
TCK-70822,BASK-822,2025-03-25 14:01:26,Cerveza,Bebidas,2,SPAR-Telde
TCK-70823,BASK-823,2025-10-21 15:03:26,Pasta,Cereales,1,SPAR-Telde
TCK-70823,BASK-823,2025-10-21 15:03:26,Carne picada,Carnicería,3,SPAR-Telde
TCK-70823,BASK-823,2025-10-21 15:03:26,Salsa de tomate,Conservas,3,SPAR-Telde
TCK-70823,BASK-823,2025-10-21 15:03:26,Arroz,Cereales,1,SPAR-Telde
TCK-70823,BASK-823,2025-10-21 15:03:26,Queso curado,Lácteos,3,SPAR-Telde
TCK-70823,BASK-823,2025-10-21 15:03:26,Mantequilla,Lácteos,2,SPAR-Telde
TCK-70823,BASK-823,2025-10-21 15:03:26,Vino tinto,Bebidas,2,SPAR-Telde
TCK-70823,BASK-823,2025-10-21 15:03:26,Pan de molde,Panadería,3,SPAR-Telde
TCK-70823,BASK-823,2025-10-21 15:03:26,ColaCao,Bebidas,3,SPAR-Telde
TCK-70824,BASK-824,2025-06-17 17:13:26,Plátanos,Frutas,1,HiperDino-SietePalmas
TCK-70824,BASK-824,2025-06-17 17:13:26,Aceite de oliva,Aceites,1,HiperDino-SietePalmas
TCK-70824,BASK-824,2025-06-17 17:13:26,Yogur natural,Lácteos,3,HiperDino-SietePalmas
TCK-70824,BASK-824,2025-06-17 17:13:26,Queso curado,Lácteos,2,HiperDino-SietePalmas
TCK-70824,BASK-824,2025-06-17 17:13:26,Nachos de maíz,Snacks,1,HiperDino-SietePalmas
TCK-70824,BASK-824,2025-06-17 17:13:26,Pizza congelada,Congelados,2,HiperDino-SietePalmas
TCK-70825,BASK-825,2025-08-25 17:57:26,Manzanas,Frutas,3,SPAR-Vegueta
TCK-70825,BASK-825,2025-08-25 17:57:26,Carne picada,Carnicería,1,SPAR-Vegueta
TCK-70825,BASK-825,2025-08-25 17:57:26,Tomates,Verduras,3,SPAR-Vegueta
TCK-70825,BASK-825,2025-08-25 17:57:26,Lechuga,Verduras,1,SPAR-Vegueta
TCK-70825,BASK-825,2025-08-25 17:57:26,Arroz,Cereales,1,SPAR-Vegueta
TCK-70825,BASK-825,2025-08-25 17:57:26,Helado de vainilla,Congelados,2,SPAR-Vegueta
TCK-70825,BASK-825,2025-08-25 17:57:26,Guacamole refrigerado,Refrigerados,2,SPAR-Vegueta
TCK-70825,BASK-825,2025-08-25 17:57:26,Refresco cola,Bebidas,1,SPAR-Vegueta
TCK-70825,BASK-825,2025-08-25 17:57:26,Leche entera,Lácteos,3,SPAR-Vegueta
TCK-70825,BASK-825,2025-08-25 17:57:26,ColaCao,Bebidas,2,SPAR-Vegueta
TCK-70826,BASK-826,2025-09-15 23:33:26,Pechuga de pollo,Carnicería,3,HiperDino-SietePalmas
TCK-70826,BASK-826,2025-09-15 23:33:26,Yogur natural,Lácteos,1,HiperDino-SietePalmas
TCK-70826,BASK-826,2025-09-15 23:33:26,Pan de barra,Panadería,1,HiperDino-SietePalmas
TCK-70826,BASK-826,2025-09-15 23:33:26,Queso curado,Lácteos,3,HiperDino-SietePalmas
TCK-70826,BASK-826,2025-09-15 23:33:26,Helado de vainilla,Congelados,1,HiperDino-SietePalmas
TCK-70826,BASK-826,2025-09-15 23:33:26,Nachos de maíz,Snacks,2,HiperDino-SietePalmas
TCK-70826,BASK-826,2025-09-15 23:33:26,Guacamole refrigerado,Refrigerados,1,HiperDino-SietePalmas
TCK-70826,BASK-826,2025-09-15 23:33:26,Pizza congelada,Congelados,2,HiperDino-SietePalmas
TCK-70827,BASK-827,2024-11-25 17:31:26,Cereal de desayuno,Cereales,1,Mercadona-Triana
TCK-70827,BASK-827,2024-11-25 17:31:26,Patatas fritas bolsa,Snacks,2,Mercadona-Triana
TCK-70827,BASK-827,2024-11-25 17:31:26,Mermelada de fresa,Conservas,2,Mercadona-Triana
TCK-70827,BASK-827,2024-11-25 17:31:26,Lechuga,Verduras,3,Mercadona-Triana
TCK-70827,BASK-827,2024-11-25 17:31:26,Refresco cola,Bebidas,1,Mercadona-Triana
TCK-70827,BASK-827,2024-11-25 17:31:26,Vino tinto,Bebidas,2,Mercadona-Triana
TCK-70827,BASK-827,2024-11-25 17:31:26,Leche entera,Lácteos,1,Mercadona-Triana
TCK-70827,BASK-827,2024-11-25 17:31:26,Pan de molde,Panadería,2,Mercadona-Triana
TCK-70827,BASK-827,2024-11-25 17:31:26,Pañales,Bebé,2,Mercadona-Triana
TCK-70827,BASK-827,2024-11-25 17:31:26,Cerveza,Bebidas,2,Mercadona-Triana
TCK-70828,BASK-828,2025-08-12 19:09:26,Pasta,Cereales,1,Mercadona-Triana
TCK-70828,BASK-828,2025-08-12 19:09:26,Carne picada,Carnicería,2,Mercadona-Triana
TCK-70828,BASK-828,2025-08-12 19:09:26,Mermelada de fresa,Conservas,1,Mercadona-Triana
TCK-70828,BASK-828,2025-08-12 19:09:26,Queso curado,Lácteos,3,Mercadona-Triana
TCK-70828,BASK-828,2025-08-12 19:09:26,Galletas,Dulces,1,Mercadona-Triana
TCK-70828,BASK-828,2025-08-12 19:09:26,Cerveza,Bebidas,2,Mercadona-Triana
TCK-70828,BASK-828,2025-08-12 19:09:26,Pizza congelada,Congelados,1,Mercadona-Triana
TCK-70829,BASK-829,2025-08-19 20:17:26,Manzanas,Frutas,3,Mercadona-Triana
TCK-70829,BASK-829,2025-08-19 20:17:26,Pan de hamburguesa,Panadería,3,Mercadona-Triana
TCK-70829,BASK-829,2025-08-19 20:17:26,Plátanos,Frutas,1,Mercadona-Triana
TCK-70830,BASK-830,2025-05-15 17:13:26,Carne picada,Carnicería,1,HiperDino-SietePalmas
TCK-70830,BASK-830,2025-05-15 17:13:26,Salsa de tomate,Conservas,2,HiperDino-SietePalmas
TCK-70830,BASK-830,2025-05-15 17:13:26,Patatas fritas bolsa,Snacks,3,HiperDino-SietePalmas
TCK-70830,BASK-830,2025-05-15 17:13:26,Nachos de maíz,Snacks,3,HiperDino-SietePalmas
TCK-70830,BASK-830,2025-05-15 17:13:26,Guacamole refrigerado,Refrigerados,2,HiperDino-SietePalmas
TCK-70830,BASK-830,2025-05-15 17:13:26,Leche entera,Lácteos,1,HiperDino-SietePalmas
TCK-70830,BASK-830,2025-05-15 17:13:26,ColaCao,Bebidas,2,HiperDino-SietePalmas
TCK-70831,BASK-831,2025-06-30 12:41:26,Cereal de desayuno,Cereales,1,Mercadona-Triana
TCK-70831,BASK-831,2025-06-30 12:41:26,Yogur natural,Lácteos,2,Mercadona-Triana
TCK-70831,BASK-831,2025-06-30 12:41:26,Leche entera,Lácteos,1,Mercadona-Triana
TCK-70831,BASK-831,2025-06-30 12:41:26,Pan de molde,Panadería,1,Mercadona-Triana
TCK-70832,BASK-832,2025-01-26 17:57:26,Lechuga,Verduras,2,Mercadona-Triana
TCK-70832,BASK-832,2025-01-26 17:57:26,Queso curado,Lácteos,2,Mercadona-Triana
TCK-70832,BASK-832,2025-01-26 17:57:26,Helado de vainilla,Congelados,2,Mercadona-Triana
TCK-70832,BASK-832,2025-01-26 17:57:26,Huevos,Lácteos,3,Mercadona-Triana
TCK-70832,BASK-832,2025-01-26 17:57:26,Café molido,Bebidas,2,Mercadona-Triana
TCK-70833,BASK-833,2025-11-03 11:23:26,Pasta,Cereales,1,SPAR-Telde
TCK-70833,BASK-833,2025-11-03 11:23:26,Salsa de tomate,Conservas,2,SPAR-Telde
TCK-70833,BASK-833,2025-11-03 11:23:26,Mantequilla,Lácteos,2,SPAR-Telde
TCK-70833,BASK-833,2025-11-03 11:23:26,Café molido,Bebidas,3,SPAR-Telde
TCK-70833,BASK-833,2025-11-03 11:23:26,Pizza congelada,Congelados,2,SPAR-Telde
TCK-70834,BASK-834,2025-01-15 18:28:26,Carne picada,Carnicería,2,SPAR-Vegueta
TCK-70834,BASK-834,2025-01-15 18:28:26,Patatas fritas bolsa,Snacks,1,SPAR-Vegueta
TCK-70834,BASK-834,2025-01-15 18:28:26,Pan de hamburguesa,Panadería,2,SPAR-Vegueta
TCK-70834,BASK-834,2025-01-15 18:28:26,Tomates,Verduras,3,SPAR-Vegueta
TCK-70834,BASK-834,2025-01-15 18:28:26,Helado de vainilla,Congelados,1,SPAR-Vegueta
TCK-70834,BASK-834,2025-01-15 18:28:26,Café molido,Bebidas,2,SPAR-Vegueta
TCK-70834,BASK-834,2025-01-15 18:28:26,Refresco cola,Bebidas,3,SPAR-Vegueta
TCK-70834,BASK-834,2025-01-15 18:28:26,Galletas,Dulces,2,SPAR-Vegueta
TCK-70834,BASK-834,2025-01-15 18:28:26,Pañales,Bebé,1,SPAR-Vegueta
TCK-70834,BASK-834,2025-01-15 18:28:26,Cerveza,Bebidas,1,SPAR-Vegueta
TCK-70835,BASK-835,2025-10-16 20:52:26,Manzanas,Frutas,3,Mercadona-Triana
TCK-70835,BASK-835,2025-10-16 20:52:26,Carne picada,Carnicería,1,Mercadona-Triana
TCK-70835,BASK-835,2025-10-16 20:52:26,Arroz,Cereales,2,Mercadona-Triana
TCK-70835,BASK-835,2025-10-16 20:52:26,Pan de barra,Panadería,1,Mercadona-Triana
TCK-70835,BASK-835,2025-10-16 20:52:26,Mantequilla,Lácteos,1,Mercadona-Triana
TCK-70835,BASK-835,2025-10-16 20:52:26,Guacamole refrigerado,Refrigerados,1,Mercadona-Triana
TCK-70835,BASK-835,2025-10-16 20:52:26,Refresco cola,Bebidas,1,Mercadona-Triana
TCK-70835,BASK-835,2025-10-16 20:52:26,Vino tinto,Bebidas,1,Mercadona-Triana
TCK-70836,BASK-836,2025-07-01 18:24:26,Carne picada,Carnicería,2,SPAR-Vegueta
TCK-70836,BASK-836,2025-07-01 18:24:26,Aceite de oliva,Aceites,3,SPAR-Vegueta
TCK-70836,BASK-836,2025-07-01 18:24:26,Yogur natural,Lácteos,2,SPAR-Vegueta
TCK-70836,BASK-836,2025-07-01 18:24:26,Pan de barra,Panadería,3,SPAR-Vegueta
TCK-70836,BASK-836,2025-07-01 18:24:26,Mantequilla,Lácteos,1,SPAR-Vegueta
TCK-70836,BASK-836,2025-07-01 18:24:26,Queso curado,Lácteos,2,SPAR-Vegueta
TCK-70836,BASK-836,2025-07-01 18:24:26,Helado de vainilla,Congelados,3,SPAR-Vegueta
TCK-70836,BASK-836,2025-07-01 18:24:26,Leche entera,Lácteos,3,SPAR-Vegueta
TCK-70836,BASK-836,2025-07-01 18:24:26,Pan de molde,Panadería,1,SPAR-Vegueta
TCK-70836,BASK-836,2025-07-01 18:24:26,Cerveza,Bebidas,2,SPAR-Vegueta
TCK-70837,BASK-837,2025-05-19 22:38:26,Helado de vainilla,Congelados,3,Mercadona-Triana
TCK-70837,BASK-837,2025-05-19 22:38:26,Café molido,Bebidas,1,Mercadona-Triana
TCK-70837,BASK-837,2025-05-19 22:38:26,Galletas,Dulces,1,Mercadona-Triana
TCK-70838,BASK-838,2025-10-22 00:05:26,Pan de barra,Panadería,1,HiperDino-SietePalmas
TCK-70838,BASK-838,2025-10-22 00:05:26,Pizza congelada,Congelados,3,HiperDino-SietePalmas
TCK-70838,BASK-838,2025-10-22 00:05:26,Mantequilla,Lácteos,3,HiperDino-SietePalmas
TCK-70838,BASK-838,2025-10-22 00:05:26,Refresco cola,Bebidas,2,HiperDino-SietePalmas
TCK-70838,BASK-838,2025-10-22 00:05:26,Cerveza,Bebidas,3,HiperDino-SietePalmas
TCK-70839,BASK-839,2025-06-19 12:52:26,Manzanas,Frutas,3,SPAR-Vegueta
TCK-70839,BASK-839,2025-06-19 12:52:26,Plátanos,Frutas,2,SPAR-Vegueta
TCK-70839,BASK-839,2025-06-19 12:52:26,Tomates,Verduras,2,SPAR-Vegueta
TCK-70839,BASK-839,2025-06-19 12:52:26,Mermelada de fresa,Conservas,3,SPAR-Vegueta
TCK-70839,BASK-839,2025-06-19 12:52:26,Lechuga,Verduras,2,SPAR-Vegueta
TCK-70839,BASK-839,2025-06-19 12:52:26,Salsa mexicana,Salsas,1,SPAR-Vegueta
TCK-70839,BASK-839,2025-06-19 12:52:26,Huevos,Lácteos,1,SPAR-Vegueta
TCK-70839,BASK-839,2025-06-19 12:52:26,Refresco cola,Bebidas,2,SPAR-Vegueta
TCK-70839,BASK-839,2025-06-19 12:52:26,ColaCao,Bebidas,2,SPAR-Vegueta
TCK-70840,BASK-840,2025-07-08 16:13:26,Pasta,Cereales,3,Mercadona-Triana
TCK-70840,BASK-840,2025-07-08 16:13:26,Pan de hamburguesa,Panadería,2,Mercadona-Triana
TCK-70840,BASK-840,2025-07-08 16:13:26,Plátanos,Frutas,1,Mercadona-Triana
TCK-70840,BASK-840,2025-07-08 16:13:26,Salsa mexicana,Salsas,3,Mercadona-Triana
TCK-70840,BASK-840,2025-07-08 16:13:26,Nachos de maíz,Snacks,3,Mercadona-Triana
TCK-70840,BASK-840,2025-07-08 16:13:26,Guacamole refrigerado,Refrigerados,3,Mercadona-Triana
TCK-70840,BASK-840,2025-07-08 16:13:26,Refresco cola,Bebidas,1,Mercadona-Triana
TCK-70841,BASK-841,2025-08-18 12:41:26,Pasta,Cereales,3,Mercadona-Triana
TCK-70841,BASK-841,2025-08-18 12:41:26,Pechuga de pollo,Carnicería,3,Mercadona-Triana
TCK-70841,BASK-841,2025-08-18 12:41:26,Salsa de tomate,Conservas,2,Mercadona-Triana
TCK-70842,BASK-842,2025-11-24 13:47:26,Cereal de desayuno,Cereales,3,SPAR-Telde
TCK-70842,BASK-842,2025-11-24 13:47:26,Pasta,Cereales,1,SPAR-Telde
TCK-70842,BASK-842,2025-11-24 13:47:26,Carne picada,Carnicería,1,SPAR-Telde
TCK-70842,BASK-842,2025-11-24 13:47:26,Salsa de tomate,Conservas,1,SPAR-Telde
TCK-70842,BASK-842,2025-11-24 13:47:26,Plátanos,Frutas,3,SPAR-Telde
TCK-70842,BASK-842,2025-11-24 13:47:26,Tomates,Verduras,3,SPAR-Telde
TCK-70842,BASK-842,2025-11-24 13:47:26,Lechuga,Verduras,1,SPAR-Telde
TCK-70842,BASK-842,2025-11-24 13:47:26,Queso curado,Lácteos,2,SPAR-Telde
TCK-70842,BASK-842,2025-11-24 13:47:26,Mantequilla,Lácteos,3,SPAR-Telde
TCK-70842,BASK-842,2025-11-24 13:47:26,Vino tinto,Bebidas,2,SPAR-Telde
TCK-70843,BASK-843,2025-10-22 22:39:26,Pechuga de pollo,Carnicería,3,SPAR-Vegueta
TCK-70843,BASK-843,2025-10-22 22:39:26,Arroz,Cereales,2,SPAR-Vegueta
TCK-70843,BASK-843,2025-10-22 22:39:26,Pan de barra,Panadería,1,SPAR-Vegueta
TCK-70843,BASK-843,2025-10-22 22:39:26,Mantequilla,Lácteos,1,SPAR-Vegueta
TCK-70843,BASK-843,2025-10-22 22:39:26,Huevos,Lácteos,2,SPAR-Vegueta
TCK-70843,BASK-843,2025-10-22 22:39:26,Café molido,Bebidas,1,SPAR-Vegueta
TCK-70844,BASK-844,2025-07-26 17:49:26,Cereal de desayuno,Cereales,1,HiperDino-SietePalmas
TCK-70844,BASK-844,2025-07-26 17:49:26,Aceite de oliva,Aceites,3,HiperDino-SietePalmas
TCK-70844,BASK-844,2025-07-26 17:49:26,Yogur natural,Lácteos,1,HiperDino-SietePalmas
TCK-70844,BASK-844,2025-07-26 17:49:26,Mantequilla,Lácteos,2,HiperDino-SietePalmas
TCK-70844,BASK-844,2025-07-26 17:49:26,Vino tinto,Bebidas,3,HiperDino-SietePalmas
TCK-70844,BASK-844,2025-07-26 17:49:26,Leche entera,Lácteos,1,HiperDino-SietePalmas
TCK-70844,BASK-844,2025-07-26 17:49:26,Galletas,Dulces,1,HiperDino-SietePalmas
TCK-70844,BASK-844,2025-07-26 17:49:26,ColaCao,Bebidas,3,HiperDino-SietePalmas
TCK-70844,BASK-844,2025-07-26 17:49:26,Pizza congelada,Congelados,2,HiperDino-SietePalmas
TCK-70845,BASK-845,2025-01-12 17:07:26,Pan de hamburguesa,Panadería,1,SPAR-Telde
TCK-70845,BASK-845,2025-01-12 17:07:26,Salsa mexicana,Salsas,2,SPAR-Telde
TCK-70845,BASK-845,2025-01-12 17:07:26,Queso curado,Lácteos,2,SPAR-Telde
TCK-70845,BASK-845,2025-01-12 17:07:26,Huevos,Lácteos,3,SPAR-Telde
TCK-70845,BASK-845,2025-01-12 17:07:26,Galletas,Dulces,1,SPAR-Telde
TCK-70846,BASK-846,2025-04-28 13:56:26,Pasta,Cereales,1,HiperDino-SietePalmas
TCK-70846,BASK-846,2025-04-28 13:56:26,Manzanas,Frutas,3,HiperDino-SietePalmas
TCK-70846,BASK-846,2025-04-28 13:56:26,Cereal de desayuno,Cereales,3,HiperDino-SietePalmas
TCK-70846,BASK-846,2025-04-28 13:56:26,Salsa de tomate,Conservas,1,HiperDino-SietePalmas
TCK-70846,BASK-846,2025-04-28 13:56:26,Aceite de oliva,Aceites,1,HiperDino-SietePalmas
TCK-70846,BASK-846,2025-04-28 13:56:26,Pan de barra,Panadería,3,HiperDino-SietePalmas
TCK-70846,BASK-846,2025-04-28 13:56:26,Mantequilla,Lácteos,1,HiperDino-SietePalmas
TCK-70846,BASK-846,2025-04-28 13:56:26,Leche entera,Lácteos,3,HiperDino-SietePalmas
TCK-70846,BASK-846,2025-04-28 13:56:26,Galletas,Dulces,3,HiperDino-SietePalmas
TCK-70846,BASK-846,2025-04-28 13:56:26,ColaCao,Bebidas,1,HiperDino-SietePalmas
TCK-70847,BASK-847,2025-06-02 23:53:26,Pasta,Cereales,3,SPAR-Vegueta
TCK-70847,BASK-847,2025-06-02 23:53:26,Cereal de desayuno,Cereales,1,SPAR-Vegueta
TCK-70847,BASK-847,2025-06-02 23:53:26,Patatas fritas bolsa,Snacks,2,SPAR-Vegueta
TCK-70847,BASK-847,2025-06-02 23:53:26,Salsa de tomate,Conservas,2,SPAR-Vegueta
TCK-70847,BASK-847,2025-06-02 23:53:26,Mermelada de fresa,Conservas,3,SPAR-Vegueta
TCK-70847,BASK-847,2025-06-02 23:53:26,Tomates,Verduras,3,SPAR-Vegueta
TCK-70847,BASK-847,2025-06-02 23:53:26,Mantequilla,Lácteos,1,SPAR-Vegueta
TCK-70847,BASK-847,2025-06-02 23:53:26,Refresco cola,Bebidas,3,SPAR-Vegueta
TCK-70848,BASK-848,2024-11-24 18:30:26,Pasta,Cereales,1,SPAR-Vegueta
TCK-70848,BASK-848,2024-11-24 18:30:26,Manzanas,Frutas,3,SPAR-Vegueta
TCK-70848,BASK-848,2024-11-24 18:30:26,Salsa de tomate,Conservas,3,SPAR-Vegueta
TCK-70848,BASK-848,2024-11-24 18:30:26,Tomates,Verduras,3,SPAR-Vegueta
TCK-70848,BASK-848,2024-11-24 18:30:26,Lechuga,Verduras,1,SPAR-Vegueta
TCK-70848,BASK-848,2024-11-24 18:30:26,Salsa mexicana,Salsas,1,SPAR-Vegueta
TCK-70848,BASK-848,2024-11-24 18:30:26,Arroz,Cereales,3,SPAR-Vegueta
TCK-70848,BASK-848,2024-11-24 18:30:26,Pan de barra,Panadería,1,SPAR-Vegueta
TCK-70848,BASK-848,2024-11-24 18:30:26,ColaCao,Bebidas,1,SPAR-Vegueta
TCK-70849,BASK-849,2025-04-29 16:11:26,Salsa de tomate,Conservas,1,HiperDino-SietePalmas
TCK-70849,BASK-849,2025-04-29 16:11:26,Vino tinto,Bebidas,1,HiperDino-SietePalmas
TCK-70849,BASK-849,2025-04-29 16:11:26,Queso curado,Lácteos,2,HiperDino-SietePalmas
TCK-70850,BASK-850,2025-01-24 20:23:26,Cereal de desayuno,Cereales,1,SPAR-Vegueta
TCK-70850,BASK-850,2025-01-24 20:23:26,Pan de hamburguesa,Panadería,3,SPAR-Vegueta
TCK-70850,BASK-850,2025-01-24 20:23:26,Salsa de tomate,Conservas,3,SPAR-Vegueta
TCK-70850,BASK-850,2025-01-24 20:23:26,Salsa mexicana,Salsas,1,SPAR-Vegueta
TCK-70850,BASK-850,2025-01-24 20:23:26,Yogur natural,Lácteos,2,SPAR-Vegueta
TCK-70850,BASK-850,2025-01-24 20:23:26,Refresco cola,Bebidas,3,SPAR-Vegueta
TCK-70850,BASK-850,2025-01-24 20:23:26,Galletas,Dulces,1,SPAR-Vegueta
TCK-70850,BASK-850,2025-01-24 20:23:26,ColaCao,Bebidas,3,SPAR-Vegueta
TCK-70850,BASK-850,2025-01-24 20:23:26,Cerveza,Bebidas,2,SPAR-Vegueta
TCK-70851,BASK-851,2025-08-11 21:00:26,Yogur natural,Lácteos,2,HiperDino-SietePalmas
TCK-70851,BASK-851,2025-08-11 21:00:26,Pan de barra,Panadería,2,HiperDino-SietePalmas
TCK-70851,BASK-851,2025-08-11 21:00:26,Queso curado,Lácteos,1,HiperDino-SietePalmas
TCK-70851,BASK-851,2025-08-11 21:00:26,Huevos,Lácteos,1,HiperDino-SietePalmas
TCK-70851,BASK-851,2025-08-11 21:00:26,Guacamole refrigerado,Refrigerados,1,HiperDino-SietePalmas
TCK-70851,BASK-851,2025-08-11 21:00:26,Refresco cola,Bebidas,3,HiperDino-SietePalmas
TCK-70851,BASK-851,2025-08-11 21:00:26,Leche entera,Lácteos,1,HiperDino-SietePalmas
TCK-70851,BASK-851,2025-08-11 21:00:26,Galletas,Dulces,2,HiperDino-SietePalmas
TCK-70852,BASK-852,2025-07-18 20:03:26,Pechuga de pollo,Carnicería,3,SPAR-Telde
TCK-70852,BASK-852,2025-07-18 20:03:26,Pan de hamburguesa,Panadería,1,SPAR-Telde
TCK-70852,BASK-852,2025-07-18 20:03:26,Plátanos,Frutas,1,SPAR-Telde
TCK-70852,BASK-852,2025-07-18 20:03:26,Arroz,Cereales,3,SPAR-Telde
TCK-70852,BASK-852,2025-07-18 20:03:26,Pan de barra,Panadería,2,SPAR-Telde
TCK-70852,BASK-852,2025-07-18 20:03:26,Yogur natural,Lácteos,3,SPAR-Telde
TCK-70852,BASK-852,2025-07-18 20:03:26,Guacamole refrigerado,Refrigerados,3,SPAR-Telde
TCK-70852,BASK-852,2025-07-18 20:03:26,Leche entera,Lácteos,1,SPAR-Telde
TCK-70852,BASK-852,2025-07-18 20:03:26,Galletas,Dulces,2,SPAR-Telde
TCK-70853,BASK-853,2025-11-23 21:47:26,Salsa mexicana,Salsas,3,SPAR-Vegueta
TCK-70853,BASK-853,2025-11-23 21:47:26,Pan de hamburguesa,Panadería,1,SPAR-Vegueta
TCK-70853,BASK-853,2025-11-23 21:47:26,Café molido,Bebidas,3,SPAR-Vegueta
TCK-70853,BASK-853,2025-11-23 21:47:26,Galletas,Dulces,3,SPAR-Vegueta
TCK-70854,BASK-854,2025-11-05 16:09:26,Pechuga de pollo,Carnicería,1,SPAR-Telde
TCK-70854,BASK-854,2025-11-05 16:09:26,Lechuga,Verduras,1,SPAR-Telde
TCK-70854,BASK-854,2025-11-05 16:09:26,Salsa mexicana,Salsas,2,SPAR-Telde
TCK-70854,BASK-854,2025-11-05 16:09:26,Arroz,Cereales,3,SPAR-Telde
TCK-70854,BASK-854,2025-11-05 16:09:26,Pan de barra,Panadería,1,SPAR-Telde
TCK-70854,BASK-854,2025-11-05 16:09:26,Huevos,Lácteos,2,SPAR-Telde
TCK-70854,BASK-854,2025-11-05 16:09:26,Leche entera,Lácteos,1,SPAR-Telde
TCK-70854,BASK-854,2025-11-05 16:09:26,Vino tinto,Bebidas,3,SPAR-Telde
TCK-70854,BASK-854,2025-11-05 16:09:26,Pañales,Bebé,1,SPAR-Telde
TCK-70855,BASK-855,2024-12-15 17:59:26,Patatas fritas bolsa,Snacks,3,HiperDino-SietePalmas
TCK-70855,BASK-855,2024-12-15 17:59:26,Salsa mexicana,Salsas,1,HiperDino-SietePalmas
TCK-70855,BASK-855,2024-12-15 17:59:26,Yogur natural,Lácteos,3,HiperDino-SietePalmas
TCK-70855,BASK-855,2024-12-15 17:59:26,Nachos de maíz,Snacks,2,HiperDino-SietePalmas
TCK-70855,BASK-855,2024-12-15 17:59:26,Guacamole refrigerado,Refrigerados,1,HiperDino-SietePalmas
TCK-70856,BASK-856,2025-06-06 22:40:26,Salsa mexicana,Salsas,1,Mercadona-Triana
TCK-70856,BASK-856,2025-06-06 22:40:26,Café molido,Bebidas,3,Mercadona-Triana
TCK-70856,BASK-856,2025-06-06 22:40:26,Galletas,Dulces,2,Mercadona-Triana
TCK-70857,BASK-857,2025-02-23 18:12:26,Plátanos,Frutas,2,HiperDino-SietePalmas
TCK-70857,BASK-857,2025-02-23 18:12:26,Lechuga,Verduras,3,HiperDino-SietePalmas
TCK-70857,BASK-857,2025-02-23 18:12:26,Queso curado,Lácteos,1,HiperDino-SietePalmas
TCK-70857,BASK-857,2025-02-23 18:12:26,Nachos de maíz,Snacks,3,HiperDino-SietePalmas
TCK-70857,BASK-857,2025-02-23 18:12:26,Huevos,Lácteos,1,HiperDino-SietePalmas
TCK-70857,BASK-857,2025-02-23 18:12:26,Vino tinto,Bebidas,3,HiperDino-SietePalmas
TCK-70857,BASK-857,2025-02-23 18:12:26,Leche entera,Lácteos,2,HiperDino-SietePalmas
TCK-70858,BASK-858,2025-01-21 19:57:26,Huevos,Lácteos,3,SPAR-Telde
TCK-70858,BASK-858,2025-01-21 19:57:26,Salsa de tomate,Conservas,2,SPAR-Telde
TCK-70858,BASK-858,2025-01-21 19:57:26,Café molido,Bebidas,3,SPAR-Telde
TCK-70858,BASK-858,2025-01-21 19:57:26,Cerveza,Bebidas,3,SPAR-Telde
TCK-70859,BASK-859,2025-08-14 15:28:26,Pechuga de pollo,Carnicería,1,Mercadona-Triana
TCK-70859,BASK-859,2025-08-14 15:28:26,Pan de hamburguesa,Panadería,1,Mercadona-Triana
TCK-70859,BASK-859,2025-08-14 15:28:26,Plátanos,Frutas,2,Mercadona-Triana
TCK-70859,BASK-859,2025-08-14 15:28:26,Manzanas,Frutas,2,Mercadona-Triana
TCK-70859,BASK-859,2025-08-14 15:28:26,Huevos,Lácteos,1,Mercadona-Triana
TCK-70859,BASK-859,2025-08-14 15:28:26,Refresco cola,Bebidas,2,Mercadona-Triana
TCK-70859,BASK-859,2025-08-14 15:28:26,ColaCao,Bebidas,2,Mercadona-Triana
TCK-70859,BASK-859,2025-08-14 15:28:26,Pizza congelada,Congelados,3,Mercadona-Triana
TCK-70860,BASK-860,2025-10-16 20:46:26,Pasta,Cereales,1,Mercadona-Triana
TCK-70860,BASK-860,2025-10-16 20:46:26,Cereal de desayuno,Cereales,2,Mercadona-Triana
TCK-70860,BASK-860,2025-10-16 20:46:26,Manzanas,Frutas,2,Mercadona-Triana
TCK-70860,BASK-860,2025-10-16 20:46:26,Patatas fritas bolsa,Snacks,3,Mercadona-Triana
TCK-70860,BASK-860,2025-10-16 20:46:26,Mantequilla,Lácteos,3,Mercadona-Triana
TCK-70860,BASK-860,2025-10-16 20:46:26,Guacamole refrigerado,Refrigerados,1,Mercadona-Triana
TCK-70860,BASK-860,2025-10-16 20:46:26,Pan de molde,Panadería,2,Mercadona-Triana
TCK-70861,BASK-861,2024-11-30 23:22:26,Helado de vainilla,Congelados,3,SPAR-Telde
TCK-70861,BASK-861,2024-11-30 23:22:26,Cereal de desayuno,Cereales,2,SPAR-Telde
TCK-70861,BASK-861,2024-11-30 23:22:26,Galletas,Dulces,1,SPAR-Telde
TCK-70862,BASK-862,2025-02-05 21:19:26,Galletas,Dulces,1,SPAR-Vegueta
TCK-70862,BASK-862,2025-02-05 21:19:26,Vino tinto,Bebidas,1,SPAR-Vegueta
TCK-70862,BASK-862,2025-02-05 21:19:26,Queso curado,Lácteos,2,SPAR-Vegueta
TCK-70863,BASK-863,2025-04-30 16:52:26,Pasta,Cereales,2,Mercadona-Triana
TCK-70863,BASK-863,2025-04-30 16:52:26,Pechuga de pollo,Carnicería,2,Mercadona-Triana
TCK-70863,BASK-863,2025-04-30 16:52:26,Patatas fritas bolsa,Snacks,2,Mercadona-Triana
TCK-70863,BASK-863,2025-04-30 16:52:26,Arroz,Cereales,2,Mercadona-Triana
TCK-70863,BASK-863,2025-04-30 16:52:26,Leche entera,Lácteos,1,Mercadona-Triana
TCK-70863,BASK-863,2025-04-30 16:52:26,Galletas,Dulces,3,Mercadona-Triana
TCK-70863,BASK-863,2025-04-30 16:52:26,Pan de molde,Panadería,2,Mercadona-Triana
TCK-70863,BASK-863,2025-04-30 16:52:26,ColaCao,Bebidas,1,Mercadona-Triana
TCK-70863,BASK-863,2025-04-30 16:52:26,Pañales,Bebé,3,Mercadona-Triana
TCK-70863,BASK-863,2025-04-30 16:52:26,Cerveza,Bebidas,3,Mercadona-Triana
TCK-70864,BASK-864,2025-01-04 22:32:26,Pan de hamburguesa,Panadería,3,SPAR-Vegueta
TCK-70864,BASK-864,2025-01-04 22:32:26,Tomates,Verduras,1,SPAR-Vegueta
TCK-70864,BASK-864,2025-01-04 22:32:26,Mermelada de fresa,Conservas,2,SPAR-Vegueta
TCK-70864,BASK-864,2025-01-04 22:32:26,Aceite de oliva,Aceites,3,SPAR-Vegueta
TCK-70864,BASK-864,2025-01-04 22:32:26,Lechuga,Verduras,1,SPAR-Vegueta
TCK-70864,BASK-864,2025-01-04 22:32:26,Pan de barra,Panadería,3,SPAR-Vegueta
TCK-70864,BASK-864,2025-01-04 22:32:26,Refresco cola,Bebidas,2,SPAR-Vegueta
TCK-70864,BASK-864,2025-01-04 22:32:26,Leche entera,Lácteos,1,SPAR-Vegueta
TCK-70864,BASK-864,2025-01-04 22:32:26,Pizza congelada,Congelados,2,SPAR-Vegueta
TCK-70865,BASK-865,2024-12-28 21:28:26,Salsa de tomate,Conservas,3,HiperDino-SietePalmas
TCK-70865,BASK-865,2024-12-28 21:28:26,Salsa mexicana,Salsas,3,HiperDino-SietePalmas
TCK-70865,BASK-865,2024-12-28 21:28:26,Lechuga,Verduras,1,HiperDino-SietePalmas
TCK-70865,BASK-865,2024-12-28 21:28:26,Yogur natural,Lácteos,2,HiperDino-SietePalmas
TCK-70865,BASK-865,2024-12-28 21:28:26,Queso curado,Lácteos,1,HiperDino-SietePalmas
TCK-70865,BASK-865,2024-12-28 21:28:26,Helado de vainilla,Congelados,1,HiperDino-SietePalmas
TCK-70865,BASK-865,2024-12-28 21:28:26,Nachos de maíz,Snacks,1,HiperDino-SietePalmas
TCK-70865,BASK-865,2024-12-28 21:28:26,Café molido,Bebidas,2,HiperDino-SietePalmas
TCK-70865,BASK-865,2024-12-28 21:28:26,Vino tinto,Bebidas,3,HiperDino-SietePalmas
TCK-70865,BASK-865,2024-12-28 21:28:26,Cerveza,Bebidas,3,HiperDino-SietePalmas
TCK-70866,BASK-866,2025-01-19 22:33:26,Salsa de tomate,Conservas,3,HiperDino-SietePalmas
TCK-70866,BASK-866,2025-01-19 22:33:26,Tomates,Verduras,1,HiperDino-SietePalmas
TCK-70866,BASK-866,2025-01-19 22:33:26,Aceite de oliva,Aceites,3,HiperDino-SietePalmas
TCK-70866,BASK-866,2025-01-19 22:33:26,Salsa mexicana,Salsas,3,HiperDino-SietePalmas
TCK-70866,BASK-866,2025-01-19 22:33:26,Queso curado,Lácteos,2,HiperDino-SietePalmas
TCK-70866,BASK-866,2025-01-19 22:33:26,Huevos,Lácteos,3,HiperDino-SietePalmas
TCK-70866,BASK-866,2025-01-19 22:33:26,Pañales,Bebé,1,HiperDino-SietePalmas
TCK-70866,BASK-866,2025-01-19 22:33:26,Cerveza,Bebidas,2,HiperDino-SietePalmas
TCK-70867,BASK-867,2025-04-17 23:45:26,Cereal de desayuno,Cereales,1,HiperDino-SietePalmas
TCK-70867,BASK-867,2025-04-17 23:45:26,Manzanas,Frutas,2,HiperDino-SietePalmas
TCK-70867,BASK-867,2025-04-17 23:45:26,Salsa de tomate,Conservas,1,HiperDino-SietePalmas
TCK-70867,BASK-867,2025-04-17 23:45:26,Tomates,Verduras,1,HiperDino-SietePalmas
TCK-70867,BASK-867,2025-04-17 23:45:26,Helado de vainilla,Congelados,1,HiperDino-SietePalmas
TCK-70868,BASK-868,2025-09-23 23:34:26,Pasta,Cereales,2,SPAR-Vegueta
TCK-70868,BASK-868,2025-09-23 23:34:26,Manzanas,Frutas,3,SPAR-Vegueta
TCK-70868,BASK-868,2025-09-23 23:34:26,Cereal de desayuno,Cereales,2,SPAR-Vegueta
TCK-70868,BASK-868,2025-09-23 23:34:26,Plátanos,Frutas,2,SPAR-Vegueta
TCK-70868,BASK-868,2025-09-23 23:34:26,Patatas fritas bolsa,Snacks,2,SPAR-Vegueta
TCK-70868,BASK-868,2025-09-23 23:34:26,Lechuga,Verduras,2,SPAR-Vegueta
TCK-70868,BASK-868,2025-09-23 23:34:26,Helado de vainilla,Congelados,1,SPAR-Vegueta
TCK-70868,BASK-868,2025-09-23 23:34:26,Huevos,Lácteos,1,SPAR-Vegueta
TCK-70868,BASK-868,2025-09-23 23:34:26,Guacamole refrigerado,Refrigerados,3,SPAR-Vegueta
TCK-70868,BASK-868,2025-09-23 23:34:26,Pan de molde,Panadería,2,SPAR-Vegueta
TCK-70869,BASK-869,2024-12-16 13:31:26,Huevos,Lácteos,1,SPAR-Telde
TCK-70869,BASK-869,2024-12-16 13:31:26,Salsa de tomate,Conservas,1,SPAR-Telde
TCK-70869,BASK-869,2024-12-16 13:31:26,Pan de barra,Panadería,3,SPAR-Telde
TCK-70869,BASK-869,2024-12-16 13:31:26,Queso curado,Lácteos,1,SPAR-Telde
TCK-70870,BASK-870,2025-04-21 11:57:26,Pasta,Cereales,1,HiperDino-SietePalmas
TCK-70870,BASK-870,2025-04-21 11:57:26,Pechuga de pollo,Carnicería,3,HiperDino-SietePalmas
TCK-70870,BASK-870,2025-04-21 11:57:26,Manzanas,Frutas,3,HiperDino-SietePalmas
TCK-70870,BASK-870,2025-04-21 11:57:26,Leche entera,Lácteos,2,HiperDino-SietePalmas
TCK-70870,BASK-870,2025-04-21 11:57:26,Pizza congelada,Congelados,2,HiperDino-SietePalmas
TCK-70871,BASK-871,2025-07-12 23:53:26,Nachos de maíz,Snacks,3,Mercadona-Triana
TCK-70871,BASK-871,2025-07-12 23:53:26,Refresco cola,Bebidas,3,Mercadona-Triana
TCK-70871,BASK-871,2025-07-12 23:53:26,ColaCao,Bebidas,3,Mercadona-Triana
TCK-70872,BASK-872,2025-02-20 22:45:26,Pasta,Cereales,1,Mercadona-Triana
TCK-70872,BASK-872,2025-02-20 22:45:26,Manzanas,Frutas,1,Mercadona-Triana
TCK-70872,BASK-872,2025-02-20 22:45:26,Mermelada de fresa,Conservas,3,Mercadona-Triana
TCK-70872,BASK-872,2025-02-20 22:45:26,Aceite de oliva,Aceites,3,Mercadona-Triana
TCK-70872,BASK-872,2025-02-20 22:45:26,Yogur natural,Lácteos,1,Mercadona-Triana
TCK-70872,BASK-872,2025-02-20 22:45:26,Helado de vainilla,Congelados,1,Mercadona-Triana
TCK-70872,BASK-872,2025-02-20 22:45:26,Café molido,Bebidas,3,Mercadona-Triana
TCK-70872,BASK-872,2025-02-20 22:45:26,Cerveza,Bebidas,3,Mercadona-Triana
TCK-70872,BASK-872,2025-02-20 22:45:26,Pizza congelada,Congelados,3,Mercadona-Triana
TCK-70873,BASK-873,2024-12-05 11:31:26,Cereal de desayuno,Cereales,2,SPAR-Vegueta
TCK-70873,BASK-873,2024-12-05 11:31:26,Mermelada de fresa,Conservas,3,SPAR-Vegueta
TCK-70873,BASK-873,2024-12-05 11:31:26,Lechuga,Verduras,2,SPAR-Vegueta
TCK-70873,BASK-873,2024-12-05 11:31:26,Mantequilla,Lácteos,2,SPAR-Vegueta
TCK-70873,BASK-873,2024-12-05 11:31:26,Leche entera,Lácteos,3,SPAR-Vegueta
TCK-70874,BASK-874,2025-02-28 20:10:26,Pasta,Cereales,2,SPAR-Vegueta
TCK-70874,BASK-874,2025-02-28 20:10:26,Salsa de tomate,Conservas,2,SPAR-Vegueta
TCK-70874,BASK-874,2025-02-28 20:10:26,Helado de vainilla,Congelados,2,SPAR-Vegueta
TCK-70875,BASK-875,2025-10-21 00:11:26,Pechuga de pollo,Carnicería,3,Mercadona-Triana
TCK-70875,BASK-875,2025-10-21 00:11:26,Arroz,Cereales,3,Mercadona-Triana
TCK-70875,BASK-875,2025-10-21 00:11:26,Queso curado,Lácteos,1,Mercadona-Triana
TCK-70875,BASK-875,2025-10-21 00:11:26,Nachos de maíz,Snacks,1,Mercadona-Triana
TCK-70875,BASK-875,2025-10-21 00:11:26,Pañales,Bebé,3,Mercadona-Triana
TCK-70876,BASK-876,2025-05-09 13:12:26,Pechuga de pollo,Carnicería,1,SPAR-Telde
TCK-70876,BASK-876,2025-05-09 13:12:26,Plátanos,Frutas,3,SPAR-Telde
TCK-70876,BASK-876,2025-05-09 13:12:26,Tomates,Verduras,1,SPAR-Telde
TCK-70876,BASK-876,2025-05-09 13:12:26,Lechuga,Verduras,3,SPAR-Telde
TCK-70876,BASK-876,2025-05-09 13:12:26,Yogur natural,Lácteos,2,SPAR-Telde
TCK-70876,BASK-876,2025-05-09 13:12:26,Helado de vainilla,Congelados,1,SPAR-Telde
TCK-70876,BASK-876,2025-05-09 13:12:26,Leche entera,Lácteos,3,SPAR-Telde
TCK-70876,BASK-876,2025-05-09 13:12:26,Pan de molde,Panadería,3,SPAR-Telde
TCK-70876,BASK-876,2025-05-09 13:12:26,Cerveza,Bebidas,2,SPAR-Telde
TCK-70877,BASK-877,2025-07-31 21:17:26,Carne picada,Carnicería,3,Mercadona-Triana
TCK-70877,BASK-877,2025-07-31 21:17:26,Plátanos,Frutas,2,Mercadona-Triana
TCK-70877,BASK-877,2025-07-31 21:17:26,Salsa de tomate,Conservas,1,Mercadona-Triana
TCK-70877,BASK-877,2025-07-31 21:17:26,Patatas fritas bolsa,Snacks,3,Mercadona-Triana
TCK-70877,BASK-877,2025-07-31 21:17:26,Huevos,Lácteos,3,Mercadona-Triana
TCK-70877,BASK-877,2025-07-31 21:17:26,Guacamole refrigerado,Refrigerados,2,Mercadona-Triana
TCK-70877,BASK-877,2025-07-31 21:17:26,Pizza congelada,Congelados,2,Mercadona-Triana
TCK-70878,BASK-878,2025-10-03 13:32:26,Cereal de desayuno,Cereales,3,SPAR-Vegueta
TCK-70878,BASK-878,2025-10-03 13:32:26,Carne picada,Carnicería,1,SPAR-Vegueta
TCK-70878,BASK-878,2025-10-03 13:32:26,Tomates,Verduras,3,SPAR-Vegueta
TCK-70878,BASK-878,2025-10-03 13:32:26,Queso curado,Lácteos,2,SPAR-Vegueta
TCK-70879,BASK-879,2025-09-04 14:37:26,Pan de hamburguesa,Panadería,3,SPAR-Vegueta
TCK-70879,BASK-879,2025-09-04 14:37:26,Tomates,Verduras,3,SPAR-Vegueta
TCK-70879,BASK-879,2025-09-04 14:37:26,Salsa mexicana,Salsas,1,SPAR-Vegueta
TCK-70879,BASK-879,2025-09-04 14:37:26,Queso curado,Lácteos,2,SPAR-Vegueta
TCK-70879,BASK-879,2025-09-04 14:37:26,Mantequilla,Lácteos,1,SPAR-Vegueta
TCK-70879,BASK-879,2025-09-04 14:37:26,Helado de vainilla,Congelados,2,SPAR-Vegueta
TCK-70879,BASK-879,2025-09-04 14:37:26,Café molido,Bebidas,1,SPAR-Vegueta
TCK-70879,BASK-879,2025-09-04 14:37:26,Refresco cola,Bebidas,1,SPAR-Vegueta
TCK-70879,BASK-879,2025-09-04 14:37:26,Galletas,Dulces,1,SPAR-Vegueta
TCK-70880,BASK-880,2025-02-04 00:15:26,Salsa de tomate,Conservas,1,SPAR-Telde
TCK-70880,BASK-880,2025-02-04 00:15:26,Mantequilla,Lácteos,2,SPAR-Telde
TCK-70880,BASK-880,2025-02-04 00:15:26,Nachos de maíz,Snacks,1,SPAR-Telde
TCK-70880,BASK-880,2025-02-04 00:15:26,Huevos,Lácteos,3,SPAR-Telde
TCK-70880,BASK-880,2025-02-04 00:15:26,Café molido,Bebidas,2,SPAR-Telde
TCK-70880,BASK-880,2025-02-04 00:15:26,Refresco cola,Bebidas,2,SPAR-Telde
TCK-70880,BASK-880,2025-02-04 00:15:26,Leche entera,Lácteos,3,SPAR-Telde
TCK-70880,BASK-880,2025-02-04 00:15:26,Pizza congelada,Congelados,1,SPAR-Telde
TCK-70881,BASK-881,2024-11-29 15:19:26,Manzanas,Frutas,3,SPAR-Vegueta
TCK-70881,BASK-881,2024-11-29 15:19:26,Plátanos,Frutas,3,SPAR-Vegueta
TCK-70881,BASK-881,2024-11-29 15:19:26,Salsa mexicana,Salsas,2,SPAR-Vegueta
TCK-70881,BASK-881,2024-11-29 15:19:26,Arroz,Cereales,1,SPAR-Vegueta
TCK-70881,BASK-881,2024-11-29 15:19:26,Pan de barra,Panadería,2,SPAR-Vegueta
TCK-70881,BASK-881,2024-11-29 15:19:26,Guacamole refrigerado,Refrigerados,2,SPAR-Vegueta
TCK-70881,BASK-881,2024-11-29 15:19:26,Vino tinto,Bebidas,3,SPAR-Vegueta
TCK-70881,BASK-881,2024-11-29 15:19:26,ColaCao,Bebidas,3,SPAR-Vegueta
TCK-70882,BASK-882,2025-06-25 16:34:26,Manzanas,Frutas,2,Mercadona-Triana
TCK-70882,BASK-882,2025-06-25 16:34:26,Salsa de tomate,Conservas,2,Mercadona-Triana
TCK-70882,BASK-882,2025-06-25 16:34:26,Salsa mexicana,Salsas,1,Mercadona-Triana
TCK-70882,BASK-882,2025-06-25 16:34:26,Lechuga,Verduras,3,Mercadona-Triana
TCK-70882,BASK-882,2025-06-25 16:34:26,Arroz,Cereales,2,Mercadona-Triana
TCK-70882,BASK-882,2025-06-25 16:34:26,Pizza congelada,Congelados,1,Mercadona-Triana
TCK-70882,BASK-882,2025-06-25 16:34:26,Mantequilla,Lácteos,2,Mercadona-Triana
TCK-70882,BASK-882,2025-06-25 16:34:26,Helado de vainilla,Congelados,3,Mercadona-Triana
TCK-70882,BASK-882,2025-06-25 16:34:26,Refresco cola,Bebidas,2,Mercadona-Triana
TCK-70882,BASK-882,2025-06-25 16:34:26,Cerveza,Bebidas,3,Mercadona-Triana
TCK-70883,BASK-883,2025-01-28 14:38:26,Queso curado,Lácteos,1,HiperDino-SietePalmas
TCK-70883,BASK-883,2025-01-28 14:38:26,Arroz,Cereales,3,HiperDino-SietePalmas
TCK-70883,BASK-883,2025-01-28 14:38:26,Mermelada de fresa,Conservas,3,HiperDino-SietePalmas
TCK-70883,BASK-883,2025-01-28 14:38:26,Vino tinto,Bebidas,1,HiperDino-SietePalmas
TCK-70884,BASK-884,2024-12-08 18:12:26,Manzanas,Frutas,2,SPAR-Telde
TCK-70884,BASK-884,2024-12-08 18:12:26,Pan de hamburguesa,Panadería,1,SPAR-Telde
TCK-70884,BASK-884,2024-12-08 18:12:26,Mermelada de fresa,Conservas,3,SPAR-Telde
TCK-70884,BASK-884,2024-12-08 18:12:26,Helado de vainilla,Congelados,1,SPAR-Telde
TCK-70884,BASK-884,2024-12-08 18:12:26,Nachos de maíz,Snacks,2,SPAR-Telde
TCK-70884,BASK-884,2024-12-08 18:12:26,Huevos,Lácteos,2,SPAR-Telde
TCK-70884,BASK-884,2024-12-08 18:12:26,Guacamole refrigerado,Refrigerados,3,SPAR-Telde
TCK-70884,BASK-884,2024-12-08 18:12:26,Cerveza,Bebidas,1,SPAR-Telde
TCK-70885,BASK-885,2025-06-01 13:59:26,Cereal de desayuno,Cereales,2,SPAR-Telde
TCK-70885,BASK-885,2025-06-01 13:59:26,Tomates,Verduras,2,SPAR-Telde
TCK-70885,BASK-885,2025-06-01 13:59:26,Aceite de oliva,Aceites,1,SPAR-Telde
TCK-70885,BASK-885,2025-06-01 13:59:26,Arroz,Cereales,3,SPAR-Telde
TCK-70885,BASK-885,2025-06-01 13:59:26,Yogur natural,Lácteos,3,SPAR-Telde
TCK-70885,BASK-885,2025-06-01 13:59:26,Mantequilla,Lácteos,3,SPAR-Telde
TCK-70885,BASK-885,2025-06-01 13:59:26,Huevos,Lácteos,3,SPAR-Telde
TCK-70885,BASK-885,2025-06-01 13:59:26,Vino tinto,Bebidas,3,SPAR-Telde
TCK-70886,BASK-886,2024-12-08 23:40:26,Cereal de desayuno,Cereales,1,HiperDino-SietePalmas
TCK-70886,BASK-886,2024-12-08 23:40:26,Manzanas,Frutas,3,HiperDino-SietePalmas
TCK-70886,BASK-886,2024-12-08 23:40:26,Salsa de tomate,Conservas,1,HiperDino-SietePalmas
TCK-70886,BASK-886,2024-12-08 23:40:26,Refresco cola,Bebidas,3,HiperDino-SietePalmas
TCK-70886,BASK-886,2024-12-08 23:40:26,Leche entera,Lácteos,2,HiperDino-SietePalmas
TCK-70886,BASK-886,2024-12-08 23:40:26,Galletas,Dulces,2,HiperDino-SietePalmas
TCK-70887,BASK-887,2025-11-18 12:28:26,Plátanos,Frutas,3,HiperDino-SietePalmas
TCK-70887,BASK-887,2025-11-18 12:28:26,Tomates,Verduras,3,HiperDino-SietePalmas
TCK-70887,BASK-887,2025-11-18 12:28:26,Nachos de maíz,Snacks,3,HiperDino-SietePalmas
TCK-70887,BASK-887,2025-11-18 12:28:26,Cerveza,Bebidas,2,HiperDino-SietePalmas
TCK-70887,BASK-887,2025-11-18 12:28:26,Pizza congelada,Congelados,1,HiperDino-SietePalmas
TCK-70888,BASK-888,2025-03-01 17:05:26,Pechuga de pollo,Carnicería,1,SPAR-Vegueta
TCK-70888,BASK-888,2025-03-01 17:05:26,Carne picada,Carnicería,1,SPAR-Vegueta
TCK-70888,BASK-888,2025-03-01 17:05:26,Mermelada de fresa,Conservas,2,SPAR-Vegueta
TCK-70888,BASK-888,2025-03-01 17:05:26,Tomates,Verduras,3,SPAR-Vegueta
TCK-70888,BASK-888,2025-03-01 17:05:26,Yogur natural,Lácteos,2,SPAR-Vegueta
TCK-70888,BASK-888,2025-03-01 17:05:26,Queso curado,Lácteos,3,SPAR-Vegueta
TCK-70888,BASK-888,2025-03-01 17:05:26,Café molido,Bebidas,2,SPAR-Vegueta
TCK-70888,BASK-888,2025-03-01 17:05:26,Refresco cola,Bebidas,2,SPAR-Vegueta
TCK-70888,BASK-888,2025-03-01 17:05:26,Leche entera,Lácteos,1,SPAR-Vegueta
TCK-70888,BASK-888,2025-03-01 17:05:26,Pan de molde,Panadería,1,SPAR-Vegueta
TCK-70889,BASK-889,2025-07-26 11:50:26,Pasta,Cereales,2,Mercadona-Triana
TCK-70889,BASK-889,2025-07-26 11:50:26,Pan de hamburguesa,Panadería,2,Mercadona-Triana
TCK-70889,BASK-889,2025-07-26 11:50:26,Salsa de tomate,Conservas,1,Mercadona-Triana
TCK-70889,BASK-889,2025-07-26 11:50:26,Carne picada,Carnicería,3,Mercadona-Triana
TCK-70889,BASK-889,2025-07-26 11:50:26,Mermelada de fresa,Conservas,1,Mercadona-Triana
TCK-70889,BASK-889,2025-07-26 11:50:26,Yogur natural,Lácteos,2,Mercadona-Triana
TCK-70889,BASK-889,2025-07-26 11:50:26,Mantequilla,Lácteos,2,Mercadona-Triana
TCK-70889,BASK-889,2025-07-26 11:50:26,Guacamole refrigerado,Refrigerados,1,Mercadona-Triana
TCK-70889,BASK-889,2025-07-26 11:50:26,Pañales,Bebé,3,Mercadona-Triana
TCK-70890,BASK-890,2025-01-24 17:58:26,Salsa mexicana,Salsas,2,SPAR-Telde
TCK-70890,BASK-890,2025-01-24 17:58:26,Pizza congelada,Congelados,2,SPAR-Telde
TCK-70890,BASK-890,2025-01-24 17:58:26,Refresco cola,Bebidas,2,SPAR-Telde
TCK-70890,BASK-890,2025-01-24 17:58:26,Vino tinto,Bebidas,3,SPAR-Telde
TCK-70890,BASK-890,2025-01-24 17:58:26,Cerveza,Bebidas,3,SPAR-Telde
TCK-70891,BASK-891,2025-03-17 19:19:26,Cereal de desayuno,Cereales,3,HiperDino-SietePalmas
TCK-70891,BASK-891,2025-03-17 19:19:26,Pasta,Cereales,2,HiperDino-SietePalmas
TCK-70891,BASK-891,2025-03-17 19:19:26,Patatas fritas bolsa,Snacks,3,HiperDino-SietePalmas
TCK-70891,BASK-891,2025-03-17 19:19:26,Aceite de oliva,Aceites,1,HiperDino-SietePalmas
TCK-70891,BASK-891,2025-03-17 19:19:26,Arroz,Cereales,3,HiperDino-SietePalmas
TCK-70891,BASK-891,2025-03-17 19:19:26,Guacamole refrigerado,Refrigerados,1,HiperDino-SietePalmas
TCK-70891,BASK-891,2025-03-17 19:19:26,Café molido,Bebidas,1,HiperDino-SietePalmas
TCK-70891,BASK-891,2025-03-17 19:19:26,Refresco cola,Bebidas,3,HiperDino-SietePalmas
TCK-70891,BASK-891,2025-03-17 19:19:26,Pan de molde,Panadería,2,HiperDino-SietePalmas
TCK-70891,BASK-891,2025-03-17 19:19:26,ColaCao,Bebidas,2,HiperDino-SietePalmas
TCK-70892,BASK-892,2025-07-18 15:05:26,Manzanas,Frutas,1,HiperDino-SietePalmas
TCK-70892,BASK-892,2025-07-18 15:05:26,Plátanos,Frutas,1,HiperDino-SietePalmas
TCK-70892,BASK-892,2025-07-18 15:05:26,Pizza congelada,Congelados,3,HiperDino-SietePalmas
TCK-70893,BASK-893,2025-02-26 23:27:26,Pechuga de pollo,Carnicería,2,SPAR-Vegueta
TCK-70893,BASK-893,2025-02-26 23:27:26,Arroz,Cereales,1,SPAR-Vegueta
TCK-70893,BASK-893,2025-02-26 23:27:26,Cerveza,Bebidas,1,SPAR-Vegueta
TCK-70894,BASK-894,2025-08-11 16:33:26,Helado de vainilla,Congelados,2,SPAR-Telde
TCK-70894,BASK-894,2025-08-11 16:33:26,Salsa de tomate,Conservas,2,SPAR-Telde
TCK-70894,BASK-894,2025-08-11 16:33:26,Cereal de desayuno,Cereales,1,SPAR-Telde
TCK-70895,BASK-895,2025-06-23 16:38:26,Pan de hamburguesa,Panadería,1,SPAR-Telde
TCK-70895,BASK-895,2025-06-23 16:38:26,Cerveza,Bebidas,2,SPAR-Telde
TCK-70895,BASK-895,2025-06-23 16:38:26,Pizza congelada,Congelados,3,SPAR-Telde
TCK-70896,BASK-896,2024-12-07 12:30:26,Arroz,Cereales,2,SPAR-Telde
TCK-70896,BASK-896,2024-12-07 12:30:26,Yogur natural,Lácteos,3,SPAR-Telde
TCK-70896,BASK-896,2024-12-07 12:30:26,Queso curado,Lácteos,2,SPAR-Telde
TCK-70896,BASK-896,2024-12-07 12:30:26,Nachos de maíz,Snacks,2,SPAR-Telde
TCK-70896,BASK-896,2024-12-07 12:30:26,Leche entera,Lácteos,3,SPAR-Telde
TCK-70896,BASK-896,2024-12-07 12:30:26,Pan de molde,Panadería,3,SPAR-Telde
TCK-70896,BASK-896,2024-12-07 12:30:26,Pañales,Bebé,1,SPAR-Telde
TCK-70896,BASK-896,2024-12-07 12:30:26,Cerveza,Bebidas,1,SPAR-Telde
TCK-70897,BASK-897,2025-01-03 21:01:26,Cereal de desayuno,Cereales,1,SPAR-Vegueta
TCK-70897,BASK-897,2025-01-03 21:01:26,Carne picada,Carnicería,1,SPAR-Vegueta
TCK-70897,BASK-897,2025-01-03 21:01:26,Pan de hamburguesa,Panadería,3,SPAR-Vegueta
TCK-70897,BASK-897,2025-01-03 21:01:26,Tomates,Verduras,1,SPAR-Vegueta
TCK-70897,BASK-897,2025-01-03 21:01:26,Salsa mexicana,Salsas,2,SPAR-Vegueta
TCK-70897,BASK-897,2025-01-03 21:01:26,Pan de barra,Panadería,2,SPAR-Vegueta
TCK-70897,BASK-897,2025-01-03 21:01:26,Mantequilla,Lácteos,3,SPAR-Vegueta
TCK-70897,BASK-897,2025-01-03 21:01:26,Café molido,Bebidas,3,SPAR-Vegueta
TCK-70897,BASK-897,2025-01-03 21:01:26,Refresco cola,Bebidas,1,SPAR-Vegueta
TCK-70897,BASK-897,2025-01-03 21:01:26,Cerveza,Bebidas,2,SPAR-Vegueta
TCK-70898,BASK-898,2025-07-31 16:13:26,Mermelada de fresa,Conservas,1,HiperDino-SietePalmas
TCK-70898,BASK-898,2025-07-31 16:13:26,Lechuga,Verduras,2,HiperDino-SietePalmas
TCK-70898,BASK-898,2025-07-31 16:13:26,Yogur natural,Lácteos,1,HiperDino-SietePalmas
TCK-70898,BASK-898,2025-07-31 16:13:26,Arroz,Cereales,3,HiperDino-SietePalmas
TCK-70898,BASK-898,2025-07-31 16:13:26,Queso curado,Lácteos,3,HiperDino-SietePalmas
TCK-70898,BASK-898,2025-07-31 16:13:26,Café molido,Bebidas,2,HiperDino-SietePalmas
TCK-70898,BASK-898,2025-07-31 16:13:26,ColaCao,Bebidas,1,HiperDino-SietePalmas
TCK-70898,BASK-898,2025-07-31 16:13:26,Pañales,Bebé,2,HiperDino-SietePalmas
TCK-70898,BASK-898,2025-07-31 16:13:26,Cerveza,Bebidas,2,HiperDino-SietePalmas
TCK-70899,BASK-899,2025-02-08 18:34:26,Cereal de desayuno,Cereales,3,SPAR-Telde
TCK-70899,BASK-899,2025-02-08 18:34:26,Carne picada,Carnicería,2,SPAR-Telde
TCK-70899,BASK-899,2025-02-08 18:34:26,Refresco cola,Bebidas,3,SPAR-Telde
TCK-70899,BASK-899,2025-02-08 18:34:26,Queso curado,Lácteos,1,SPAR-Telde
TCK-70900,BASK-900,2025-11-02 16:29:26,Pasta,Cereales,2,Mercadona-Triana
TCK-70900,BASK-900,2025-11-02 16:29:26,Pechuga de pollo,Carnicería,2,Mercadona-Triana
TCK-70900,BASK-900,2025-11-02 16:29:26,Manzanas,Frutas,1,Mercadona-Triana
TCK-70900,BASK-900,2025-11-02 16:29:26,Plátanos,Frutas,1,Mercadona-Triana
TCK-70900,BASK-900,2025-11-02 16:29:26,Queso curado,Lácteos,3,Mercadona-Triana
TCK-70900,BASK-900,2025-11-02 16:29:26,Guacamole refrigerado,Refrigerados,3,Mercadona-Triana
TCK-70900,BASK-900,2025-11-02 16:29:26,Refresco cola,Bebidas,3,Mercadona-Triana
TCK-70901,BASK-901,2025-09-08 22:23:26,Salsa mexicana,Salsas,2,SPAR-Telde
TCK-70901,BASK-901,2025-09-08 22:23:26,Pan de hamburguesa,Panadería,2,SPAR-Telde
TCK-70901,BASK-901,2025-09-08 22:23:26,Café molido,Bebidas,1,SPAR-Telde
TCK-70901,BASK-901,2025-09-08 22:23:26,Refresco cola,Bebidas,3,SPAR-Telde
TCK-70902,BASK-902,2025-10-06 15:56:26,Carne picada,Carnicería,1,HiperDino-SietePalmas
TCK-70902,BASK-902,2025-10-06 15:56:26,Plátanos,Frutas,1,HiperDino-SietePalmas
TCK-70902,BASK-902,2025-10-06 15:56:26,Pan de hamburguesa,Panadería,2,HiperDino-SietePalmas
TCK-70902,BASK-902,2025-10-06 15:56:26,Queso curado,Lácteos,2,HiperDino-SietePalmas
TCK-70902,BASK-902,2025-10-06 15:56:26,Huevos,Lácteos,1,HiperDino-SietePalmas
TCK-70902,BASK-902,2025-10-06 15:56:26,Guacamole refrigerado,Refrigerados,2,HiperDino-SietePalmas
TCK-70902,BASK-902,2025-10-06 15:56:26,Cerveza,Bebidas,2,HiperDino-SietePalmas
TCK-70903,BASK-903,2025-04-26 17:34:26,Manzanas,Frutas,1,Mercadona-Triana
TCK-70903,BASK-903,2025-04-26 17:34:26,Patatas fritas bolsa,Snacks,3,Mercadona-Triana
TCK-70903,BASK-903,2025-04-26 17:34:26,Mermelada de fresa,Conservas,3,Mercadona-Triana
TCK-70903,BASK-903,2025-04-26 17:34:26,Arroz,Cereales,2,Mercadona-Triana
TCK-70903,BASK-903,2025-04-26 17:34:26,Queso curado,Lácteos,3,Mercadona-Triana
TCK-70903,BASK-903,2025-04-26 17:34:26,Helado de vainilla,Congelados,2,Mercadona-Triana
TCK-70903,BASK-903,2025-04-26 17:34:26,Guacamole refrigerado,Refrigerados,3,Mercadona-Triana
TCK-70904,BASK-904,2025-06-06 18:51:26,Pasta,Cereales,1,SPAR-Vegueta
TCK-70904,BASK-904,2025-06-06 18:51:26,Carne picada,Carnicería,2,SPAR-Vegueta
TCK-70904,BASK-904,2025-06-06 18:51:26,Pan de hamburguesa,Panadería,2,SPAR-Vegueta
TCK-70904,BASK-904,2025-06-06 18:51:26,Tomates,Verduras,3,SPAR-Vegueta
TCK-70904,BASK-904,2025-06-06 18:51:26,Lechuga,Verduras,1,SPAR-Vegueta
TCK-70904,BASK-904,2025-06-06 18:51:26,Pan de barra,Panadería,3,SPAR-Vegueta
TCK-70904,BASK-904,2025-06-06 18:51:26,Vino tinto,Bebidas,3,SPAR-Vegueta
TCK-70905,BASK-905,2025-05-18 12:53:26,Pan de hamburguesa,Panadería,1,HiperDino-SietePalmas
TCK-70905,BASK-905,2025-05-18 12:53:26,Aceite de oliva,Aceites,2,HiperDino-SietePalmas
TCK-70905,BASK-905,2025-05-18 12:53:26,Arroz,Cereales,1,HiperDino-SietePalmas
TCK-70905,BASK-905,2025-05-18 12:53:26,Mantequilla,Lácteos,2,HiperDino-SietePalmas
TCK-70905,BASK-905,2025-05-18 12:53:26,Queso curado,Lácteos,1,HiperDino-SietePalmas
TCK-70905,BASK-905,2025-05-18 12:53:26,Nachos de maíz,Snacks,3,HiperDino-SietePalmas
TCK-70905,BASK-905,2025-05-18 12:53:26,Huevos,Lácteos,2,HiperDino-SietePalmas
TCK-70905,BASK-905,2025-05-18 12:53:26,Pan de molde,Panadería,3,HiperDino-SietePalmas
TCK-70906,BASK-906,2025-09-27 20:58:26,Pasta,Cereales,2,Mercadona-Triana
TCK-70906,BASK-906,2025-09-27 20:58:26,Carne picada,Carnicería,3,Mercadona-Triana
TCK-70906,BASK-906,2025-09-27 20:58:26,Patatas fritas bolsa,Snacks,1,Mercadona-Triana
TCK-70906,BASK-906,2025-09-27 20:58:26,Salsa de tomate,Conservas,2,Mercadona-Triana
TCK-70906,BASK-906,2025-09-27 20:58:26,Pan de hamburguesa,Panadería,3,Mercadona-Triana
TCK-70906,BASK-906,2025-09-27 20:58:26,Arroz,Cereales,1,Mercadona-Triana
TCK-70906,BASK-906,2025-09-27 20:58:26,Leche entera,Lácteos,2,Mercadona-Triana
TCK-70906,BASK-906,2025-09-27 20:58:26,Vino tinto,Bebidas,2,Mercadona-Triana
TCK-70907,BASK-907,2025-10-31 20:18:26,Plátanos,Frutas,2,HiperDino-SietePalmas
TCK-70907,BASK-907,2025-10-31 20:18:26,Tomates,Verduras,2,HiperDino-SietePalmas
TCK-70907,BASK-907,2025-10-31 20:18:26,Lechuga,Verduras,3,HiperDino-SietePalmas
TCK-70907,BASK-907,2025-10-31 20:18:26,Salsa mexicana,Salsas,1,HiperDino-SietePalmas
TCK-70907,BASK-907,2025-10-31 20:18:26,Guacamole refrigerado,Refrigerados,2,HiperDino-SietePalmas
TCK-70907,BASK-907,2025-10-31 20:18:26,Café molido,Bebidas,3,HiperDino-SietePalmas
TCK-70907,BASK-907,2025-10-31 20:18:26,Leche entera,Lácteos,3,HiperDino-SietePalmas
TCK-70907,BASK-907,2025-10-31 20:18:26,Galletas,Dulces,1,HiperDino-SietePalmas
TCK-70907,BASK-907,2025-10-31 20:18:26,Cerveza,Bebidas,1,HiperDino-SietePalmas
TCK-70908,BASK-908,2025-05-20 23:51:26,Pan de hamburguesa,Panadería,2,Mercadona-Triana
TCK-70908,BASK-908,2025-05-20 23:51:26,Pañales,Bebé,3,Mercadona-Triana
TCK-70908,BASK-908,2025-05-20 23:51:26,Cerveza,Bebidas,1,Mercadona-Triana
TCK-70909,BASK-909,2025-08-28 15:43:26,Manzanas,Frutas,3,HiperDino-SietePalmas
TCK-70909,BASK-909,2025-08-28 15:43:26,Pechuga de pollo,Carnicería,2,HiperDino-SietePalmas
TCK-70909,BASK-909,2025-08-28 15:43:26,Patatas fritas bolsa,Snacks,3,HiperDino-SietePalmas
TCK-70909,BASK-909,2025-08-28 15:43:26,Aceite de oliva,Aceites,1,HiperDino-SietePalmas
TCK-70909,BASK-909,2025-08-28 15:43:26,Pan de barra,Panadería,1,HiperDino-SietePalmas
TCK-70909,BASK-909,2025-08-28 15:43:26,Guacamole refrigerado,Refrigerados,3,HiperDino-SietePalmas
TCK-70909,BASK-909,2025-08-28 15:43:26,Pañales,Bebé,2,HiperDino-SietePalmas
TCK-70909,BASK-909,2025-08-28 15:43:26,Cerveza,Bebidas,1,HiperDino-SietePalmas
TCK-70910,BASK-910,2025-08-06 16:48:26,Nachos de maíz,Snacks,2,SPAR-Vegueta
TCK-70910,BASK-910,2025-08-06 16:48:26,Carne picada,Carnicería,3,SPAR-Vegueta
TCK-70910,BASK-910,2025-08-06 16:48:26,Leche entera,Lácteos,1,SPAR-Vegueta
TCK-70910,BASK-910,2025-08-06 16:48:26,Mermelada de fresa,Conservas,1,SPAR-Vegueta
TCK-70911,BASK-911,2024-12-21 21:36:26,Pechuga de pollo,Carnicería,2,SPAR-Vegueta
TCK-70911,BASK-911,2024-12-21 21:36:26,Mermelada de fresa,Conservas,3,SPAR-Vegueta
TCK-70911,BASK-911,2024-12-21 21:36:26,Yogur natural,Lácteos,2,SPAR-Vegueta
TCK-70911,BASK-911,2024-12-21 21:36:26,Pan de barra,Panadería,3,SPAR-Vegueta
TCK-70911,BASK-911,2024-12-21 21:36:26,Mantequilla,Lácteos,2,SPAR-Vegueta
TCK-70911,BASK-911,2024-12-21 21:36:26,Vino tinto,Bebidas,1,SPAR-Vegueta
TCK-70911,BASK-911,2024-12-21 21:36:26,Leche entera,Lácteos,3,SPAR-Vegueta
TCK-70911,BASK-911,2024-12-21 21:36:26,Pan de molde,Panadería,3,SPAR-Vegueta
TCK-70911,BASK-911,2024-12-21 21:36:26,Pañales,Bebé,2,SPAR-Vegueta
TCK-70912,BASK-912,2025-11-09 21:10:26,Huevos,Lácteos,3,SPAR-Telde
TCK-70912,BASK-912,2025-11-09 21:10:26,Pan de barra,Panadería,3,SPAR-Telde
TCK-70912,BASK-912,2025-11-09 21:10:26,Galletas,Dulces,1,SPAR-Telde
TCK-70913,BASK-913,2024-12-25 15:37:26,Cereal de desayuno,Cereales,1,Mercadona-Triana
TCK-70913,BASK-913,2024-12-25 15:37:26,Pechuga de pollo,Carnicería,2,Mercadona-Triana
TCK-70913,BASK-913,2024-12-25 15:37:26,Pan de hamburguesa,Panadería,1,Mercadona-Triana
TCK-70913,BASK-913,2024-12-25 15:37:26,Plátanos,Frutas,1,Mercadona-Triana
TCK-70913,BASK-913,2024-12-25 15:37:26,Manzanas,Frutas,1,Mercadona-Triana
TCK-70913,BASK-913,2024-12-25 15:37:26,Patatas fritas bolsa,Snacks,1,Mercadona-Triana
TCK-70913,BASK-913,2024-12-25 15:37:26,Salsa de tomate,Conservas,1,Mercadona-Triana
TCK-70913,BASK-913,2024-12-25 15:37:26,Lechuga,Verduras,2,Mercadona-Triana
TCK-70913,BASK-913,2024-12-25 15:37:26,Mantequilla,Lácteos,3,Mercadona-Triana
TCK-70913,BASK-913,2024-12-25 15:37:26,Galletas,Dulces,3,Mercadona-Triana
TCK-70914,BASK-914,2025-10-06 17:58:26,Cereal de desayuno,Cereales,1,HiperDino-SietePalmas
TCK-70914,BASK-914,2025-10-06 17:58:26,Pasta,Cereales,3,HiperDino-SietePalmas
TCK-70914,BASK-914,2025-10-06 17:58:26,Pan de hamburguesa,Panadería,2,HiperDino-SietePalmas
TCK-70914,BASK-914,2025-10-06 17:58:26,Salsa de tomate,Conservas,1,HiperDino-SietePalmas
TCK-70914,BASK-914,2025-10-06 17:58:26,Plátanos,Frutas,3,HiperDino-SietePalmas
TCK-70914,BASK-914,2025-10-06 17:58:26,Tomates,Verduras,3,HiperDino-SietePalmas
TCK-70914,BASK-914,2025-10-06 17:58:26,Leche entera,Lácteos,2,HiperDino-SietePalmas
TCK-70914,BASK-914,2025-10-06 17:58:26,ColaCao,Bebidas,1,HiperDino-SietePalmas
TCK-70914,BASK-914,2025-10-06 17:58:26,Pizza congelada,Congelados,3,HiperDino-SietePalmas
TCK-70915,BASK-915,2025-10-17 12:07:26,Pasta,Cereales,3,Mercadona-Triana
TCK-70915,BASK-915,2025-10-17 12:07:26,Pan de hamburguesa,Panadería,3,Mercadona-Triana
TCK-70915,BASK-915,2025-10-17 12:07:26,Patatas fritas bolsa,Snacks,2,Mercadona-Triana
TCK-70915,BASK-915,2025-10-17 12:07:26,Salsa de tomate,Conservas,2,Mercadona-Triana
TCK-70915,BASK-915,2025-10-17 12:07:26,Lechuga,Verduras,2,Mercadona-Triana
TCK-70915,BASK-915,2025-10-17 12:07:26,Yogur natural,Lácteos,1,Mercadona-Triana
TCK-70915,BASK-915,2025-10-17 12:07:26,Queso curado,Lácteos,2,Mercadona-Triana
TCK-70915,BASK-915,2025-10-17 12:07:26,Helado de vainilla,Congelados,1,Mercadona-Triana
TCK-70915,BASK-915,2025-10-17 12:07:26,Pan de molde,Panadería,3,Mercadona-Triana
TCK-70916,BASK-916,2025-04-16 21:06:26,Pechuga de pollo,Carnicería,2,SPAR-Telde
TCK-70916,BASK-916,2025-04-16 21:06:26,Carne picada,Carnicería,1,SPAR-Telde
TCK-70916,BASK-916,2025-04-16 21:06:26,Plátanos,Frutas,1,SPAR-Telde
TCK-70916,BASK-916,2025-04-16 21:06:26,Mermelada de fresa,Conservas,3,SPAR-Telde
TCK-70916,BASK-916,2025-04-16 21:06:26,Tomates,Verduras,3,SPAR-Telde
TCK-70916,BASK-916,2025-04-16 21:06:26,Lechuga,Verduras,2,SPAR-Telde
TCK-70916,BASK-916,2025-04-16 21:06:26,Café molido,Bebidas,3,SPAR-Telde
TCK-70916,BASK-916,2025-04-16 21:06:26,Pan de molde,Panadería,2,SPAR-Telde
TCK-70917,BASK-917,2025-05-25 23:35:26,Plátanos,Frutas,1,Mercadona-Triana
TCK-70917,BASK-917,2025-05-25 23:35:26,Tomates,Verduras,1,Mercadona-Triana
TCK-70917,BASK-917,2025-05-25 23:35:26,Aceite de oliva,Aceites,2,Mercadona-Triana
TCK-70917,BASK-917,2025-05-25 23:35:26,Salsa mexicana,Salsas,3,Mercadona-Triana
TCK-70917,BASK-917,2025-05-25 23:35:26,Guacamole refrigerado,Refrigerados,2,Mercadona-Triana
TCK-70918,BASK-918,2025-03-24 22:17:26,Salsa de tomate,Conservas,3,SPAR-Telde
TCK-70918,BASK-918,2025-03-24 22:17:26,Aceite de oliva,Aceites,3,SPAR-Telde
TCK-70918,BASK-918,2025-03-24 22:17:26,Queso curado,Lácteos,3,SPAR-Telde
TCK-70918,BASK-918,2025-03-24 22:17:26,Café molido,Bebidas,1,SPAR-Telde
TCK-70918,BASK-918,2025-03-24 22:17:26,ColaCao,Bebidas,3,SPAR-Telde
TCK-70919,BASK-919,2025-07-12 22:46:26,Pasta,Cereales,3,SPAR-Telde
TCK-70919,BASK-919,2025-07-12 22:46:26,Pechuga de pollo,Carnicería,3,SPAR-Telde
TCK-70919,BASK-919,2025-07-12 22:46:26,Carne picada,Carnicería,1,SPAR-Telde
TCK-70919,BASK-919,2025-07-12 22:46:26,Salsa de tomate,Conservas,1,SPAR-Telde
TCK-70919,BASK-919,2025-07-12 22:46:26,Tomates,Verduras,2,SPAR-Telde
TCK-70919,BASK-919,2025-07-12 22:46:26,Aceite de oliva,Aceites,3,SPAR-Telde
TCK-70919,BASK-919,2025-07-12 22:46:26,Queso curado,Lácteos,1,SPAR-Telde
TCK-70920,BASK-920,2025-07-05 18:44:26,Pasta,Cereales,3,Mercadona-Triana
TCK-70920,BASK-920,2025-07-05 18:44:26,Tomates,Verduras,2,Mercadona-Triana
TCK-70920,BASK-920,2025-07-05 18:44:26,Helado de vainilla,Congelados,3,Mercadona-Triana
TCK-70920,BASK-920,2025-07-05 18:44:26,Nachos de maíz,Snacks,3,Mercadona-Triana
TCK-70920,BASK-920,2025-07-05 18:44:26,Café molido,Bebidas,3,Mercadona-Triana
TCK-70920,BASK-920,2025-07-05 18:44:26,Pañales,Bebé,2,Mercadona-Triana
TCK-70921,BASK-921,2025-08-11 20:57:26,Pan de hamburguesa,Panadería,2,SPAR-Telde
TCK-70921,BASK-921,2025-08-11 20:57:26,Arroz,Cereales,2,SPAR-Telde
TCK-70921,BASK-921,2025-08-11 20:57:26,Refresco cola,Bebidas,1,SPAR-Telde
TCK-70921,BASK-921,2025-08-11 20:57:26,Carne picada,Carnicería,1,SPAR-Telde
TCK-70922,BASK-922,2025-10-26 22:26:26,Cereal de desayuno,Cereales,1,SPAR-Telde
TCK-70922,BASK-922,2025-10-26 22:26:26,Pasta,Cereales,3,SPAR-Telde
TCK-70922,BASK-922,2025-10-26 22:26:26,Pan de hamburguesa,Panadería,2,SPAR-Telde
TCK-70922,BASK-922,2025-10-26 22:26:26,Plátanos,Frutas,3,SPAR-Telde
TCK-70922,BASK-922,2025-10-26 22:26:26,Lechuga,Verduras,1,SPAR-Telde
TCK-70922,BASK-922,2025-10-26 22:26:26,Salsa mexicana,Salsas,3,SPAR-Telde
TCK-70922,BASK-922,2025-10-26 22:26:26,Yogur natural,Lácteos,3,SPAR-Telde
TCK-70922,BASK-922,2025-10-26 22:26:26,Queso curado,Lácteos,2,SPAR-Telde
TCK-70922,BASK-922,2025-10-26 22:26:26,Galletas,Dulces,2,SPAR-Telde
TCK-70923,BASK-923,2025-06-03 16:46:26,Carne picada,Carnicería,2,SPAR-Telde
TCK-70923,BASK-923,2025-06-03 16:46:26,Mermelada de fresa,Conservas,2,SPAR-Telde
TCK-70923,BASK-923,2025-06-03 16:46:26,Tomates,Verduras,3,SPAR-Telde
TCK-70923,BASK-923,2025-06-03 16:46:26,Mantequilla,Lácteos,1,SPAR-Telde
TCK-70923,BASK-923,2025-06-03 16:46:26,Refresco cola,Bebidas,1,SPAR-Telde
TCK-70923,BASK-923,2025-06-03 16:46:26,Pan de molde,Panadería,2,SPAR-Telde
TCK-70924,BASK-924,2025-02-01 18:46:26,Huevos,Lácteos,3,Mercadona-Triana
TCK-70924,BASK-924,2025-02-01 18:46:26,Leche entera,Lácteos,3,Mercadona-Triana
TCK-70924,BASK-924,2025-02-01 18:46:26,Galletas,Dulces,3,Mercadona-Triana
TCK-70924,BASK-924,2025-02-01 18:46:26,Cerveza,Bebidas,1,Mercadona-Triana
TCK-70925,BASK-925,2024-11-25 21:24:26,Lechuga,Verduras,1,SPAR-Telde
TCK-70925,BASK-925,2024-11-25 21:24:26,Pañales,Bebé,1,SPAR-Telde
TCK-70925,BASK-925,2024-11-25 21:24:26,Cerveza,Bebidas,1,SPAR-Telde
TCK-70926,BASK-926,2025-09-29 19:02:26,Pasta,Cereales,3,SPAR-Telde
TCK-70926,BASK-926,2025-09-29 19:02:26,Salsa de tomate,Conservas,2,SPAR-Telde
TCK-70926,BASK-926,2025-09-29 19:02:26,Mermelada de fresa,Conservas,2,SPAR-Telde
TCK-70926,BASK-926,2025-09-29 19:02:26,Aceite de oliva,Aceites,1,SPAR-Telde
TCK-70926,BASK-926,2025-09-29 19:02:26,Lechuga,Verduras,1,SPAR-Telde
TCK-70926,BASK-926,2025-09-29 19:02:26,Mantequilla,Lácteos,3,SPAR-Telde
TCK-70926,BASK-926,2025-09-29 19:02:26,Refresco cola,Bebidas,3,SPAR-Telde
TCK-70926,BASK-926,2025-09-29 19:02:26,ColaCao,Bebidas,3,SPAR-Telde
TCK-70927,BASK-927,2025-08-15 16:21:26,Carne picada,Carnicería,3,SPAR-Vegueta
TCK-70927,BASK-927,2025-08-15 16:21:26,Café molido,Bebidas,1,SPAR-Vegueta
TCK-70927,BASK-927,2025-08-15 16:21:26,Refresco cola,Bebidas,2,SPAR-Vegueta
TCK-70927,BASK-927,2025-08-15 16:21:26,Pan de molde,Panadería,3,SPAR-Vegueta
TCK-70927,BASK-927,2025-08-15 16:21:26,Cerveza,Bebidas,2,SPAR-Vegueta
TCK-70928,BASK-928,2025-11-15 19:12:26,Helado de vainilla,Congelados,2,Mercadona-Triana
TCK-70928,BASK-928,2025-11-15 19:12:26,Carne picada,Carnicería,2,Mercadona-Triana
TCK-70928,BASK-928,2025-11-15 19:12:26,Pasta,Cereales,2,Mercadona-Triana
TCK-70929,BASK-929,2025-10-28 12:34:26,Manzanas,Frutas,3,SPAR-Vegueta
TCK-70929,BASK-929,2025-10-28 12:34:26,Carne picada,Carnicería,3,SPAR-Vegueta
TCK-70929,BASK-929,2025-10-28 12:34:26,Salsa de tomate,Conservas,1,SPAR-Vegueta
TCK-70929,BASK-929,2025-10-28 12:34:26,Mermelada de fresa,Conservas,1,SPAR-Vegueta
TCK-70929,BASK-929,2025-10-28 12:34:26,Yogur natural,Lácteos,1,SPAR-Vegueta
TCK-70929,BASK-929,2025-10-28 12:34:26,Helado de vainilla,Congelados,3,SPAR-Vegueta
TCK-70930,BASK-930,2025-05-08 21:27:26,Pasta,Cereales,2,Mercadona-Triana
TCK-70930,BASK-930,2025-05-08 21:27:26,Pechuga de pollo,Carnicería,1,Mercadona-Triana
TCK-70930,BASK-930,2025-05-08 21:27:26,Carne picada,Carnicería,3,Mercadona-Triana
TCK-70930,BASK-930,2025-05-08 21:27:26,Plátanos,Frutas,2,Mercadona-Triana
TCK-70930,BASK-930,2025-05-08 21:27:26,Manzanas,Frutas,3,Mercadona-Triana
TCK-70930,BASK-930,2025-05-08 21:27:26,Tomates,Verduras,2,Mercadona-Triana
TCK-70930,BASK-930,2025-05-08 21:27:26,Aceite de oliva,Aceites,1,Mercadona-Triana
TCK-70930,BASK-930,2025-05-08 21:27:26,Refresco cola,Bebidas,1,Mercadona-Triana
TCK-70930,BASK-930,2025-05-08 21:27:26,Galletas,Dulces,1,Mercadona-Triana
TCK-70930,BASK-930,2025-05-08 21:27:26,Pan de molde,Panadería,2,Mercadona-Triana
TCK-70931,BASK-931,2025-04-29 19:28:26,Pechuga de pollo,Carnicería,2,Mercadona-Triana
TCK-70931,BASK-931,2025-04-29 19:28:26,Carne picada,Carnicería,2,Mercadona-Triana
TCK-70931,BASK-931,2025-04-29 19:28:26,Pan de hamburguesa,Panadería,1,Mercadona-Triana
TCK-70931,BASK-931,2025-04-29 19:28:26,Tomates,Verduras,1,Mercadona-Triana
TCK-70931,BASK-931,2025-04-29 19:28:26,Lechuga,Verduras,1,Mercadona-Triana
TCK-70931,BASK-931,2025-04-29 19:28:26,ColaCao,Bebidas,1,Mercadona-Triana
TCK-70931,BASK-931,2025-04-29 19:28:26,Pañales,Bebé,3,Mercadona-Triana
TCK-70932,BASK-932,2025-02-18 13:52:26,Pan de molde,Panadería,1,HiperDino-SietePalmas
TCK-70932,BASK-932,2025-02-18 13:52:26,Patatas fritas bolsa,Snacks,3,HiperDino-SietePalmas
TCK-70932,BASK-932,2025-02-18 13:52:26,Refresco cola,Bebidas,1,HiperDino-SietePalmas
TCK-70932,BASK-932,2025-02-18 13:52:26,Pañales,Bebé,3,HiperDino-SietePalmas
TCK-70933,BASK-933,2025-08-08 21:11:26,Pasta,Cereales,2,HiperDino-SietePalmas
TCK-70933,BASK-933,2025-08-08 21:11:26,Salsa de tomate,Conservas,3,HiperDino-SietePalmas
TCK-70933,BASK-933,2025-08-08 21:11:26,Aceite de oliva,Aceites,3,HiperDino-SietePalmas
TCK-70933,BASK-933,2025-08-08 21:11:26,Pan de barra,Panadería,3,HiperDino-SietePalmas
TCK-70933,BASK-933,2025-08-08 21:11:26,Pañales,Bebé,1,HiperDino-SietePalmas
TCK-70934,BASK-934,2025-05-13 18:35:26,Pechuga de pollo,Carnicería,1,Mercadona-Triana
TCK-70934,BASK-934,2025-05-13 18:35:26,Carne picada,Carnicería,1,Mercadona-Triana
TCK-70934,BASK-934,2025-05-13 18:35:26,Pan de hamburguesa,Panadería,2,Mercadona-Triana
TCK-70934,BASK-934,2025-05-13 18:35:26,Tomates,Verduras,2,Mercadona-Triana
TCK-70934,BASK-934,2025-05-13 18:35:26,Lechuga,Verduras,3,Mercadona-Triana
TCK-70934,BASK-934,2025-05-13 18:35:26,Nachos de maíz,Snacks,1,Mercadona-Triana
TCK-70934,BASK-934,2025-05-13 18:35:26,Guacamole refrigerado,Refrigerados,2,Mercadona-Triana
TCK-70935,BASK-935,2025-01-28 22:24:26,Cereal de desayuno,Cereales,1,SPAR-Telde
TCK-70935,BASK-935,2025-01-28 22:24:26,Manzanas,Frutas,3,SPAR-Telde
TCK-70935,BASK-935,2025-01-28 22:24:26,Carne picada,Carnicería,1,SPAR-Telde
TCK-70935,BASK-935,2025-01-28 22:24:26,Pechuga de pollo,Carnicería,1,SPAR-Telde
TCK-70935,BASK-935,2025-01-28 22:24:26,Yogur natural,Lácteos,2,SPAR-Telde
TCK-70935,BASK-935,2025-01-28 22:24:26,Helado de vainilla,Congelados,2,SPAR-Telde
TCK-70935,BASK-935,2025-01-28 22:24:26,Café molido,Bebidas,1,SPAR-Telde
TCK-70935,BASK-935,2025-01-28 22:24:26,Pan de molde,Panadería,2,SPAR-Telde
TCK-70935,BASK-935,2025-01-28 22:24:26,Pizza congelada,Congelados,1,SPAR-Telde
TCK-70936,BASK-936,2025-11-21 12:02:26,Cereal de desayuno,Cereales,3,SPAR-Vegueta
TCK-70936,BASK-936,2025-11-21 12:02:26,Lechuga,Verduras,2,SPAR-Vegueta
TCK-70936,BASK-936,2025-11-21 12:02:26,Salsa mexicana,Salsas,3,SPAR-Vegueta
TCK-70936,BASK-936,2025-11-21 12:02:26,Queso curado,Lácteos,1,SPAR-Vegueta
TCK-70936,BASK-936,2025-11-21 12:02:26,Leche entera,Lácteos,2,SPAR-Vegueta
TCK-70937,BASK-937,2025-09-09 15:18:26,Pasta,Cereales,1,SPAR-Vegueta
TCK-70937,BASK-937,2025-09-09 15:18:26,Manzanas,Frutas,2,SPAR-Vegueta
TCK-70937,BASK-937,2025-09-09 15:18:26,Pechuga de pollo,Carnicería,3,SPAR-Vegueta
TCK-70937,BASK-937,2025-09-09 15:18:26,Aceite de oliva,Aceites,3,SPAR-Vegueta
TCK-70937,BASK-937,2025-09-09 15:18:26,Salsa mexicana,Salsas,2,SPAR-Vegueta
TCK-70937,BASK-937,2025-09-09 15:18:26,Nachos de maíz,Snacks,2,SPAR-Vegueta
TCK-70937,BASK-937,2025-09-09 15:18:26,Huevos,Lácteos,1,SPAR-Vegueta
TCK-70937,BASK-937,2025-09-09 15:18:26,Refresco cola,Bebidas,3,SPAR-Vegueta
TCK-70937,BASK-937,2025-09-09 15:18:26,Leche entera,Lácteos,1,SPAR-Vegueta
TCK-70937,BASK-937,2025-09-09 15:18:26,ColaCao,Bebidas,3,SPAR-Vegueta
TCK-70938,BASK-938,2025-07-12 17:21:26,Pechuga de pollo,Carnicería,3,HiperDino-SietePalmas
TCK-70938,BASK-938,2025-07-12 17:21:26,Patatas fritas bolsa,Snacks,2,HiperDino-SietePalmas
TCK-70938,BASK-938,2025-07-12 17:21:26,Mermelada de fresa,Conservas,1,HiperDino-SietePalmas
TCK-70938,BASK-938,2025-07-12 17:21:26,Tomates,Verduras,3,HiperDino-SietePalmas
TCK-70938,BASK-938,2025-07-12 17:21:26,Salsa mexicana,Salsas,3,HiperDino-SietePalmas
TCK-70938,BASK-938,2025-07-12 17:21:26,Queso curado,Lácteos,3,HiperDino-SietePalmas
TCK-70938,BASK-938,2025-07-12 17:21:26,Nachos de maíz,Snacks,1,HiperDino-SietePalmas
TCK-70938,BASK-938,2025-07-12 17:21:26,ColaCao,Bebidas,2,HiperDino-SietePalmas
TCK-70939,BASK-939,2025-04-05 21:55:26,Salsa de tomate,Conservas,2,HiperDino-SietePalmas
TCK-70939,BASK-939,2025-04-05 21:55:26,Patatas fritas bolsa,Snacks,1,HiperDino-SietePalmas
TCK-70939,BASK-939,2025-04-05 21:55:26,Salsa mexicana,Salsas,2,HiperDino-SietePalmas
TCK-70939,BASK-939,2025-04-05 21:55:26,Arroz,Cereales,3,HiperDino-SietePalmas
TCK-70939,BASK-939,2025-04-05 21:55:26,Queso curado,Lácteos,3,HiperDino-SietePalmas
TCK-70939,BASK-939,2025-04-05 21:55:26,Helado de vainilla,Congelados,1,HiperDino-SietePalmas
TCK-70939,BASK-939,2025-04-05 21:55:26,Leche entera,Lácteos,3,HiperDino-SietePalmas
TCK-70939,BASK-939,2025-04-05 21:55:26,Vino tinto,Bebidas,3,HiperDino-SietePalmas
TCK-70939,BASK-939,2025-04-05 21:55:26,Pan de molde,Panadería,1,HiperDino-SietePalmas
TCK-70940,BASK-940,2025-10-04 19:00:26,Pechuga de pollo,Carnicería,3,SPAR-Vegueta
TCK-70940,BASK-940,2025-10-04 19:00:26,Patatas fritas bolsa,Snacks,2,SPAR-Vegueta
TCK-70940,BASK-940,2025-10-04 19:00:26,Aceite de oliva,Aceites,3,SPAR-Vegueta
TCK-70940,BASK-940,2025-10-04 19:00:26,Salsa mexicana,Salsas,1,SPAR-Vegueta
TCK-70940,BASK-940,2025-10-04 19:00:26,Pan de barra,Panadería,2,SPAR-Vegueta
TCK-70940,BASK-940,2025-10-04 19:00:26,Guacamole refrigerado,Refrigerados,3,SPAR-Vegueta
TCK-70940,BASK-940,2025-10-04 19:00:26,Leche entera,Lácteos,1,SPAR-Vegueta
TCK-70940,BASK-940,2025-10-04 19:00:26,Galletas,Dulces,1,SPAR-Vegueta
TCK-70941,BASK-941,2024-12-26 13:27:26,Manzanas,Frutas,3,Mercadona-Triana
TCK-70941,BASK-941,2024-12-26 13:27:26,Tomates,Verduras,3,Mercadona-Triana
TCK-70941,BASK-941,2024-12-26 13:27:26,Queso curado,Lácteos,3,Mercadona-Triana
TCK-70941,BASK-941,2024-12-26 13:27:26,Vino tinto,Bebidas,1,Mercadona-Triana
TCK-70941,BASK-941,2024-12-26 13:27:26,Galletas,Dulces,3,Mercadona-Triana
TCK-70942,BASK-942,2025-07-30 15:22:26,Pasta,Cereales,3,SPAR-Telde
TCK-70942,BASK-942,2025-07-30 15:22:26,Salsa de tomate,Conservas,1,SPAR-Telde
TCK-70942,BASK-942,2025-07-30 15:22:26,Mermelada de fresa,Conservas,2,SPAR-Telde
TCK-70942,BASK-942,2025-07-30 15:22:26,Mantequilla,Lácteos,1,SPAR-Telde
TCK-70942,BASK-942,2025-07-30 15:22:26,Refresco cola,Bebidas,2,SPAR-Telde
TCK-70942,BASK-942,2025-07-30 15:22:26,Galletas,Dulces,2,SPAR-Telde
TCK-70942,BASK-942,2025-07-30 15:22:26,Pan de molde,Panadería,2,SPAR-Telde
TCK-70942,BASK-942,2025-07-30 15:22:26,ColaCao,Bebidas,1,SPAR-Telde
TCK-70942,BASK-942,2025-07-30 15:22:26,Pañales,Bebé,1,SPAR-Telde
TCK-70943,BASK-943,2025-02-17 16:05:26,Patatas fritas bolsa,Snacks,3,SPAR-Telde
TCK-70943,BASK-943,2025-02-17 16:05:26,Mermelada de fresa,Conservas,3,SPAR-Telde
TCK-70943,BASK-943,2025-02-17 16:05:26,Arroz,Cereales,1,SPAR-Telde
TCK-70943,BASK-943,2025-02-17 16:05:26,Nachos de maíz,Snacks,3,SPAR-Telde
TCK-70943,BASK-943,2025-02-17 16:05:26,Leche entera,Lácteos,3,SPAR-Telde
TCK-70943,BASK-943,2025-02-17 16:05:26,Galletas,Dulces,3,SPAR-Telde
TCK-70943,BASK-943,2025-02-17 16:05:26,ColaCao,Bebidas,1,SPAR-Telde
TCK-70944,BASK-944,2025-05-20 17:40:26,Cereal de desayuno,Cereales,2,Mercadona-Triana
TCK-70944,BASK-944,2025-05-20 17:40:26,Carne picada,Carnicería,3,Mercadona-Triana
TCK-70944,BASK-944,2025-05-20 17:40:26,Pan de hamburguesa,Panadería,3,Mercadona-Triana
TCK-70944,BASK-944,2025-05-20 17:40:26,Aceite de oliva,Aceites,1,Mercadona-Triana
TCK-70944,BASK-944,2025-05-20 17:40:26,Salsa mexicana,Salsas,3,Mercadona-Triana
TCK-70944,BASK-944,2025-05-20 17:40:26,Lechuga,Verduras,3,Mercadona-Triana
TCK-70945,BASK-945,2025-02-14 20:31:26,Pasta,Cereales,3,Mercadona-Triana
TCK-70945,BASK-945,2025-02-14 20:31:26,Pechuga de pollo,Carnicería,1,Mercadona-Triana
TCK-70945,BASK-945,2025-02-14 20:31:26,Carne picada,Carnicería,1,Mercadona-Triana
TCK-70945,BASK-945,2025-02-14 20:31:26,Salsa de tomate,Conservas,3,Mercadona-Triana
TCK-70945,BASK-945,2025-02-14 20:31:26,Aceite de oliva,Aceites,2,Mercadona-Triana
TCK-70945,BASK-945,2025-02-14 20:31:26,Arroz,Cereales,1,Mercadona-Triana
TCK-70945,BASK-945,2025-02-14 20:31:26,Queso curado,Lácteos,1,Mercadona-Triana
TCK-70945,BASK-945,2025-02-14 20:31:26,Huevos,Lácteos,1,Mercadona-Triana
TCK-70946,BASK-946,2025-09-07 16:22:26,Salsa mexicana,Salsas,2,Mercadona-Triana
TCK-70946,BASK-946,2025-09-07 16:22:26,Yogur natural,Lácteos,3,Mercadona-Triana
TCK-70946,BASK-946,2025-09-07 16:22:26,Queso curado,Lácteos,2,Mercadona-Triana
TCK-70946,BASK-946,2025-09-07 16:22:26,Nachos de maíz,Snacks,3,Mercadona-Triana
TCK-70946,BASK-946,2025-09-07 16:22:26,Vino tinto,Bebidas,1,Mercadona-Triana
TCK-70946,BASK-946,2025-09-07 16:22:26,Pañales,Bebé,2,Mercadona-Triana
TCK-70947,BASK-947,2025-03-19 16:03:26,Cereal de desayuno,Cereales,2,Mercadona-Triana
TCK-70947,BASK-947,2025-03-19 16:03:26,Pan de barra,Panadería,2,Mercadona-Triana
TCK-70947,BASK-947,2025-03-19 16:03:26,Mantequilla,Lácteos,1,Mercadona-Triana
TCK-70947,BASK-947,2025-03-19 16:03:26,Queso curado,Lácteos,3,Mercadona-Triana
TCK-70947,BASK-947,2025-03-19 16:03:26,Huevos,Lácteos,3,Mercadona-Triana
TCK-70947,BASK-947,2025-03-19 16:03:26,Guacamole refrigerado,Refrigerados,2,Mercadona-Triana
TCK-70947,BASK-947,2025-03-19 16:03:26,Leche entera,Lácteos,3,Mercadona-Triana
TCK-70947,BASK-947,2025-03-19 16:03:26,Galletas,Dulces,1,Mercadona-Triana
TCK-70947,BASK-947,2025-03-19 16:03:26,ColaCao,Bebidas,3,Mercadona-Triana
TCK-70948,BASK-948,2025-09-05 23:33:26,Plátanos,Frutas,1,Mercadona-Triana
TCK-70948,BASK-948,2025-09-05 23:33:26,Yogur natural,Lácteos,3,Mercadona-Triana
TCK-70948,BASK-948,2025-09-05 23:33:26,Queso curado,Lácteos,2,Mercadona-Triana
TCK-70948,BASK-948,2025-09-05 23:33:26,Nachos de maíz,Snacks,2,Mercadona-Triana
TCK-70948,BASK-948,2025-09-05 23:33:26,Huevos,Lácteos,3,Mercadona-Triana
TCK-70948,BASK-948,2025-09-05 23:33:26,Guacamole refrigerado,Refrigerados,1,Mercadona-Triana
TCK-70948,BASK-948,2025-09-05 23:33:26,Refresco cola,Bebidas,2,Mercadona-Triana
TCK-70948,BASK-948,2025-09-05 23:33:26,Pan de molde,Panadería,2,Mercadona-Triana
TCK-70948,BASK-948,2025-09-05 23:33:26,Pañales,Bebé,2,Mercadona-Triana
TCK-70949,BASK-949,2025-03-09 14:22:26,Cereal de desayuno,Cereales,2,SPAR-Telde
TCK-70949,BASK-949,2025-03-09 14:22:26,Carne picada,Carnicería,1,SPAR-Telde
TCK-70949,BASK-949,2025-03-09 14:22:26,Mermelada de fresa,Conservas,3,SPAR-Telde
TCK-70949,BASK-949,2025-03-09 14:22:26,Tomates,Verduras,2,SPAR-Telde
TCK-70949,BASK-949,2025-03-09 14:22:26,Huevos,Lácteos,2,SPAR-Telde
TCK-70949,BASK-949,2025-03-09 14:22:26,Vino tinto,Bebidas,3,SPAR-Telde
TCK-70949,BASK-949,2025-03-09 14:22:26,Pañales,Bebé,1,SPAR-Telde
TCK-70950,BASK-950,2025-09-07 18:29:26,Manzanas,Frutas,1,SPAR-Vegueta
TCK-70950,BASK-950,2025-09-07 18:29:26,Arroz,Cereales,1,SPAR-Vegueta
TCK-70950,BASK-950,2025-09-07 18:29:26,Guacamole refrigerado,Refrigerados,1,SPAR-Vegueta
TCK-70950,BASK-950,2025-09-07 18:29:26,Leche entera,Lácteos,3,SPAR-Vegueta
TCK-70950,BASK-950,2025-09-07 18:29:26,ColaCao,Bebidas,1,SPAR-Vegueta
TCK-70951,BASK-951,2025-07-25 18:15:26,Pasta,Cereales,3,Mercadona-Triana
TCK-70951,BASK-951,2025-07-25 18:15:26,Tomates,Verduras,2,Mercadona-Triana
TCK-70951,BASK-951,2025-07-25 18:15:26,Salsa mexicana,Salsas,3,Mercadona-Triana
TCK-70951,BASK-951,2025-07-25 18:15:26,Lechuga,Verduras,2,Mercadona-Triana
TCK-70951,BASK-951,2025-07-25 18:15:26,Yogur natural,Lácteos,2,Mercadona-Triana
TCK-70951,BASK-951,2025-07-25 18:15:26,Mantequilla,Lácteos,3,Mercadona-Triana
TCK-70951,BASK-951,2025-07-25 18:15:26,Nachos de maíz,Snacks,2,Mercadona-Triana
TCK-70951,BASK-951,2025-07-25 18:15:26,Guacamole refrigerado,Refrigerados,1,Mercadona-Triana
TCK-70951,BASK-951,2025-07-25 18:15:26,Pan de molde,Panadería,2,Mercadona-Triana
TCK-70951,BASK-951,2025-07-25 18:15:26,ColaCao,Bebidas,1,Mercadona-Triana
TCK-70952,BASK-952,2024-12-04 12:13:26,Carne picada,Carnicería,3,Mercadona-Triana
TCK-70952,BASK-952,2024-12-04 12:13:26,Salsa mexicana,Salsas,2,Mercadona-Triana
TCK-70952,BASK-952,2024-12-04 12:13:26,Arroz,Cereales,2,Mercadona-Triana
TCK-70952,BASK-952,2024-12-04 12:13:26,Helado de vainilla,Congelados,3,Mercadona-Triana
TCK-70952,BASK-952,2024-12-04 12:13:26,Leche entera,Lácteos,2,Mercadona-Triana
TCK-70952,BASK-952,2024-12-04 12:13:26,Pañales,Bebé,2,Mercadona-Triana
TCK-70953,BASK-953,2025-02-04 15:27:26,Pasta,Cereales,2,HiperDino-SietePalmas
TCK-70953,BASK-953,2025-02-04 15:27:26,Carne picada,Carnicería,3,HiperDino-SietePalmas
TCK-70953,BASK-953,2025-02-04 15:27:26,Tomates,Verduras,2,HiperDino-SietePalmas
TCK-70953,BASK-953,2025-02-04 15:27:26,Aceite de oliva,Aceites,1,HiperDino-SietePalmas
TCK-70953,BASK-953,2025-02-04 15:27:26,Arroz,Cereales,1,HiperDino-SietePalmas
TCK-70953,BASK-953,2025-02-04 15:27:26,Cerveza,Bebidas,2,HiperDino-SietePalmas
TCK-70954,BASK-954,2025-09-06 13:05:26,Cereal de desayuno,Cereales,1,Mercadona-Triana
TCK-70954,BASK-954,2025-09-06 13:05:26,Pechuga de pollo,Carnicería,1,Mercadona-Triana
TCK-70954,BASK-954,2025-09-06 13:05:26,Arroz,Cereales,3,Mercadona-Triana
TCK-70954,BASK-954,2025-09-06 13:05:26,Mantequilla,Lácteos,3,Mercadona-Triana
TCK-70954,BASK-954,2025-09-06 13:05:26,Helado de vainilla,Congelados,3,Mercadona-Triana
TCK-70954,BASK-954,2025-09-06 13:05:26,Leche entera,Lácteos,2,Mercadona-Triana
TCK-70954,BASK-954,2025-09-06 13:05:26,Galletas,Dulces,1,Mercadona-Triana
TCK-70955,BASK-955,2025-02-06 11:21:26,Cereal de desayuno,Cereales,3,SPAR-Vegueta
TCK-70955,BASK-955,2025-02-06 11:21:26,Mermelada de fresa,Conservas,3,SPAR-Vegueta
TCK-70955,BASK-955,2025-02-06 11:21:26,Arroz,Cereales,1,SPAR-Vegueta
TCK-70955,BASK-955,2025-02-06 11:21:26,Mantequilla,Lácteos,1,SPAR-Vegueta
TCK-70955,BASK-955,2025-02-06 11:21:26,Leche entera,Lácteos,3,SPAR-Vegueta
TCK-70955,BASK-955,2025-02-06 11:21:26,Pan de molde,Panadería,2,SPAR-Vegueta
TCK-70955,BASK-955,2025-02-06 11:21:26,ColaCao,Bebidas,3,SPAR-Vegueta
TCK-70956,BASK-956,2025-09-19 11:48:26,Salsa de tomate,Conservas,1,SPAR-Vegueta
TCK-70956,BASK-956,2025-09-19 11:48:26,Patatas fritas bolsa,Snacks,2,SPAR-Vegueta
TCK-70956,BASK-956,2025-09-19 11:48:26,Tomates,Verduras,1,SPAR-Vegueta
TCK-70956,BASK-956,2025-09-19 11:48:26,Salsa mexicana,Salsas,3,SPAR-Vegueta
TCK-70956,BASK-956,2025-09-19 11:48:26,Arroz,Cereales,2,SPAR-Vegueta
TCK-70956,BASK-956,2025-09-19 11:48:26,Queso curado,Lácteos,3,SPAR-Vegueta
TCK-70956,BASK-956,2025-09-19 11:48:26,Helado de vainilla,Congelados,1,SPAR-Vegueta
TCK-70956,BASK-956,2025-09-19 11:48:26,Refresco cola,Bebidas,3,SPAR-Vegueta
TCK-70956,BASK-956,2025-09-19 11:48:26,Galletas,Dulces,2,SPAR-Vegueta
TCK-70956,BASK-956,2025-09-19 11:48:26,Pizza congelada,Congelados,3,SPAR-Vegueta
TCK-70957,BASK-957,2025-03-24 21:13:26,Pasta,Cereales,3,HiperDino-SietePalmas
TCK-70957,BASK-957,2025-03-24 21:13:26,Pechuga de pollo,Carnicería,2,HiperDino-SietePalmas
TCK-70957,BASK-957,2025-03-24 21:13:26,Carne picada,Carnicería,1,HiperDino-SietePalmas
TCK-70957,BASK-957,2025-03-24 21:13:26,Patatas fritas bolsa,Snacks,1,HiperDino-SietePalmas
TCK-70957,BASK-957,2025-03-24 21:13:26,Mermelada de fresa,Conservas,3,HiperDino-SietePalmas
TCK-70957,BASK-957,2025-03-24 21:13:26,Queso curado,Lácteos,3,HiperDino-SietePalmas
TCK-70957,BASK-957,2025-03-24 21:13:26,Galletas,Dulces,1,HiperDino-SietePalmas
TCK-70957,BASK-957,2025-03-24 21:13:26,ColaCao,Bebidas,1,HiperDino-SietePalmas
TCK-70958,BASK-958,2024-12-20 14:09:26,Patatas fritas bolsa,Snacks,3,Mercadona-Triana
TCK-70958,BASK-958,2024-12-20 14:09:26,Mermelada de fresa,Conservas,2,Mercadona-Triana
TCK-70958,BASK-958,2024-12-20 14:09:26,Aceite de oliva,Aceites,1,Mercadona-Triana
TCK-70958,BASK-958,2024-12-20 14:09:26,Salsa mexicana,Salsas,2,Mercadona-Triana
TCK-70958,BASK-958,2024-12-20 14:09:26,Arroz,Cereales,1,Mercadona-Triana
TCK-70958,BASK-958,2024-12-20 14:09:26,Helado de vainilla,Congelados,2,Mercadona-Triana
TCK-70958,BASK-958,2024-12-20 14:09:26,Guacamole refrigerado,Refrigerados,2,Mercadona-Triana
TCK-70958,BASK-958,2024-12-20 14:09:26,Galletas,Dulces,2,Mercadona-Triana
TCK-70959,BASK-959,2025-04-25 22:04:26,Pasta,Cereales,3,Mercadona-Triana
TCK-70959,BASK-959,2025-04-25 22:04:26,Aceite de oliva,Aceites,1,Mercadona-Triana
TCK-70959,BASK-959,2025-04-25 22:04:26,Salsa mexicana,Salsas,1,Mercadona-Triana
TCK-70959,BASK-959,2025-04-25 22:04:26,Pan de barra,Panadería,1,Mercadona-Triana
TCK-70959,BASK-959,2025-04-25 22:04:26,Nachos de maíz,Snacks,1,Mercadona-Triana
TCK-70959,BASK-959,2025-04-25 22:04:26,Refresco cola,Bebidas,1,Mercadona-Triana
TCK-70959,BASK-959,2025-04-25 22:04:26,Leche entera,Lácteos,3,Mercadona-Triana
TCK-70959,BASK-959,2025-04-25 22:04:26,ColaCao,Bebidas,1,Mercadona-Triana
TCK-70960,BASK-960,2025-02-04 15:09:26,Cereal de desayuno,Cereales,3,Mercadona-Triana
TCK-70960,BASK-960,2025-02-04 15:09:26,Pechuga de pollo,Carnicería,3,Mercadona-Triana
TCK-70960,BASK-960,2025-02-04 15:09:26,Aceite de oliva,Aceites,2,Mercadona-Triana
TCK-70960,BASK-960,2025-02-04 15:09:26,Mantequilla,Lácteos,3,Mercadona-Triana
TCK-70960,BASK-960,2025-02-04 15:09:26,Guacamole refrigerado,Refrigerados,2,Mercadona-Triana
TCK-70960,BASK-960,2025-02-04 15:09:26,Café molido,Bebidas,1,Mercadona-Triana
TCK-70961,BASK-961,2025-08-20 18:28:26,Cereal de desayuno,Cereales,1,SPAR-Telde
TCK-70961,BASK-961,2025-08-20 18:28:26,Pasta,Cereales,3,SPAR-Telde
TCK-70961,BASK-961,2025-08-20 18:28:26,Carne picada,Carnicería,2,SPAR-Telde
TCK-70961,BASK-961,2025-08-20 18:28:26,Pan de hamburguesa,Panadería,3,SPAR-Telde
TCK-70961,BASK-961,2025-08-20 18:28:26,Leche entera,Lácteos,2,SPAR-Telde
TCK-70961,BASK-961,2025-08-20 18:28:26,Pan de molde,Panadería,3,SPAR-Telde
TCK-70962,BASK-962,2024-12-19 17:12:26,Pan de hamburguesa,Panadería,1,SPAR-Vegueta
TCK-70962,BASK-962,2024-12-19 17:12:26,Lechuga,Verduras,1,SPAR-Vegueta
TCK-70962,BASK-962,2024-12-19 17:12:26,Queso curado,Lácteos,2,SPAR-Vegueta
TCK-70962,BASK-962,2024-12-19 17:12:26,Huevos,Lácteos,1,SPAR-Vegueta
TCK-70962,BASK-962,2024-12-19 17:12:26,Café molido,Bebidas,2,SPAR-Vegueta
TCK-70962,BASK-962,2024-12-19 17:12:26,Refresco cola,Bebidas,2,SPAR-Vegueta
TCK-70962,BASK-962,2024-12-19 17:12:26,Leche entera,Lácteos,3,SPAR-Vegueta
TCK-70962,BASK-962,2024-12-19 17:12:26,Cerveza,Bebidas,2,SPAR-Vegueta
TCK-70962,BASK-962,2024-12-19 17:12:26,Pañales,Bebé,2,SPAR-Vegueta
TCK-70962,BASK-962,2024-12-19 17:12:26,Pizza congelada,Congelados,3,SPAR-Vegueta
TCK-70963,BASK-963,2024-12-17 13:38:26,Salsa mexicana,Salsas,2,Mercadona-Triana
TCK-70963,BASK-963,2024-12-17 13:38:26,Huevos,Lácteos,1,Mercadona-Triana
TCK-70963,BASK-963,2024-12-17 13:38:26,Refresco cola,Bebidas,2,Mercadona-Triana
TCK-70963,BASK-963,2024-12-17 13:38:26,Pizza congelada,Congelados,3,Mercadona-Triana
TCK-70964,BASK-964,2025-09-09 13:03:26,Pasta,Cereales,2,SPAR-Telde
TCK-70964,BASK-964,2025-09-09 13:03:26,Salsa de tomate,Conservas,3,SPAR-Telde
TCK-70964,BASK-964,2025-09-09 13:03:26,Yogur natural,Lácteos,3,SPAR-Telde
TCK-70964,BASK-964,2025-09-09 13:03:26,Arroz,Cereales,3,SPAR-Telde
TCK-70964,BASK-964,2025-09-09 13:03:26,Mantequilla,Lácteos,2,SPAR-Telde
TCK-70964,BASK-964,2025-09-09 13:03:26,Vino tinto,Bebidas,2,SPAR-Telde
TCK-70964,BASK-964,2025-09-09 13:03:26,Pizza congelada,Congelados,1,SPAR-Telde
TCK-70965,BASK-965,2025-07-30 00:18:26,Cereal de desayuno,Cereales,2,SPAR-Telde
TCK-70965,BASK-965,2025-07-30 00:18:26,Pechuga de pollo,Carnicería,1,SPAR-Telde
TCK-70965,BASK-965,2025-07-30 00:18:26,Pan de hamburguesa,Panadería,3,SPAR-Telde
TCK-70965,BASK-965,2025-07-30 00:18:26,Tomates,Verduras,2,SPAR-Telde
TCK-70965,BASK-965,2025-07-30 00:18:26,Pan de barra,Panadería,2,SPAR-Telde
TCK-70965,BASK-965,2025-07-30 00:18:26,Mantequilla,Lácteos,1,SPAR-Telde
TCK-70965,BASK-965,2025-07-30 00:18:26,Refresco cola,Bebidas,1,SPAR-Telde
TCK-70965,BASK-965,2025-07-30 00:18:26,Pizza congelada,Congelados,3,SPAR-Telde
TCK-70966,BASK-966,2025-11-13 21:28:26,Manzanas,Frutas,3,SPAR-Telde
TCK-70966,BASK-966,2025-11-13 21:28:26,Aceite de oliva,Aceites,2,SPAR-Telde
TCK-70966,BASK-966,2025-11-13 21:28:26,Lechuga,Verduras,3,SPAR-Telde
TCK-70966,BASK-966,2025-11-13 21:28:26,Huevos,Lácteos,3,SPAR-Telde
TCK-70966,BASK-966,2025-11-13 21:28:26,Galletas,Dulces,1,SPAR-Telde
TCK-70966,BASK-966,2025-11-13 21:28:26,ColaCao,Bebidas,1,SPAR-Telde
TCK-70966,BASK-966,2025-11-13 21:28:26,Pañales,Bebé,1,SPAR-Telde
TCK-70967,BASK-967,2025-11-11 20:44:26,Cereal de desayuno,Cereales,1,SPAR-Vegueta
TCK-70967,BASK-967,2025-11-11 20:44:26,Carne picada,Carnicería,1,SPAR-Vegueta
TCK-70967,BASK-967,2025-11-11 20:44:26,Salsa de tomate,Conservas,1,SPAR-Vegueta
TCK-70967,BASK-967,2025-11-11 20:44:26,Mermelada de fresa,Conservas,1,SPAR-Vegueta
TCK-70967,BASK-967,2025-11-11 20:44:26,Huevos,Lácteos,2,SPAR-Vegueta
TCK-70968,BASK-968,2025-08-15 14:12:26,Pan de molde,Panadería,3,Mercadona-Triana
TCK-70968,BASK-968,2025-08-15 14:12:26,Mantequilla,Lácteos,1,Mercadona-Triana
TCK-70968,BASK-968,2025-08-15 14:12:26,Pizza congelada,Congelados,2,Mercadona-Triana
TCK-70969,BASK-969,2025-02-04 20:01:26,Pasta,Cereales,2,Mercadona-Triana
TCK-70969,BASK-969,2025-02-04 20:01:26,Manzanas,Frutas,1,Mercadona-Triana
TCK-70969,BASK-969,2025-02-04 20:01:26,Plátanos,Frutas,2,Mercadona-Triana
TCK-70969,BASK-969,2025-02-04 20:01:26,Mermelada de fresa,Conservas,1,Mercadona-Triana
TCK-70969,BASK-969,2025-02-04 20:01:26,Queso curado,Lácteos,2,Mercadona-Triana
TCK-70969,BASK-969,2025-02-04 20:01:26,Mantequilla,Lácteos,3,Mercadona-Triana
TCK-70969,BASK-969,2025-02-04 20:01:26,ColaCao,Bebidas,1,Mercadona-Triana
TCK-70970,BASK-970,2025-05-17 21:31:26,Pasta,Cereales,2,Mercadona-Triana
TCK-70970,BASK-970,2025-05-17 21:31:26,Salsa de tomate,Conservas,1,Mercadona-Triana
TCK-70970,BASK-970,2025-05-17 21:31:26,Aceite de oliva,Aceites,2,Mercadona-Triana
TCK-70970,BASK-970,2025-05-17 21:31:26,Arroz,Cereales,2,Mercadona-Triana
TCK-70970,BASK-970,2025-05-17 21:31:26,Galletas,Dulces,2,Mercadona-Triana
TCK-70971,BASK-971,2024-12-01 19:12:26,Pasta,Cereales,2,SPAR-Telde
TCK-70971,BASK-971,2024-12-01 19:12:26,Carne picada,Carnicería,1,SPAR-Telde
TCK-70971,BASK-971,2024-12-01 19:12:26,Salsa de tomate,Conservas,1,SPAR-Telde
TCK-70971,BASK-971,2024-12-01 19:12:26,Patatas fritas bolsa,Snacks,1,SPAR-Telde
TCK-70971,BASK-971,2024-12-01 19:12:26,Aceite de oliva,Aceites,1,SPAR-Telde
TCK-70971,BASK-971,2024-12-01 19:12:26,Pan de molde,Panadería,3,SPAR-Telde
TCK-70972,BASK-972,2025-08-09 12:15:26,Salsa mexicana,Salsas,1,SPAR-Vegueta
TCK-70972,BASK-972,2025-08-09 12:15:26,Carne picada,Carnicería,3,SPAR-Vegueta
TCK-70972,BASK-972,2025-08-09 12:15:26,Huevos,Lácteos,3,SPAR-Vegueta
TCK-70972,BASK-972,2025-08-09 12:15:26,Pizza congelada,Congelados,2,SPAR-Vegueta
TCK-70973,BASK-973,2025-02-01 12:08:26,Pasta,Cereales,1,Mercadona-Triana
TCK-70973,BASK-973,2025-02-01 12:08:26,Pan de hamburguesa,Panadería,2,Mercadona-Triana
TCK-70973,BASK-973,2025-02-01 12:08:26,Yogur natural,Lácteos,3,Mercadona-Triana
TCK-70973,BASK-973,2025-02-01 12:08:26,Café molido,Bebidas,1,Mercadona-Triana
TCK-70973,BASK-973,2025-02-01 12:08:26,Galletas,Dulces,3,Mercadona-Triana
TCK-70974,BASK-974,2024-12-07 19:17:26,Patatas fritas bolsa,Snacks,3,Mercadona-Triana
TCK-70974,BASK-974,2024-12-07 19:17:26,Tomates,Verduras,1,Mercadona-Triana
TCK-70974,BASK-974,2024-12-07 19:17:26,Guacamole refrigerado,Refrigerados,3,Mercadona-Triana
TCK-70974,BASK-974,2024-12-07 19:17:26,Refresco cola,Bebidas,3,Mercadona-Triana
TCK-70974,BASK-974,2024-12-07 19:17:26,Café molido,Bebidas,2,Mercadona-Triana
TCK-70974,BASK-974,2024-12-07 19:17:26,ColaCao,Bebidas,3,Mercadona-Triana
TCK-70975,BASK-975,2025-09-14 15:06:26,Carne picada,Carnicería,2,SPAR-Telde
TCK-70975,BASK-975,2025-09-14 15:06:26,Pan de barra,Panadería,1,SPAR-Telde
TCK-70975,BASK-975,2025-09-14 15:06:26,Mantequilla,Lácteos,3,SPAR-Telde
TCK-70975,BASK-975,2025-09-14 15:06:26,Café molido,Bebidas,2,SPAR-Telde
TCK-70975,BASK-975,2025-09-14 15:06:26,Galletas,Dulces,1,SPAR-Telde
TCK-70976,BASK-976,2025-10-30 00:07:26,Plátanos,Frutas,1,SPAR-Telde
TCK-70976,BASK-976,2025-10-30 00:07:26,Mermelada de fresa,Conservas,2,SPAR-Telde
TCK-70976,BASK-976,2025-10-30 00:07:26,Tomates,Verduras,1,SPAR-Telde
TCK-70976,BASK-976,2025-10-30 00:07:26,Mantequilla,Lácteos,2,SPAR-Telde
TCK-70976,BASK-976,2025-10-30 00:07:26,Nachos de maíz,Snacks,3,SPAR-Telde
TCK-70976,BASK-976,2025-10-30 00:07:26,Café molido,Bebidas,1,SPAR-Telde
TCK-70976,BASK-976,2025-10-30 00:07:26,Guacamole refrigerado,Refrigerados,2,SPAR-Telde
TCK-70976,BASK-976,2025-10-30 00:07:26,Refresco cola,Bebidas,1,SPAR-Telde
TCK-70977,BASK-977,2025-07-31 19:30:26,Salsa de tomate,Conservas,1,Mercadona-Triana
TCK-70977,BASK-977,2025-07-31 19:30:26,Helado de vainilla,Congelados,2,Mercadona-Triana
TCK-70977,BASK-977,2025-07-31 19:30:26,Guacamole refrigerado,Refrigerados,2,Mercadona-Triana
TCK-70977,BASK-977,2025-07-31 19:30:26,Leche entera,Lácteos,1,Mercadona-Triana
TCK-70977,BASK-977,2025-07-31 19:30:26,ColaCao,Bebidas,1,Mercadona-Triana
TCK-70977,BASK-977,2025-07-31 19:30:26,Pizza congelada,Congelados,1,Mercadona-Triana
TCK-70978,BASK-978,2025-10-09 15:12:26,Pasta,Cereales,2,Mercadona-Triana
TCK-70978,BASK-978,2025-10-09 15:12:26,Cereal de desayuno,Cereales,1,Mercadona-Triana
TCK-70978,BASK-978,2025-10-09 15:12:26,Carne picada,Carnicería,1,Mercadona-Triana
TCK-70978,BASK-978,2025-10-09 15:12:26,Salsa de tomate,Conservas,1,Mercadona-Triana
TCK-70978,BASK-978,2025-10-09 15:12:26,Tomates,Verduras,3,Mercadona-Triana
TCK-70978,BASK-978,2025-10-09 15:12:26,Aceite de oliva,Aceites,3,Mercadona-Triana
TCK-70978,BASK-978,2025-10-09 15:12:26,Salsa mexicana,Salsas,1,Mercadona-Triana
TCK-70978,BASK-978,2025-10-09 15:12:26,Helado de vainilla,Congelados,1,Mercadona-Triana
TCK-70978,BASK-978,2025-10-09 15:12:26,Café molido,Bebidas,2,Mercadona-Triana
TCK-70978,BASK-978,2025-10-09 15:12:26,Pañales,Bebé,2,Mercadona-Triana
TCK-70979,BASK-979,2025-02-04 23:28:26,Patatas fritas bolsa,Snacks,1,SPAR-Telde
TCK-70979,BASK-979,2025-02-04 23:28:26,Aceite de oliva,Aceites,3,SPAR-Telde
TCK-70979,BASK-979,2025-02-04 23:28:26,Arroz,Cereales,2,SPAR-Telde
TCK-70979,BASK-979,2025-02-04 23:28:26,Café molido,Bebidas,2,SPAR-Telde
TCK-70979,BASK-979,2025-02-04 23:28:26,Refresco cola,Bebidas,3,SPAR-Telde
TCK-70980,BASK-980,2025-11-18 17:12:26,Cereal de desayuno,Cereales,3,SPAR-Telde
TCK-70980,BASK-980,2025-11-18 17:12:26,Patatas fritas bolsa,Snacks,2,SPAR-Telde
TCK-70980,BASK-980,2025-11-18 17:12:26,Nachos de maíz,Snacks,1,SPAR-Telde
TCK-70980,BASK-980,2025-11-18 17:12:26,Guacamole refrigerado,Refrigerados,2,SPAR-Telde
TCK-70980,BASK-980,2025-11-18 17:12:26,Refresco cola,Bebidas,2,SPAR-Telde
TCK-70980,BASK-980,2025-11-18 17:12:26,Vino tinto,Bebidas,2,SPAR-Telde
TCK-70981,BASK-981,2025-03-21 14:43:26,Pasta,Cereales,2,SPAR-Telde
TCK-70981,BASK-981,2025-03-21 14:43:26,Manzanas,Frutas,1,SPAR-Telde
TCK-70981,BASK-981,2025-03-21 14:43:26,Carne picada,Carnicería,2,SPAR-Telde
TCK-70981,BASK-981,2025-03-21 14:43:26,Patatas fritas bolsa,Snacks,1,SPAR-Telde
TCK-70981,BASK-981,2025-03-21 14:43:26,Plátanos,Frutas,3,SPAR-Telde
TCK-70981,BASK-981,2025-03-21 14:43:26,Pan de hamburguesa,Panadería,1,SPAR-Telde
TCK-70981,BASK-981,2025-03-21 14:43:26,Nachos de maíz,Snacks,1,SPAR-Telde
TCK-70981,BASK-981,2025-03-21 14:43:26,Guacamole refrigerado,Refrigerados,2,SPAR-Telde
TCK-70981,BASK-981,2025-03-21 14:43:26,Refresco cola,Bebidas,2,SPAR-Telde
TCK-70981,BASK-981,2025-03-21 14:43:26,Vino tinto,Bebidas,3,SPAR-Telde
TCK-70982,BASK-982,2025-04-09 13:55:26,Pechuga de pollo,Carnicería,1,HiperDino-SietePalmas
TCK-70982,BASK-982,2025-04-09 13:55:26,Pan de hamburguesa,Panadería,1,HiperDino-SietePalmas
TCK-70982,BASK-982,2025-04-09 13:55:26,Salsa de tomate,Conservas,1,HiperDino-SietePalmas
TCK-70982,BASK-982,2025-04-09 13:55:26,Patatas fritas bolsa,Snacks,2,HiperDino-SietePalmas
TCK-70982,BASK-982,2025-04-09 13:55:26,Mermelada de fresa,Conservas,1,HiperDino-SietePalmas
TCK-70982,BASK-982,2025-04-09 13:55:26,Aceite de oliva,Aceites,3,HiperDino-SietePalmas
TCK-70982,BASK-982,2025-04-09 13:55:26,Yogur natural,Lácteos,1,HiperDino-SietePalmas
TCK-70982,BASK-982,2025-04-09 13:55:26,Queso curado,Lácteos,3,HiperDino-SietePalmas
TCK-70982,BASK-982,2025-04-09 13:55:26,Nachos de maíz,Snacks,1,HiperDino-SietePalmas
TCK-70982,BASK-982,2025-04-09 13:55:26,Vino tinto,Bebidas,3,HiperDino-SietePalmas
TCK-70983,BASK-983,2025-05-29 20:41:26,Patatas fritas bolsa,Snacks,2,HiperDino-SietePalmas
TCK-70983,BASK-983,2025-05-29 20:41:26,Tomates,Verduras,3,HiperDino-SietePalmas
TCK-70983,BASK-983,2025-05-29 20:41:26,Arroz,Cereales,1,HiperDino-SietePalmas
TCK-70983,BASK-983,2025-05-29 20:41:26,Mantequilla,Lácteos,1,HiperDino-SietePalmas
TCK-70983,BASK-983,2025-05-29 20:41:26,Queso curado,Lácteos,2,HiperDino-SietePalmas
TCK-70983,BASK-983,2025-05-29 20:41:26,Huevos,Lácteos,2,HiperDino-SietePalmas
TCK-70983,BASK-983,2025-05-29 20:41:26,Vino tinto,Bebidas,1,HiperDino-SietePalmas
TCK-70984,BASK-984,2025-11-20 18:12:26,Manzanas,Frutas,2,SPAR-Vegueta
TCK-70984,BASK-984,2025-11-20 18:12:26,Plátanos,Frutas,2,SPAR-Vegueta
TCK-70984,BASK-984,2025-11-20 18:12:26,Patatas fritas bolsa,Snacks,1,SPAR-Vegueta
TCK-70984,BASK-984,2025-11-20 18:12:26,Yogur natural,Lácteos,3,SPAR-Vegueta
TCK-70984,BASK-984,2025-11-20 18:12:26,Mantequilla,Lácteos,2,SPAR-Vegueta
TCK-70984,BASK-984,2025-11-20 18:12:26,Pañales,Bebé,3,SPAR-Vegueta
TCK-70984,BASK-984,2025-11-20 18:12:26,Cerveza,Bebidas,3,SPAR-Vegueta
TCK-70985,BASK-985,2025-04-08 23:01:26,Pasta,Cereales,3,SPAR-Vegueta
TCK-70985,BASK-985,2025-04-08 23:01:26,Huevos,Lácteos,1,SPAR-Vegueta
TCK-70985,BASK-985,2025-04-08 23:01:26,Queso curado,Lácteos,1,SPAR-Vegueta
TCK-70986,BASK-986,2025-01-20 12:19:26,Manzanas,Frutas,1,SPAR-Vegueta
TCK-70986,BASK-986,2025-01-20 12:19:26,Plátanos,Frutas,2,SPAR-Vegueta
TCK-70986,BASK-986,2025-01-20 12:19:26,Salsa mexicana,Salsas,2,SPAR-Vegueta
TCK-70986,BASK-986,2025-01-20 12:19:26,Yogur natural,Lácteos,3,SPAR-Vegueta
TCK-70986,BASK-986,2025-01-20 12:19:26,Guacamole refrigerado,Refrigerados,3,SPAR-Vegueta
TCK-70986,BASK-986,2025-01-20 12:19:26,Pañales,Bebé,2,SPAR-Vegueta
TCK-70987,BASK-987,2025-01-04 19:52:26,Lechuga,Verduras,1,Mercadona-Triana
TCK-70987,BASK-987,2025-01-04 19:52:26,Carne picada,Carnicería,3,Mercadona-Triana
TCK-70987,BASK-987,2025-01-04 19:52:26,Pan de hamburguesa,Panadería,1,Mercadona-Triana
TCK-70987,BASK-987,2025-01-04 19:52:26,Tomates,Verduras,1,Mercadona-Triana
TCK-70988,BASK-988,2025-05-05 22:21:26,Cereal de desayuno,Cereales,2,SPAR-Vegueta
TCK-70988,BASK-988,2025-05-05 22:21:26,Pasta,Cereales,1,SPAR-Vegueta
TCK-70988,BASK-988,2025-05-05 22:21:26,Salsa mexicana,Salsas,2,SPAR-Vegueta
TCK-70988,BASK-988,2025-05-05 22:21:26,Yogur natural,Lácteos,3,SPAR-Vegueta
TCK-70988,BASK-988,2025-05-05 22:21:26,Pan de barra,Panadería,2,SPAR-Vegueta
TCK-70988,BASK-988,2025-05-05 22:21:26,Huevos,Lácteos,3,SPAR-Vegueta
TCK-70988,BASK-988,2025-05-05 22:21:26,Leche entera,Lácteos,2,SPAR-Vegueta
TCK-70988,BASK-988,2025-05-05 22:21:26,ColaCao,Bebidas,1,SPAR-Vegueta
TCK-70988,BASK-988,2025-05-05 22:21:26,Pizza congelada,Congelados,3,SPAR-Vegueta
TCK-70989,BASK-989,2025-05-10 17:14:26,Lechuga,Verduras,3,Mercadona-Triana
TCK-70989,BASK-989,2025-05-10 17:14:26,Carne picada,Carnicería,2,Mercadona-Triana
TCK-70989,BASK-989,2025-05-10 17:14:26,Pan de hamburguesa,Panadería,1,Mercadona-Triana
TCK-70989,BASK-989,2025-05-10 17:14:26,Refresco cola,Bebidas,3,Mercadona-Triana
TCK-70990,BASK-990,2025-06-18 17:20:26,Pan de hamburguesa,Panadería,2,Mercadona-Triana
TCK-70990,BASK-990,2025-06-18 17:20:26,Patatas fritas bolsa,Snacks,3,Mercadona-Triana
TCK-70990,BASK-990,2025-06-18 17:20:26,Plátanos,Frutas,1,Mercadona-Triana
TCK-70990,BASK-990,2025-06-18 17:20:26,Helado de vainilla,Congelados,2,Mercadona-Triana
TCK-70990,BASK-990,2025-06-18 17:20:26,Guacamole refrigerado,Refrigerados,1,Mercadona-Triana
TCK-70990,BASK-990,2025-06-18 17:20:26,Galletas,Dulces,1,Mercadona-Triana
TCK-70990,BASK-990,2025-06-18 17:20:26,Pan de molde,Panadería,1,Mercadona-Triana
TCK-70990,BASK-990,2025-06-18 17:20:26,ColaCao,Bebidas,1,Mercadona-Triana
TCK-70991,BASK-991,2025-07-31 11:54:26,Yogur natural,Lácteos,3,HiperDino-SietePalmas
TCK-70991,BASK-991,2025-07-31 11:54:26,Pan de barra,Panadería,3,HiperDino-SietePalmas
TCK-70991,BASK-991,2025-07-31 11:54:26,ColaCao,Bebidas,2,HiperDino-SietePalmas
TCK-70992,BASK-992,2025-08-06 21:19:26,Patatas fritas bolsa,Snacks,1,SPAR-Vegueta
TCK-70992,BASK-992,2025-08-06 21:19:26,Salsa mexicana,Salsas,3,SPAR-Vegueta
TCK-70992,BASK-992,2025-08-06 21:19:26,Helado de vainilla,Congelados,2,SPAR-Vegueta
TCK-70992,BASK-992,2025-08-06 21:19:26,Refresco cola,Bebidas,1,SPAR-Vegueta
TCK-70992,BASK-992,2025-08-06 21:19:26,Pañales,Bebé,3,SPAR-Vegueta
TCK-70993,BASK-993,2025-01-10 18:44:26,Pasta,Cereales,2,SPAR-Telde
TCK-70993,BASK-993,2025-01-10 18:44:26,Pechuga de pollo,Carnicería,1,SPAR-Telde
TCK-70993,BASK-993,2025-01-10 18:44:26,Salsa de tomate,Conservas,1,SPAR-Telde
TCK-70993,BASK-993,2025-01-10 18:44:26,Patatas fritas bolsa,Snacks,1,SPAR-Telde
TCK-70993,BASK-993,2025-01-10 18:44:26,Mermelada de fresa,Conservas,1,SPAR-Telde
TCK-70993,BASK-993,2025-01-10 18:44:26,Aceite de oliva,Aceites,3,SPAR-Telde
TCK-70993,BASK-993,2025-01-10 18:44:26,Queso curado,Lácteos,1,SPAR-Telde
TCK-70993,BASK-993,2025-01-10 18:44:26,Huevos,Lácteos,3,SPAR-Telde
TCK-70993,BASK-993,2025-01-10 18:44:26,Vino tinto,Bebidas,2,SPAR-Telde
TCK-70993,BASK-993,2025-01-10 18:44:26,Pizza congelada,Congelados,1,SPAR-Telde
TCK-70994,BASK-994,2025-10-27 17:21:26,Pechuga de pollo,Carnicería,3,SPAR-Vegueta
TCK-70994,BASK-994,2025-10-27 17:21:26,Carne picada,Carnicería,1,SPAR-Vegueta
TCK-70994,BASK-994,2025-10-27 17:21:26,Salsa de tomate,Conservas,2,SPAR-Vegueta
TCK-70994,BASK-994,2025-10-27 17:21:26,Plátanos,Frutas,1,SPAR-Vegueta
TCK-70994,BASK-994,2025-10-27 17:21:26,Salsa mexicana,Salsas,3,SPAR-Vegueta
TCK-70994,BASK-994,2025-10-27 17:21:26,Arroz,Cereales,1,SPAR-Vegueta
TCK-70995,BASK-995,2025-05-24 21:18:26,Pasta,Cereales,2,SPAR-Vegueta
TCK-70995,BASK-995,2025-05-24 21:18:26,Cereal de desayuno,Cereales,2,SPAR-Vegueta
TCK-70995,BASK-995,2025-05-24 21:18:26,Patatas fritas bolsa,Snacks,2,SPAR-Vegueta
TCK-70995,BASK-995,2025-05-24 21:18:26,Salsa de tomate,Conservas,3,SPAR-Vegueta
TCK-70995,BASK-995,2025-05-24 21:18:26,Tomates,Verduras,1,SPAR-Vegueta
TCK-70995,BASK-995,2025-05-24 21:18:26,Leche entera,Lácteos,2,SPAR-Vegueta
TCK-70995,BASK-995,2025-05-24 21:18:26,ColaCao,Bebidas,1,SPAR-Vegueta
TCK-70995,BASK-995,2025-05-24 21:18:26,Cerveza,Bebidas,3,SPAR-Vegueta
TCK-70996,BASK-996,2025-01-30 11:27:26,Cereal de desayuno,Cereales,1,Mercadona-Triana
TCK-70996,BASK-996,2025-01-30 11:27:26,Manzanas,Frutas,3,Mercadona-Triana
TCK-70996,BASK-996,2025-01-30 11:27:26,Pasta,Cereales,3,Mercadona-Triana
TCK-70996,BASK-996,2025-01-30 11:27:26,Arroz,Cereales,2,Mercadona-Triana
TCK-70996,BASK-996,2025-01-30 11:27:26,Café molido,Bebidas,1,Mercadona-Triana
TCK-70996,BASK-996,2025-01-30 11:27:26,Leche entera,Lácteos,1,Mercadona-Triana
TCK-70996,BASK-996,2025-01-30 11:27:26,Pañales,Bebé,3,Mercadona-Triana
TCK-70997,BASK-997,2025-01-10 18:06:26,Salsa mexicana,Salsas,1,SPAR-Vegueta
TCK-70997,BASK-997,2025-01-10 18:06:26,Salsa de tomate,Conservas,1,SPAR-Vegueta
TCK-70997,BASK-997,2025-01-10 18:06:26,Aceite de oliva,Aceites,2,SPAR-Vegueta
TCK-70998,BASK-998,2025-05-22 19:03:26,Lechuga,Verduras,3,HiperDino-SietePalmas
TCK-70998,BASK-998,2025-05-22 19:03:26,Salsa mexicana,Salsas,3,HiperDino-SietePalmas
TCK-70998,BASK-998,2025-05-22 19:03:26,Yogur natural,Lácteos,1,HiperDino-SietePalmas
TCK-70998,BASK-998,2025-05-22 19:03:26,Pan de barra,Panadería,1,HiperDino-SietePalmas
TCK-70998,BASK-998,2025-05-22 19:03:26,Queso curado,Lácteos,2,HiperDino-SietePalmas
TCK-70998,BASK-998,2025-05-22 19:03:26,Leche entera,Lácteos,3,HiperDino-SietePalmas
TCK-70998,BASK-998,2025-05-22 19:03:26,Cerveza,Bebidas,2,HiperDino-SietePalmas
TCK-70999,BASK-999,2025-10-27 18:19:26,Pechuga de pollo,Carnicería,3,Mercadona-Triana
TCK-70999,BASK-999,2025-10-27 18:19:26,Tomates,Verduras,3,Mercadona-Triana
TCK-70999,BASK-999,2025-10-27 18:19:26,Aceite de oliva,Aceites,2,Mercadona-Triana
TCK-70999,BASK-999,2025-10-27 18:19:26,Helado de vainilla,Congelados,3,Mercadona-Triana
TCK-70999,BASK-999,2025-10-27 18:19:26,Huevos,Lácteos,3,Mercadona-Triana
TCK-70999,BASK-999,2025-10-27 18:19:26,Guacamole refrigerado,Refrigerados,3,Mercadona-Triana
